sku_id,base_price,offered_price,unit_cost_cogs,units_demanded,promo_discount_active
SKU-3000,57.45,48.26,25.85,1,1
SKU-3001,115.07,96.66,51.78,1,1
SKU-3002,93.2,111.84,41.94,1,0
SKU-3003,79.87,67.09,35.94,1,1
SKU-3004,35.6,30.26,16.02,3,1
SKU-3005,35.6,39.87,16.02,1,0
SKU-3006,25.81,24.52,11.61,2,0
SKU-3007,106.62,120.48,47.98,1,0
SKU-3008,80.11,59.28,36.05,1,1
SKU-3009,90.81,88.09,40.86,1,0
SKU-3010,22.06,15.88,9.93,9,1
SKU-3011,116.99,85.4,52.65,1,1
SKU-3012,103.24,123.89,46.46,1,0
SKU-3013,41.23,32.16,18.55,3,1
SKU-3014,38.18,37.8,17.18,1,0
SKU-3015,38.34,35.66,17.25,1,0
SKU-3016,50.42,44.87,22.69,1,1
SKU-3017,72.48,86.25,32.62,1,0
SKU-3018,63.19,44.86,28.44,1,1
SKU-3019,49.12,52.56,22.1,1,0
SKU-3020,81.19,99.86,36.54,1,0
SKU-3021,33.95,34.29,15.28,1,0
SKU-3022,49.21,60.04,22.14,1,0
SKU-3023,56.64,41.35,25.49,2,1
SKU-3024,65.61,61.02,29.52,1,0
SKU-3025,98.52,82.76,44.33,1,1
SKU-3026,39.97,43.97,17.99,1,0
SKU-3027,71.42,88.56,32.14,1,0
SKU-3028,79.24,66.56,35.66,1,1
SKU-3029,24.65,26.13,11.09,3,0
SKU-3030,80.75,65.41,36.34,1,1
SKU-3031,37.05,37.42,16.67,2,0
SKU-3032,26.51,25.45,11.93,2,0
SKU-3033,114.89,141.31,51.7,1,0
SKU-3034,116.56,120.06,52.45,1,0
SKU-3035,100.84,89.75,45.38,1,1
SKU-3036,50.46,38.35,22.71,1,1
SKU-3037,29.77,23.22,13.4,3,1
SKU-3038,88.42,72.5,39.79,1,1
SKU-3039,64.02,53.78,28.81,1,1
SKU-3040,32.2,37.67,14.49,1,0
SKU-3041,69.52,70.22,31.28,1,0
SKU-3042,23.44,23.21,10.55,3,0
SKU-3043,110.93,84.31,49.92,1,1
SKU-3044,45.88,53.68,20.65,1,0
SKU-3045,86.25,94.88,38.81,1,0
SKU-3046,51.17,37.87,23.03,1,1
SKU-3047,72.01,78.49,32.4,1,0
SKU-3048,74.67,74.67,33.6,1,0
SKU-3049,38.49,28.48,17.32,4,1
SKU-3050,116.96,111.11,52.63,1,0
SKU-3051,97.51,94.58,43.88,1,0
SKU-3052,113.95,90.02,51.28,1,1
SKU-3053,109.48,133.57,49.27,1,0
SKU-3054,79.79,93.35,35.91,1,0
SKU-3055,112.19,120.04,50.49,1,0
SKU-3056,28.85,27.41,12.98,3,0
SKU-3057,39.6,36.83,17.82,2,0
SKU-3058,24.52,25.99,11.03,2,0
SKU-3059,52.53,52.53,23.64,1,0
SKU-3060,58.87,42.98,26.49,1,1
SKU-3061,47.13,46.19,21.21,1,0
SKU-3062,102.87,117.27,46.29,1,0
SKU-3063,55.68,52.9,25.06,1,0
SKU-3064,48.09,35.11,21.64,3,1
SKU-3065,74.27,83.93,33.42,1,0
SKU-3066,34.09,27.61,15.34,3,1
SKU-3067,100.22,84.18,45.1,1,1
SKU-3068,27.46,21.69,12.36,5,1
SKU-3069,118.69,104.45,53.41,1,1
SKU-3070,97.22,108.89,43.75,1,0
SKU-3071,39.87,39.47,17.94,1,0
SKU-3072,20.55,16.65,9.25,8,1
SKU-3073,101.55,119.83,45.7,1,0
SKU-3074,90.69,107.01,40.81,1,0
SKU-3075,92.9,109.62,41.81,1,0
SKU-3076,97.13,80.62,43.71,1,1
SKU-3077,27.4,26.03,12.33,3,0
SKU-3078,55.85,69.25,25.13,1,0
SKU-3079,31.59,35.38,14.22,1,0
SKU-3080,106.31,75.48,47.84,1,1
SKU-3081,82.33,60.92,37.05,1,1
SKU-3082,53.09,50.97,23.89,1,0
SKU-3083,26.36,31.63,11.86,3,0
SKU-3084,51.1,51.1,23.0,1,0
SKU-3085,52.52,50.94,23.63,1,0
SKU-3086,92.96,70.65,41.83,1,1
SKU-3087,83.76,88.79,37.69,1,0
SKU-3088,108.72,125.03,48.92,1,0
SKU-3089,67.22,61.17,30.25,1,0
SKU-3090,31.96,36.11,14.38,1,0
SKU-3091,91.32,112.32,41.09,1,0
SKU-3092,96.08,77.82,43.24,1,1
SKU-3093,76.13,75.37,34.26,1,0
SKU-3094,97.1,83.51,43.7,1,1
SKU-3095,69.38,79.09,31.22,1,0
SKU-3096,72.27,73.72,32.52,1,0
SKU-3097,62.75,65.89,28.24,1,0
SKU-3098,22.54,25.7,10.14,2,0
SKU-3099,30.79,28.33,13.86,2,0
SKU-3100,23.14,27.77,10.41,3,0
SKU-3101,83.64,82.8,37.64,1,0
SKU-3102,51.44,40.64,23.15,1,1
SKU-3103,70.86,76.53,31.89,1,0
SKU-3104,110.76,126.27,49.84,1,0
SKU-3105,44.93,39.09,20.22,2,1
SKU-3106,61.04,71.42,27.47,1,0
SKU-3107,95.56,114.67,43.0,1,0
SKU-3108,42.88,36.45,19.3,2,1
SKU-3109,27.7,34.35,12.46,1,0
SKU-3110,48.98,38.2,22.04,2,1
SKU-3111,36.12,29.26,16.25,3,1
SKU-3112,112.97,90.38,50.84,1,1
SKU-3113,100.81,119.96,45.36,1,0
SKU-3114,83.34,88.34,37.5,1,0
SKU-3115,107.15,83.58,48.22,1,1
SKU-3116,100.37,94.35,45.17,1,0
SKU-3117,38.66,40.21,17.4,1,0
SKU-3118,109.26,81.94,49.17,1,1
SKU-3119,73.93,87.98,33.27,1,0
SKU-3120,100.74,114.84,45.33,1,0
SKU-3121,109.61,107.42,49.32,1,0
SKU-3122,51.8,63.71,23.31,1,0
SKU-3123,31.01,28.84,13.95,2,0
SKU-3124,42.79,53.06,19.26,1,0
SKU-3125,62.71,67.1,28.22,1,0
SKU-3126,101.8,106.89,45.81,1,0
SKU-3127,106.07,83.8,47.73,1,1
SKU-3128,20.7,24.63,9.32,3,0
SKU-3129,71.07,66.81,31.98,1,0
SKU-3130,61.74,48.77,27.78,1,1
SKU-3131,42.21,29.97,18.99,3,1
SKU-3132,31.99,32.31,14.4,2,0
SKU-3133,53.76,53.22,24.19,1,0
SKU-3134,114.29,125.72,51.43,1,0
SKU-3135,52.32,62.26,23.54,1,0
SKU-3136,71.88,53.19,32.35,1,1
SKU-3137,90.3,99.33,40.64,1,0
SKU-3138,56.36,45.09,25.36,2,1
SKU-3139,117.18,137.1,52.73,1,0
SKU-3140,116.24,133.68,52.31,1,0
SKU-3141,45.18,45.18,20.33,1,0
SKU-3142,69.72,75.99,31.37,1,0
SKU-3143,50.09,43.58,22.54,1,1
SKU-3144,48.48,46.54,21.82,1,0
SKU-3145,23.69,27.24,10.66,2,0
SKU-3146,80.96,76.91,36.43,1,0
SKU-3147,70.27,63.24,31.62,1,0
SKU-3148,25.15,24.4,11.32,3,0
SKU-3149,47.86,55.52,21.54,1,0
SKU-3150,110.83,97.53,49.87,1,1
SKU-3151,43.96,35.17,19.78,2,1
SKU-3152,34.49,37.59,15.52,1,0
SKU-3153,68.95,79.29,31.03,1,0
SKU-3154,118.57,90.11,53.36,1,1
SKU-3155,44.21,36.69,19.89,2,1
SKU-3156,87.21,68.02,39.24,1,1
SKU-3157,96.16,85.58,43.27,1,1
SKU-3158,43.76,41.57,19.69,1,0
SKU-3159,92.82,103.03,41.77,1,0
SKU-3160,56.78,60.19,25.55,1,0
SKU-3161,83.23,86.56,37.45,1,0
SKU-3162,83.35,74.18,37.51,1,1
SKU-3163,73.58,85.35,33.11,1,0
SKU-3164,29.03,27.87,13.06,2,0
SKU-3165,103.53,128.38,46.59,1,0
SKU-3166,52.08,54.68,23.44,1,0
SKU-3167,38.65,29.76,17.39,3,1
SKU-3168,24.08,25.77,10.84,3,0
SKU-3169,79.09,69.6,35.59,1,1
SKU-3170,87.76,94.78,39.49,1,0
SKU-3171,21.66,16.03,9.75,11,1
SKU-3172,71.21,56.97,32.04,1,1
SKU-3173,42.65,49.9,19.19,1,0
SKU-3174,84.52,69.31,38.03,1,1
SKU-3175,37.44,43.43,16.85,1,0
SKU-3176,89.09,75.73,40.09,1,1
SKU-3177,58.67,61.6,26.4,1,0
SKU-3178,113.67,122.76,51.15,1,0
SKU-3179,33.75,33.08,15.19,1,0
SKU-3180,54.11,47.08,24.35,1,1
SKU-3181,31.35,25.71,14.11,5,1
SKU-3182,112.47,80.98,50.61,1,1
SKU-3183,107.73,93.73,48.48,1,1
SKU-3184,45.79,48.54,20.61,1,0
SKU-3185,86.0,104.92,38.7,1,0
SKU-3186,101.72,120.03,45.77,1,0
SKU-3187,75.52,84.58,33.98,1,0
SKU-3188,72.97,82.46,32.84,1,0
SKU-3189,44.19,47.28,19.89,1,0
SKU-3190,29.31,24.62,13.19,5,1
SKU-3191,109.72,131.66,49.37,1,0
SKU-3192,110.04,117.74,49.52,1,0
SKU-3193,83.31,84.14,37.49,1,0
SKU-3194,53.9,40.96,24.26,2,1
SKU-3195,54.92,52.17,24.71,1,0
SKU-3196,92.6,87.97,41.67,1,0
SKU-3197,109.71,129.46,49.37,1,0
SKU-3198,108.71,108.71,48.92,1,0
SKU-3199,97.99,89.17,44.1,1,0
SKU-3200,84.2,104.41,37.89,1,0
SKU-3201,28.41,21.59,12.78,5,1
SKU-3202,36.16,33.63,16.27,1,0
SKU-3203,109.86,79.1,49.44,1,1
SKU-3204,80.64,89.51,36.29,1,0
SKU-3205,20.92,25.1,9.41,2,0
SKU-3206,30.15,25.63,13.57,3,1
SKU-3207,86.35,101.03,38.86,1,0
SKU-3208,20.51,17.64,9.23,7,1
SKU-3209,36.08,43.3,16.24,1,0
SKU-3210,74.87,83.11,33.69,1,0
SKU-3211,89.19,101.68,40.14,1,0
SKU-3212,85.2,60.49,38.34,1,1
SKU-3213,42.43,52.19,19.09,1,0
SKU-3214,91.22,100.34,41.05,1,0
SKU-3215,43.72,38.04,19.67,2,1
SKU-3216,52.54,60.95,23.64,1,0
SKU-3217,94.65,80.45,42.59,1,1
SKU-3218,84.96,100.25,38.23,1,0
SKU-3219,104.92,79.74,47.21,1,1
SKU-3220,85.76,93.48,38.59,1,0
SKU-3221,76.83,76.83,34.57,1,0
SKU-3222,29.37,22.03,13.22,7,1
SKU-3223,56.77,47.12,25.55,1,1
SKU-3224,46.52,33.03,20.93,2,1
SKU-3225,44.4,42.62,19.98,1,0
SKU-3226,117.3,102.05,52.78,1,1
SKU-3227,59.31,61.09,26.69,1,0
SKU-3228,109.2,93.91,49.14,1,1
SKU-3229,83.11,71.47,37.4,1,1
SKU-3230,99.48,110.42,44.77,1,0
SKU-3231,70.26,51.29,31.62,1,1
SKU-3232,77.69,93.23,34.96,1,0
SKU-3233,69.25,81.02,31.16,1,0
SKU-3234,39.52,42.29,17.78,1,0
SKU-3235,92.25,95.02,41.51,1,0
SKU-3236,48.08,57.22,21.64,1,0
SKU-3237,22.43,17.94,10.09,6,1
SKU-3238,84.55,62.57,38.05,1,1
SKU-3239,37.71,31.3,16.97,3,1
SKU-3240,114.05,130.02,51.32,1,0
SKU-3241,115.39,83.08,51.93,1,1
SKU-3242,111.49,113.72,50.17,1,0
SKU-3243,57.02,71.28,25.66,1,0
SKU-3244,21.55,25.21,9.7,3,0
SKU-3245,112.83,111.7,50.77,1,0
SKU-3246,62.82,46.49,28.27,1,1
SKU-3247,116.67,135.34,52.5,1,0
SKU-3248,116.36,119.85,52.36,1,0
SKU-3249,105.3,80.03,47.38,1,1
SKU-3250,49.44,37.08,22.25,2,1
SKU-3251,58.51,70.21,26.33,1,0
SKU-3252,105.11,112.47,47.3,1,0
SKU-3253,51.69,59.96,23.26,1,0
SKU-3254,36.95,43.6,16.63,1,0
SKU-3255,75.68,76.44,34.06,1,0
SKU-3256,113.62,111.35,51.13,1,0
SKU-3257,89.6,84.22,40.32,1,0
SKU-3258,77.01,67.0,34.65,1,1
SKU-3259,29.72,27.94,13.37,2,0
SKU-3260,81.5,92.09,36.68,1,0
SKU-3261,119.01,122.58,53.55,1,0
SKU-3262,34.01,40.47,15.3,1,0
SKU-3263,71.83,67.52,32.32,1,0
SKU-3264,107.74,110.97,48.48,1,0
SKU-3265,94.08,98.78,42.34,1,0
SKU-3266,89.7,92.39,40.36,1,0
SKU-3267,90.25,98.37,40.61,1,0
SKU-3268,55.95,46.44,25.18,1,1
SKU-3269,49.36,48.37,22.21,1,0
SKU-3270,100.94,76.71,45.42,1,1
SKU-3271,101.01,91.92,45.45,1,0
SKU-3272,106.71,103.51,48.02,1,0
SKU-3273,111.32,118.0,50.09,1,0
SKU-3274,71.13,86.78,32.01,1,0
SKU-3275,70.15,72.25,31.57,1,0
SKU-3276,99.83,110.81,44.92,1,0
SKU-3277,85.0,83.3,38.25,1,0
SKU-3278,90.2,94.71,40.59,1,0
SKU-3279,99.58,73.69,44.81,1,1
SKU-3280,109.0,91.56,49.05,1,1
SKU-3281,53.8,48.42,24.21,1,0
SKU-3282,57.56,55.26,25.9,1,0
SKU-3283,29.4,21.46,13.23,5,1
SKU-3284,77.83,60.71,35.02,1,1
SKU-3285,23.59,20.05,10.62,8,1
SKU-3286,66.56,81.87,29.95,1,0
SKU-3287,74.26,65.35,33.42,1,1
SKU-3288,48.65,47.19,21.89,1,0
SKU-3289,79.08,64.05,35.59,1,1
SKU-3290,23.05,23.97,10.37,3,0
SKU-3291,23.73,20.17,10.68,6,1
SKU-3292,102.26,82.83,46.02,1,1
SKU-3293,56.02,54.9,25.21,1,0
SKU-3294,32.71,22.9,14.72,5,1
SKU-3295,72.22,50.55,32.5,1,1
SKU-3296,97.0,79.54,43.65,1,1
SKU-3297,41.58,29.94,18.71,4,1
SKU-3298,82.29,62.54,37.03,1,1
SKU-3299,28.53,25.39,12.84,4,1
SKU-3300,25.17,28.69,11.33,2,0
SKU-3301,73.14,73.87,32.91,1,0
SKU-3302,74.06,72.58,33.33,1,0
SKU-3303,83.74,72.02,37.68,1,1
SKU-3304,92.61,112.06,41.67,1,0
SKU-3305,117.59,108.18,52.92,1,0
SKU-3306,71.63,53.72,32.23,1,1
SKU-3307,52.3,54.39,23.54,1,0
SKU-3308,99.52,75.64,44.78,1,1
SKU-3309,47.08,41.9,21.19,1,1
SKU-3310,63.9,62.62,28.76,1,0
SKU-3311,27.85,32.86,12.53,1,0
SKU-3312,22.54,21.86,10.14,4,0
SKU-3313,116.26,126.72,52.32,1,0
SKU-3314,103.6,129.5,46.62,1,0
SKU-3315,89.6,68.99,40.32,1,1
SKU-3316,60.9,51.76,27.4,1,1
SKU-3317,37.33,34.34,16.8,1,0
SKU-3318,35.64,33.15,16.04,2,0
SKU-3319,45.02,41.87,20.26,1,0
SKU-3320,74.92,89.9,33.71,1,0
SKU-3321,91.46,99.69,41.16,1,0
SKU-3322,86.02,88.6,38.71,1,0
SKU-3323,47.99,41.75,21.6,1,1
SKU-3324,115.49,132.81,51.97,1,0
SKU-3325,93.79,115.36,42.21,1,0
SKU-3326,75.44,86.76,33.95,1,0
SKU-3327,81.17,56.82,36.53,1,1
SKU-3328,61.96,65.06,27.88,1,0
SKU-3329,44.77,32.68,20.15,3,1
SKU-3330,55.6,46.7,25.02,1,1
SKU-3331,95.78,69.92,43.1,1,1
SKU-3332,21.44,22.08,9.65,3,0
SKU-3333,31.61,34.14,14.22,1,0
SKU-3334,24.6,18.7,11.07,8,1
SKU-3335,24.07,21.9,10.83,3,0
SKU-3336,105.55,100.27,47.5,1,0
SKU-3337,90.37,81.33,40.67,1,0
SKU-3338,67.42,51.91,30.34,1,1
SKU-3339,29.78,27.7,13.4,2,0
SKU-3340,69.16,76.77,31.12,1,0
SKU-3341,67.35,49.84,30.31,1,1
SKU-3342,37.32,27.62,16.79,4,1
SKU-3343,63.39,57.05,28.53,1,0
SKU-3344,59.85,73.02,26.93,1,0
SKU-3345,81.59,87.3,36.72,1,0
SKU-3346,83.51,89.36,37.58,1,0
SKU-3347,24.53,22.08,11.04,3,0
SKU-3348,57.46,59.18,25.86,1,0
SKU-3349,82.59,58.64,37.17,1,1
SKU-3350,70.31,73.83,31.64,1,0
SKU-3351,105.65,126.78,47.54,1,0
SKU-3352,85.87,89.3,38.64,1,0
SKU-3353,36.29,42.82,16.33,1,0
SKU-3354,27.06,29.77,12.18,3,0
SKU-3355,84.24,64.86,37.91,1,1
SKU-3356,22.65,27.18,10.19,2,0
SKU-3357,78.58,58.15,35.36,1,1
SKU-3358,114.02,112.88,51.31,1,0
SKU-3359,77.55,60.49,34.9,1,1
SKU-3360,58.82,41.76,26.47,2,1
SKU-3361,84.33,78.43,37.95,1,0
SKU-3362,65.83,56.61,29.62,1,1
SKU-3363,74.56,72.32,33.55,1,0
SKU-3364,114.15,116.43,51.37,1,0
SKU-3365,58.61,42.2,26.37,2,1
SKU-3366,116.12,89.41,52.25,1,1
SKU-3367,110.54,111.65,49.74,1,0
SKU-3368,39.58,35.23,17.81,2,1
SKU-3369,26.94,29.63,12.12,3,0
SKU-3370,30.08,31.88,13.54,1,0
SKU-3371,21.82,25.53,9.82,2,0
SKU-3372,29.44,31.8,13.25,2,0
SKU-3373,88.3,83.0,39.74,1,0
SKU-3374,27.12,29.02,12.2,2,0
SKU-3375,51.9,44.11,23.36,1,1
SKU-3376,104.49,90.91,47.02,1,1
SKU-3377,22.33,25.23,10.05,4,0
SKU-3378,101.45,96.38,45.65,1,0
SKU-3379,48.19,54.94,21.69,1,0
SKU-3380,31.82,36.59,14.32,1,0
SKU-3381,89.67,104.91,40.35,1,0
SKU-3382,82.89,99.47,37.3,1,0
SKU-3383,107.75,101.28,48.49,1,0
SKU-3384,93.51,82.29,42.08,1,1
SKU-3385,100.35,102.36,45.16,1,0
SKU-3386,48.2,43.38,21.69,1,0
SKU-3387,37.74,38.87,16.98,1,0
SKU-3388,95.06,103.62,42.78,1,0
SKU-3389,100.68,108.73,45.31,1,0
SKU-3390,119.05,108.34,53.57,1,0
SKU-3391,61.26,48.4,27.57,1,1
SKU-3392,57.2,53.77,25.74,1,0
SKU-3393,97.64,76.16,43.94,1,1
SKU-3394,54.08,64.36,24.34,1,0
SKU-3395,113.08,100.64,50.89,1,1
SKU-3396,105.84,82.56,47.63,1,1
SKU-3397,62.9,44.66,28.3,1,1
SKU-3398,95.09,100.8,42.79,1,0
SKU-3399,95.45,100.22,42.95,1,0
SKU-3400,30.31,26.98,13.64,3,1
SKU-3401,110.26,81.59,49.62,1,1
SKU-3402,70.53,65.59,31.74,1,0
SKU-3403,102.65,89.31,46.19,1,1
SKU-3404,52.0,55.64,23.4,1,0
SKU-3405,109.55,112.84,49.3,1,0
SKU-3406,58.92,53.03,26.51,1,0
SKU-3407,21.08,17.29,9.49,8,1
SKU-3408,110.54,137.07,49.74,1,0
SKU-3409,29.13,27.67,13.11,3,0
SKU-3410,51.93,56.08,23.37,1,0
SKU-3411,115.01,89.71,51.75,1,1
SKU-3412,115.06,111.61,51.78,1,0
SKU-3413,77.34,55.68,34.8,1,1
SKU-3414,83.18,81.52,37.43,1,0
SKU-3415,64.84,79.75,29.18,1,0
SKU-3416,49.32,44.88,22.19,1,0
SKU-3417,52.87,38.07,23.79,2,1
SKU-3418,87.25,62.82,39.26,1,1
SKU-3419,95.24,86.67,42.86,1,0
SKU-3420,99.16,78.34,44.62,1,1
SKU-3421,98.96,70.26,44.53,1,1
SKU-3422,29.12,32.61,13.1,2,0
SKU-3423,69.44,65.97,31.25,1,0
SKU-3424,25.76,22.15,11.59,7,1
SKU-3425,74.95,89.94,33.73,1,0
SKU-3426,64.15,48.75,28.87,1,1
SKU-3427,108.77,133.79,48.95,1,0
SKU-3428,55.09,47.93,24.79,1,1
SKU-3429,31.71,37.73,14.27,1,0
SKU-3430,34.3,35.33,15.43,2,0
SKU-3431,96.15,110.57,43.27,1,0
SKU-3432,81.82,101.46,36.82,1,0
SKU-3433,30.11,25.89,13.55,4,1
SKU-3434,28.41,34.94,12.78,2,0
SKU-3435,90.1,81.99,40.54,1,0
SKU-3436,27.28,24.82,12.28,3,0
SKU-3437,102.19,90.95,45.99,1,1
SKU-3438,90.62,90.62,40.78,1,0
SKU-3439,28.13,21.94,12.66,6,1
SKU-3440,28.48,28.48,12.82,2,0
SKU-3441,118.66,118.66,53.4,1,0
SKU-3442,57.43,64.32,25.84,1,0
SKU-3443,57.06,66.19,25.68,1,0
SKU-3444,101.28,95.2,45.58,1,0
SKU-3445,114.72,99.81,51.62,1,1
SKU-3446,118.6,99.62,53.37,1,1
SKU-3447,95.34,77.23,42.9,1,1
SKU-3448,57.63,42.07,25.93,1,1
SKU-3449,28.35,25.23,12.76,5,1
SKU-3450,97.71,83.05,43.97,1,1
SKU-3451,75.84,93.28,34.13,1,0
SKU-3452,62.42,63.04,28.09,1,0
SKU-3453,110.64,98.47,49.79,1,1
SKU-3454,31.12,31.74,14.0,2,0
SKU-3455,69.26,54.02,31.17,1,1
SKU-3456,21.14,19.87,9.51,5,0
SKU-3457,66.87,69.54,30.09,1,0
SKU-3458,25.63,24.86,11.53,2,0
SKU-3459,31.88,29.33,14.35,2,0
SKU-3460,31.75,39.69,14.29,1,0
SKU-3461,84.92,100.21,38.21,1,0
SKU-3462,94.6,98.38,42.57,1,0
SKU-3463,78.34,79.12,35.25,1,0
SKU-3464,116.22,120.87,52.3,1,0
SKU-3465,57.49,46.57,25.87,1,1
SKU-3466,48.57,44.68,21.86,1,0
SKU-3467,106.86,76.94,48.09,1,1
SKU-3468,42.36,40.67,19.06,1,0
SKU-3469,116.32,116.32,52.34,1,0
SKU-3470,21.22,17.61,9.55,6,1
SKU-3471,116.99,143.9,52.65,1,0
SKU-3472,24.32,29.18,10.94,2,0
SKU-3473,109.11,120.02,49.1,1,0
SKU-3474,72.77,72.04,32.75,1,0
SKU-3475,119.3,140.77,53.68,1,0
SKU-3476,27.38,21.08,12.32,6,1
SKU-3477,75.39,85.19,33.93,1,0
SKU-3478,116.93,90.04,52.62,1,1
SKU-3479,72.31,82.43,32.54,1,0
SKU-3480,82.94,70.5,37.32,1,1
SKU-3481,89.57,105.69,40.31,1,0
SKU-3482,65.45,79.85,29.45,1,0
SKU-3483,82.76,64.55,37.24,1,1
SKU-3484,78.43,74.51,35.29,1,0
SKU-3485,110.12,136.55,49.55,1,0
SKU-3486,24.54,23.8,11.04,3,0
SKU-3487,48.1,56.28,21.64,1,0
SKU-3488,115.04,117.34,51.77,1,0
SKU-3489,109.03,99.22,49.06,1,0
SKU-3490,65.57,56.39,29.51,1,1
SKU-3491,82.01,66.43,36.9,1,1
SKU-3492,47.74,53.47,21.48,1,0
SKU-3493,38.81,35.32,17.46,1,0
SKU-3494,66.37,65.04,29.87,1,0
SKU-3495,55.34,53.68,24.9,1,0
SKU-3496,78.37,79.94,35.27,1,0
SKU-3497,27.77,32.77,12.5,2,0
SKU-3498,117.44,145.63,52.85,1,0
SKU-3499,118.62,109.13,53.38,1,0
SKU-3500,89.82,104.19,40.42,1,0
SKU-3501,73.61,82.44,33.12,1,0
SKU-3502,50.95,51.97,22.93,1,0
SKU-3503,101.38,124.7,45.62,1,0
SKU-3504,88.47,71.66,39.81,1,1
SKU-3505,36.26,27.56,16.32,4,1
SKU-3506,111.09,129.98,49.99,1,0
SKU-3507,102.25,96.12,46.01,1,0
SKU-3508,114.98,134.53,51.74,1,0
SKU-3509,92.57,110.16,41.66,1,0
SKU-3510,81.34,59.38,36.6,1,1
SKU-3511,61.82,73.57,27.82,1,0
SKU-3512,113.27,107.61,50.97,1,0
SKU-3513,106.61,104.48,47.97,1,0
SKU-3514,24.52,25.5,11.03,2,0
SKU-3515,22.64,27.39,10.19,3,0
SKU-3516,57.65,40.93,25.94,1,1
SKU-3517,101.06,97.02,45.48,1,0
SKU-3518,118.73,128.23,53.43,1,0
SKU-3519,35.04,38.54,15.77,1,0
SKU-3520,79.41,85.76,35.73,1,0
SKU-3521,58.09,44.73,26.14,1,1
SKU-3522,116.99,100.61,52.65,1,1
SKU-3523,104.21,93.79,46.89,1,0
SKU-3524,103.83,118.37,46.72,1,0
SKU-3525,66.87,56.84,30.09,1,1
SKU-3526,61.48,50.41,27.67,1,1
SKU-3527,47.34,58.23,21.3,1,0
SKU-3528,25.64,17.95,11.54,11,1
SKU-3529,106.47,133.09,47.91,1,0
SKU-3530,101.29,108.38,45.58,1,0
SKU-3531,119.97,139.17,53.99,1,0
SKU-3532,119.66,102.91,53.85,1,1
SKU-3533,75.54,53.63,33.99,1,1
SKU-3534,96.9,107.56,43.6,1,0
SKU-3535,114.48,132.8,51.52,1,0
SKU-3536,104.96,116.51,47.23,1,0
SKU-3537,44.73,34.89,20.13,2,1
SKU-3538,65.05,72.21,29.27,1,0
SKU-3539,32.92,36.87,14.81,1,0
SKU-3540,115.41,122.33,51.93,1,0
SKU-3541,80.62,90.29,36.28,1,0
SKU-3542,42.86,50.15,19.29,1,0
SKU-3543,87.17,90.66,39.23,1,0
SKU-3544,81.81,61.36,36.81,1,1
SKU-3545,55.82,54.15,25.12,1,0
SKU-3546,31.36,23.21,14.11,5,1
SKU-3547,87.16,80.19,39.22,1,0
SKU-3548,72.03,66.27,32.41,1,0
SKU-3549,97.23,71.95,43.75,1,1
SKU-3550,72.02,64.1,32.41,1,1
SKU-3551,105.22,79.97,47.35,1,1
SKU-3552,75.19,85.72,33.84,1,0
SKU-3553,76.09,92.83,34.24,1,0
SKU-3554,107.67,79.68,48.45,1,1
SKU-3555,60.35,74.23,27.16,1,0
SKU-3556,33.4,33.07,15.03,2,0
SKU-3557,22.88,19.68,10.3,6,1
SKU-3558,95.51,70.68,42.98,1,1
SKU-3559,82.03,80.39,36.91,1,0
SKU-3560,90.41,103.07,40.68,1,0
SKU-3561,41.3,45.02,18.58,1,0
SKU-3562,33.64,24.56,15.14,5,1
SKU-3563,21.45,15.87,9.65,13,1
SKU-3564,55.06,50.66,24.78,1,0
SKU-3565,78.99,67.93,35.55,1,1
SKU-3566,59.22,49.15,26.65,1,1
SKU-3567,63.75,54.19,28.69,1,1
SKU-3568,110.42,125.88,49.69,1,0
SKU-3569,54.83,66.34,24.67,1,0
SKU-3570,71.4,65.69,32.13,1,0
SKU-3571,98.37,118.04,44.27,1,0
SKU-3572,59.65,52.49,26.84,1,1
SKU-3573,82.21,78.92,36.99,1,0
SKU-3574,106.24,87.12,47.81,1,1
SKU-3575,114.95,120.7,51.73,1,0
SKU-3576,34.71,43.04,15.62,1,0
SKU-3577,112.66,116.04,50.7,1,0
SKU-3578,69.21,62.29,31.14,1,0
SKU-3579,45.82,48.57,20.62,1,0
SKU-3580,65.91,50.75,29.66,1,1
SKU-3581,118.0,140.42,53.1,1,0
SKU-3582,69.26,67.87,31.17,1,0
SKU-3583,52.88,50.24,23.8,1,0
SKU-3584,83.34,85.01,37.5,1,0
SKU-3585,44.01,45.77,19.8,1,0
SKU-3586,27.59,20.42,12.42,5,1
SKU-3587,32.89,35.52,14.8,1,0
SKU-3588,32.8,27.22,14.76,2,1
SKU-3589,35.19,38.36,15.84,1,0
SKU-3590,33.88,38.96,15.25,1,0
SKU-3591,84.09,95.86,37.84,1,0
SKU-3592,38.19,38.19,17.19,1,0
SKU-3593,54.57,54.02,24.56,1,0
SKU-3594,109.68,85.55,49.36,1,1
SKU-3595,67.4,76.16,30.33,1,0
SKU-3596,86.76,73.75,39.04,1,1
SKU-3597,37.23,36.11,16.75,1,0
SKU-3598,39.23,33.74,17.65,2,1
SKU-3599,24.09,18.55,10.84,10,1
SKU-3600,36.89,38.73,16.6,1,0
SKU-3601,47.86,34.94,21.54,2,1
SKU-3602,37.7,41.85,16.97,1,0
SKU-3603,28.87,25.12,12.99,4,1
SKU-3604,32.06,22.44,14.43,4,1
SKU-3605,66.08,64.76,29.74,1,0
SKU-3606,40.63,29.66,18.28,3,1
SKU-3607,56.43,47.97,25.39,1,1
SKU-3608,70.34,76.67,31.65,1,0
SKU-3609,89.04,65.0,40.07,1,1
SKU-3610,23.93,27.76,10.77,2,0
SKU-3611,99.94,69.96,44.97,1,1
SKU-3612,82.79,69.54,37.26,1,1
SKU-3613,28.18,31.28,12.68,2,0
SKU-3614,107.36,93.4,48.31,1,1
SKU-3615,112.09,85.19,50.44,1,1
SKU-3616,26.11,23.5,11.75,2,0
SKU-3617,47.69,40.54,21.46,2,1
SKU-3618,100.62,116.72,45.28,1,0
SKU-3619,94.83,82.5,42.67,1,1
SKU-3620,38.45,43.45,17.3,1,0
SKU-3621,40.93,48.71,18.42,1,0
SKU-3622,57.05,53.63,25.67,1,0
SKU-3623,68.45,82.14,30.8,1,0
SKU-3624,81.83,74.47,36.82,1,0
SKU-3625,56.89,69.97,25.6,1,0
SKU-3626,66.25,49.69,29.81,1,1
SKU-3627,94.75,102.33,42.64,1,0
SKU-3628,23.67,22.96,10.65,3,0
SKU-3629,45.24,41.17,20.36,1,0
SKU-3630,91.33,95.9,41.1,1,0
SKU-3631,109.52,119.38,49.28,1,0
SKU-3632,71.17,49.82,32.03,1,1
SKU-3633,73.21,57.84,32.94,1,1
SKU-3634,30.72,33.48,13.82,2,0
SKU-3635,64.74,69.27,29.13,1,0
SKU-3636,73.26,90.11,32.97,1,0
SKU-3637,44.25,49.56,19.91,1,0
SKU-3638,46.92,57.24,21.11,1,0
SKU-3639,57.73,62.93,25.98,1,0
SKU-3640,22.01,18.93,9.9,6,1
SKU-3641,52.21,39.68,23.49,1,1
SKU-3642,41.14,46.49,18.51,1,0
SKU-3643,52.75,55.39,23.74,1,0
SKU-3644,31.98,23.35,14.39,4,1
SKU-3645,109.05,98.14,49.07,1,0
SKU-3646,79.36,97.61,35.71,1,0
SKU-3647,87.91,86.15,39.56,1,0
SKU-3648,98.92,92.98,44.51,1,0
SKU-3649,69.84,66.35,31.43,1,0
SKU-3650,28.69,23.24,12.91,5,1
SKU-3651,73.71,66.34,33.17,1,0
SKU-3652,78.68,70.81,35.41,1,0
SKU-3653,94.54,69.01,42.54,1,1
SKU-3654,63.17,70.75,28.43,1,0
SKU-3655,32.76,30.47,14.74,2,0
SKU-3656,48.38,55.64,21.77,1,0
SKU-3657,56.31,65.88,25.34,1,0
SKU-3658,84.59,69.36,38.07,1,1
SKU-3659,77.08,81.7,34.69,1,0
SKU-3660,55.61,53.39,25.02,1,0
SKU-3661,118.65,140.01,53.39,1,0
SKU-3662,80.58,66.08,36.26,1,1
SKU-3663,43.72,46.78,19.67,1,0
SKU-3664,30.18,31.09,13.58,2,0
SKU-3665,35.29,30.35,15.88,3,1
SKU-3666,44.6,34.79,20.07,2,1
SKU-3667,36.07,38.23,16.23,1,0
SKU-3668,38.66,42.91,17.4,1,0
SKU-3669,48.51,42.2,21.83,1,1
SKU-3670,37.34,39.21,16.8,1,0
SKU-3671,109.68,100.91,49.36,1,0
SKU-3672,28.02,30.54,12.61,2,0
SKU-3673,72.45,58.68,32.6,1,1
SKU-3674,61.04,72.64,27.47,1,0
SKU-3675,118.24,101.69,53.21,1,1
SKU-3676,31.2,28.08,14.04,2,0
SKU-3677,59.79,43.65,26.91,1,1
SKU-3678,116.95,88.88,52.63,1,1
SKU-3679,106.55,104.42,47.95,1,0
SKU-3680,101.71,86.45,45.77,1,1
SKU-3681,45.79,53.12,20.61,1,0
SKU-3682,37.09,26.33,16.69,3,1
SKU-3683,86.86,79.04,39.09,1,0
SKU-3684,112.94,100.52,50.82,1,1
SKU-3685,75.68,53.73,34.06,1,1
SKU-3686,77.16,59.41,34.72,1,1
SKU-3687,48.0,44.64,21.6,1,0
SKU-3688,96.95,94.04,43.63,1,0
SKU-3689,38.7,35.6,17.42,1,0
SKU-3690,52.37,51.85,23.57,1,0
SKU-3691,62.54,64.42,28.14,1,0
SKU-3692,70.76,50.24,31.84,1,1
SKU-3693,44.24,42.47,19.91,1,0
SKU-3694,31.48,38.72,14.17,1,0
SKU-3695,81.06,80.25,36.48,1,0
SKU-3696,48.86,52.28,21.99,1,0
SKU-3697,78.12,67.96,35.15,1,1
SKU-3698,35.44,40.05,15.95,1,0
SKU-3699,68.11,76.96,30.65,1,0
SKU-3700,73.26,72.53,32.97,1,0
SKU-3701,25.18,31.22,11.33,2,0
SKU-3702,53.66,41.32,24.15,1,1
SKU-3703,33.44,23.74,15.05,4,1
SKU-3704,26.34,29.5,11.85,2,0
SKU-3705,119.0,135.66,53.55,1,0
SKU-3706,52.24,40.22,23.51,1,1
SKU-3707,100.99,85.84,45.45,1,1
SKU-3708,45.46,32.28,20.46,3,1
SKU-3709,88.15,75.81,39.67,1,1
SKU-3710,96.02,108.5,43.21,1,0
SKU-3711,79.56,77.97,35.8,1,0
SKU-3712,67.16,59.77,30.22,1,1
SKU-3713,61.18,55.06,27.53,1,0
SKU-3714,54.89,38.42,24.7,1,1
SKU-3715,112.95,97.14,50.83,1,1
SKU-3716,103.06,109.24,46.38,1,0
SKU-3717,116.5,144.46,52.42,1,0
SKU-3718,32.43,37.94,14.59,1,0
SKU-3719,93.09,66.09,41.89,1,1
SKU-3720,113.83,135.46,51.22,1,0
SKU-3721,38.12,43.08,17.15,1,0
SKU-3722,26.65,30.11,11.99,2,0
SKU-3723,94.11,89.4,42.35,1,0
SKU-3724,77.45,71.25,34.85,1,0
SKU-3725,104.18,90.64,46.88,1,1
SKU-3726,33.98,25.15,15.29,4,1
SKU-3727,99.53,82.61,44.79,1,1
SKU-3728,40.16,33.73,18.07,1,1
SKU-3729,36.37,35.28,16.37,1,0
SKU-3730,36.43,40.44,16.39,1,0
SKU-3731,101.46,97.4,45.66,1,0
SKU-3732,86.52,63.16,38.93,1,1
SKU-3733,72.31,88.94,32.54,1,0
SKU-3734,55.88,68.17,25.15,1,0
SKU-3735,107.72,121.72,48.47,1,0
SKU-3736,59.24,74.05,26.66,1,0
SKU-3737,101.66,101.66,45.75,1,0
SKU-3738,63.91,78.61,28.76,1,0
SKU-3739,57.69,42.69,25.96,1,1
SKU-3740,66.27,59.64,29.82,1,0
SKU-3741,50.14,41.11,22.56,2,1
SKU-3742,94.76,76.76,42.64,1,1
SKU-3743,70.27,54.81,31.62,1,1
SKU-3744,43.22,44.95,19.45,1,0
SKU-3745,109.96,124.25,49.48,1,0
SKU-3746,58.39,59.56,26.28,1,0
SKU-3747,74.36,58.0,33.46,1,1
SKU-3748,110.65,127.25,49.79,1,0
SKU-3749,82.42,86.54,37.09,1,0
SKU-3750,31.69,28.84,14.26,2,0
SKU-3751,113.98,121.96,51.29,1,0
SKU-3752,82.77,69.53,37.25,1,1
SKU-3753,53.49,47.61,24.07,1,1
SKU-3754,33.93,40.72,15.27,1,0
SKU-3755,99.4,85.48,44.73,1,1
SKU-3756,82.01,78.73,36.9,1,0
SKU-3757,73.35,87.29,33.01,1,0
SKU-3758,109.39,119.24,49.23,1,0
SKU-3759,98.86,72.17,44.49,1,1
SKU-3760,35.17,27.43,15.83,4,1
SKU-3761,51.17,35.82,23.03,2,1
SKU-3762,44.85,47.09,20.18,1,0
SKU-3763,94.39,89.67,42.48,1,0
SKU-3764,23.35,17.98,10.51,7,1
SKU-3765,76.99,94.7,34.65,1,0
SKU-3766,96.25,95.29,43.31,1,0
SKU-3767,107.68,89.37,48.46,1,1
SKU-3768,54.21,53.13,24.39,1,0
SKU-3769,102.13,109.28,45.96,1,0
SKU-3770,31.06,22.98,13.98,4,1
SKU-3771,104.65,88.95,47.09,1,1
SKU-3772,32.75,37.33,14.74,1,0
SKU-3773,59.73,56.74,26.88,1,0
SKU-3774,99.73,99.73,44.88,1,0
SKU-3775,34.99,32.89,15.75,2,0
SKU-3776,42.93,30.91,19.32,3,1
SKU-3777,92.23,72.86,41.5,1,1
SKU-3778,92.0,87.4,41.4,1,0
SKU-3779,84.11,68.97,37.85,1,1
SKU-3780,89.39,65.25,40.23,1,1
SKU-3781,74.27,86.15,33.42,1,0
SKU-3782,45.18,56.02,20.33,1,0
SKU-3783,54.57,62.21,24.56,1,0
SKU-3784,38.16,44.65,17.17,1,0
SKU-3785,110.85,92.01,49.88,1,1
SKU-3786,78.34,96.36,35.25,1,0
SKU-3787,60.09,48.67,27.04,1,1
SKU-3788,66.2,80.76,29.79,1,0
SKU-3789,114.73,143.41,51.63,1,0
SKU-3790,35.34,38.52,15.9,1,0
SKU-3791,78.62,97.49,35.38,1,0
SKU-3792,70.59,71.3,31.77,1,0
SKU-3793,81.15,68.17,36.52,1,1
SKU-3794,21.81,20.5,9.81,6,0
SKU-3795,107.21,110.43,48.24,1,0
SKU-3796,113.21,83.78,50.94,1,1
SKU-3797,76.51,79.57,34.43,1,0
SKU-3798,89.67,111.19,40.35,1,0
SKU-3799,112.25,89.8,50.51,1,1
SKU-3800,90.72,103.42,40.82,1,0
SKU-3801,35.25,42.3,15.86,1,0
SKU-3802,77.63,94.71,34.93,1,0
SKU-3803,80.67,99.22,36.3,1,0
SKU-3804,62.41,61.79,28.08,1,0
SKU-3805,93.64,116.11,42.14,1,0
SKU-3806,113.44,127.05,51.05,1,0
SKU-3807,112.56,88.92,50.65,1,1
SKU-3808,65.08,62.48,29.29,1,0
SKU-3809,31.32,34.45,14.09,1,0
SKU-3810,118.48,99.52,53.32,1,1
SKU-3811,103.89,109.08,46.75,1,0
SKU-3812,32.47,34.74,14.61,1,0
SKU-3813,112.08,88.54,50.44,1,1
SKU-3814,106.99,108.06,48.15,1,0
SKU-3815,71.88,80.51,32.35,1,0
SKU-3816,79.13,76.76,35.61,1,0
SKU-3817,59.9,42.53,26.96,1,1
SKU-3818,25.48,17.84,11.47,8,1
SKU-3819,53.52,48.17,24.08,1,0
SKU-3820,100.29,121.35,45.13,1,0
SKU-3821,20.46,16.98,9.21,7,1
SKU-3822,53.35,56.02,24.01,1,0
SKU-3823,59.82,49.05,26.92,1,1
SKU-3824,73.74,64.89,33.18,1,1
SKU-3825,111.99,131.03,50.4,1,0
SKU-3826,54.63,60.09,24.58,1,0
SKU-3827,54.7,41.03,24.62,1,1
SKU-3828,93.75,88.12,42.19,1,0
SKU-3829,65.22,46.96,29.35,1,1
SKU-3830,42.46,40.76,19.11,1,0
SKU-3831,65.24,69.15,29.36,1,0
SKU-3832,34.09,26.25,15.34,3,1
SKU-3833,37.64,32.37,16.94,2,1
SKU-3834,69.84,64.25,31.43,1,0
SKU-3835,61.89,74.89,27.85,1,0
SKU-3836,111.48,139.35,50.17,1,0
SKU-3837,56.24,40.49,25.31,1,1
SKU-3838,78.06,87.43,35.13,1,0
SKU-3839,83.23,74.91,37.45,1,0
SKU-3840,21.31,19.61,9.59,6,0
SKU-3841,86.35,95.85,38.86,1,0
SKU-3842,37.8,45.74,17.01,1,0
SKU-3843,116.11,141.65,52.25,1,0
SKU-3844,34.87,35.57,15.69,1,0
SKU-3845,61.46,55.31,27.66,1,0
SKU-3846,28.53,32.24,12.84,1,0
SKU-3847,119.69,100.54,53.86,1,1
SKU-3848,70.22,70.92,31.6,1,0
SKU-3849,79.54,71.59,35.79,1,0
SKU-3850,26.71,28.31,12.02,2,0
SKU-3851,95.0,78.85,42.75,1,1
SKU-3852,40.99,33.2,18.45,2,1
SKU-3853,109.81,132.87,49.41,1,0
SKU-3854,40.51,30.79,18.23,2,1
SKU-3855,39.07,38.29,17.58,1,0
SKU-3856,23.65,19.39,10.64,7,1
SKU-3857,67.21,48.39,30.24,1,1
SKU-3858,76.48,55.07,34.42,1,1
SKU-3859,26.57,21.26,11.96,6,1
SKU-3860,97.55,115.11,43.9,1,0
SKU-3861,65.33,56.18,29.4,1,1
SKU-3862,72.44,88.38,32.6,1,0
SKU-3863,64.08,65.36,28.84,1,0
SKU-3864,60.08,56.48,27.04,1,0
SKU-3865,75.96,77.48,34.18,1,0
SKU-3866,35.52,34.81,15.98,1,0
SKU-3867,38.19,42.77,17.19,1,0
SKU-3868,106.18,91.31,47.78,1,1
SKU-3869,114.61,102.0,51.57,1,1
SKU-3870,57.33,68.22,25.8,1,0
SKU-3871,47.07,57.43,21.18,1,0
SKU-3872,84.4,100.44,37.98,1,0
SKU-3873,60.87,56.61,27.39,1,0
SKU-3874,22.54,25.47,10.14,2,0
SKU-3875,35.62,34.2,16.03,1,0
SKU-3876,91.6,88.85,41.22,1,0
SKU-3877,85.89,69.57,38.65,1,1
SKU-3878,22.71,23.39,10.22,3,0
SKU-3879,42.2,33.76,18.99,2,1
SKU-3880,43.11,37.94,19.4,2,1
SKU-3881,87.19,102.01,39.24,1,0
SKU-3882,21.97,17.8,9.89,8,1
SKU-3883,30.41,22.5,13.68,6,1
SKU-3884,99.99,73.99,45.0,1,1
SKU-3885,37.85,46.18,17.03,1,0
SKU-3886,85.27,83.56,38.37,1,0
SKU-3887,43.82,40.75,19.72,1,0
SKU-3888,29.94,34.43,13.47,2,0
SKU-3889,44.32,51.41,19.94,1,0
SKU-3890,92.23,81.16,41.5,1,1
SKU-3891,105.57,114.02,47.51,1,0
SKU-3892,103.02,115.38,46.36,1,0
SKU-3893,59.72,63.3,26.87,1,0
SKU-3894,86.81,67.71,39.06,1,1
SKU-3895,40.5,47.79,18.23,1,0
SKU-3896,49.31,49.31,22.19,1,0
SKU-3897,109.63,94.28,49.33,1,1
SKU-3898,21.3,19.81,9.59,6,0
SKU-3899,28.55,20.56,12.85,6,1
SKU-3900,40.79,31.41,18.36,3,1
SKU-3901,22.65,25.37,10.19,3,0
SKU-3902,38.14,26.7,17.16,4,1
SKU-3903,78.3,72.82,35.24,1,0
SKU-3904,62.14,61.52,27.96,1,0
SKU-3905,109.27,79.77,49.17,1,1
SKU-3906,101.74,126.16,45.78,1,0
SKU-3907,54.18,44.43,24.38,1,1
SKU-3908,45.94,39.97,20.67,2,1
SKU-3909,57.97,50.43,26.09,1,1
SKU-3910,79.03,65.59,35.56,1,1
SKU-3911,46.81,32.77,21.06,3,1
SKU-3912,82.41,90.65,37.08,1,0
SKU-3913,60.94,74.96,27.42,1,0
SKU-3914,75.2,61.66,33.84,1,1
SKU-3915,63.61,67.43,28.62,1,0
SKU-3916,49.45,54.89,22.25,1,0
SKU-3917,114.85,134.37,51.68,1,0
SKU-3918,96.36,89.61,43.36,1,0
SKU-3919,34.01,29.59,15.3,2,1
SKU-3920,106.85,94.03,48.08,1,1
SKU-3921,68.74,74.93,30.93,1,0
SKU-3922,109.46,125.88,49.26,1,0
SKU-3923,99.99,79.99,45.0,1,1
SKU-3924,62.52,56.27,28.13,1,0
SKU-3925,22.25,26.7,10.01,2,0
SKU-3926,46.87,53.43,21.09,1,0
SKU-3927,74.16,91.96,33.37,1,0
SKU-3928,83.35,92.52,37.51,1,0
SKU-3929,45.79,42.13,20.61,1,0
SKU-3930,33.94,34.62,15.27,2,0
SKU-3931,103.49,109.7,46.57,1,0
SKU-3932,118.44,87.65,53.3,1,1
SKU-3933,72.57,72.57,32.66,1,0
SKU-3934,37.17,40.52,16.73,1,0
SKU-3935,47.23,37.31,21.25,2,1
SKU-3936,21.84,24.68,9.83,3,0
SKU-3937,111.43,113.66,50.14,1,0
SKU-3938,31.78,38.77,14.3,1,0
SKU-3939,77.65,55.91,34.94,1,1
SKU-3940,47.41,40.3,21.33,1,1
SKU-3941,75.42,77.68,33.94,1,0
SKU-3942,85.14,73.22,38.31,1,1
SKU-3943,102.97,112.24,46.34,1,0
SKU-3944,40.64,45.52,18.29,1,0
SKU-3945,21.1,16.04,9.5,11,1
SKU-3946,33.69,33.02,15.16,1,0
SKU-3947,110.0,107.8,49.5,1,0
SKU-3948,107.39,96.65,48.33,1,0
SKU-3949,79.74,96.49,35.88,1,0
SKU-3950,80.05,92.86,36.02,1,0
SKU-3951,86.5,93.42,38.93,1,0
SKU-3952,37.54,40.92,16.89,1,0
SKU-3953,111.44,105.87,50.15,1,0
SKU-3954,61.88,74.87,27.85,1,0
SKU-3955,58.31,62.97,26.24,1,0
SKU-3956,71.89,79.08,32.35,1,0
SKU-3957,24.7,28.9,11.12,2,0
SKU-3958,36.63,31.14,16.48,2,1
SKU-3959,93.8,106.93,42.21,1,0
SKU-3960,28.28,22.91,12.73,4,1
SKU-3961,80.32,71.48,36.14,1,1
SKU-3962,44.53,39.19,20.04,1,1
SKU-3963,58.93,73.07,26.52,1,0
SKU-3964,48.87,57.18,21.99,1,0
SKU-3965,55.57,60.57,25.01,1,0
SKU-3966,91.9,101.09,41.36,1,0
SKU-3967,49.71,50.21,22.37,1,0
SKU-3968,76.64,93.5,34.49,1,0
SKU-3969,67.61,65.58,30.42,1,0
SKU-3970,86.37,78.6,38.87,1,0
SKU-3971,113.68,89.81,51.16,1,1
SKU-3972,93.26,105.38,41.97,1,0
SKU-3973,41.49,45.64,18.67,1,0
SKU-3974,23.12,21.04,10.4,5,0
SKU-3975,46.23,32.82,20.8,3,1
SKU-3976,79.51,92.23,35.78,1,0
SKU-3977,25.14,17.85,11.31,7,1
SKU-3978,69.64,75.91,31.34,1,0
SKU-3979,79.68,98.01,35.86,1,0
SKU-3980,53.42,50.21,24.04,1,0
SKU-3981,97.09,80.58,43.69,1,1
SKU-3982,30.66,33.42,13.8,2,0
SKU-3983,27.51,31.64,12.38,2,0
SKU-3984,92.82,92.82,41.77,1,0
SKU-3985,69.55,85.55,31.3,1,0
SKU-3986,88.84,64.85,39.98,1,1
SKU-3987,63.48,62.21,28.57,1,0
SKU-3988,44.64,49.1,20.09,1,0
SKU-3989,101.91,119.23,45.86,1,0
SKU-3990,99.94,79.95,44.97,1,1
SKU-3991,89.47,102.0,40.26,1,0
SKU-3992,47.21,47.21,21.24,1,0
SKU-3993,79.02,72.7,35.56,1,0
SKU-3994,56.1,43.2,25.24,1,1
SKU-3995,29.16,34.41,13.12,1,0
SKU-3996,111.73,88.27,50.28,1,1
SKU-3997,33.68,29.3,15.16,3,1
SKU-3998,115.02,98.92,51.76,1,1
SKU-3999,64.6,76.23,29.07,1,0
SKU-4000,38.51,41.21,17.33,1,0
SKU-4001,74.19,84.58,33.39,1,0
SKU-4002,107.29,90.12,48.28,1,1
SKU-4003,93.22,96.95,41.95,1,0
SKU-4004,100.66,101.67,45.3,1,0
SKU-4005,85.88,99.62,38.65,1,0
SKU-4006,89.23,107.08,40.15,1,0
SKU-4007,104.92,74.49,47.21,1,1
SKU-4008,44.97,48.12,20.24,1,0
SKU-4009,68.94,50.33,31.02,1,1
SKU-4010,42.12,42.12,18.95,1,0
SKU-4011,118.77,102.14,53.45,1,1
SKU-4012,114.41,99.54,51.48,1,1
SKU-4013,23.94,21.31,10.77,5,1
SKU-4014,90.56,94.18,40.75,1,0
SKU-4015,112.52,99.02,50.63,1,1
SKU-4016,38.06,41.87,17.13,1,0
SKU-4017,76.79,70.65,34.56,1,0
SKU-4018,111.55,82.55,50.2,1,1
SKU-4019,23.39,26.43,10.53,3,0
SKU-4020,89.74,77.18,40.38,1,1
SKU-4021,49.73,46.75,22.38,1,0
SKU-4022,112.44,121.44,50.6,1,0
SKU-4023,117.11,103.06,52.7,1,1
SKU-4024,114.43,83.53,51.49,1,1
SKU-4025,67.42,61.35,30.34,1,0
SKU-4026,106.2,129.56,47.79,1,0
SKU-4027,104.45,109.67,47.0,1,0
SKU-4028,51.91,55.54,23.36,1,0
SKU-4029,102.89,108.03,46.3,1,0
SKU-4030,23.7,19.2,10.66,6,1
SKU-4031,79.63,74.06,35.83,1,0
SKU-4032,43.0,47.73,19.35,1,0
SKU-4033,32.06,24.37,14.43,4,1
SKU-4034,27.7,23.54,12.46,6,1
SKU-4035,89.63,76.19,40.33,1,1
SKU-4036,53.99,50.75,24.3,1,0
SKU-4037,92.48,114.68,41.62,1,0
SKU-4038,26.54,19.64,11.94,8,1
SKU-4039,51.53,51.01,23.19,1,0
SKU-4040,73.95,59.16,33.28,1,1
SKU-4041,99.07,121.86,44.58,1,0
SKU-4042,51.88,39.43,23.35,2,1
SKU-4043,82.59,75.98,37.17,1,0
SKU-4044,108.6,120.55,48.87,1,0
SKU-4045,81.59,88.93,36.72,1,0
SKU-4046,43.3,40.27,19.48,1,0
SKU-4047,22.44,19.97,10.1,6,1
SKU-4048,107.01,98.45,48.15,1,0
SKU-4049,22.13,18.81,9.96,4,1
SKU-4050,107.47,87.05,48.36,1,1
SKU-4051,72.89,70.7,32.8,1,0
SKU-4052,113.91,96.82,51.26,1,1
SKU-4053,99.88,85.9,44.95,1,1
SKU-4054,119.79,126.98,53.91,1,0
SKU-4055,55.07,67.74,24.78,1,0
SKU-4056,96.72,99.62,43.52,1,0
SKU-4057,60.19,44.54,27.09,1,1
SKU-4058,67.99,50.31,30.6,1,1
SKU-4059,82.75,100.96,37.24,1,0
SKU-4060,107.37,92.34,48.32,1,1
SKU-4061,118.41,88.81,53.28,1,1
SKU-4062,96.83,99.73,43.57,1,0
SKU-4063,61.78,64.25,27.8,1,0
SKU-4064,62.14,65.87,27.96,1,0
SKU-4065,93.76,79.7,42.19,1,1
SKU-4066,43.88,31.15,19.75,2,1
SKU-4067,31.05,38.19,13.97,1,0
SKU-4068,55.46,46.59,24.96,2,1
SKU-4069,48.72,52.13,21.92,1,0
SKU-4070,49.63,54.1,22.33,1,0
SKU-4071,43.36,45.09,19.51,1,0
SKU-4072,24.21,21.06,10.89,4,1
SKU-4073,21.79,18.52,9.81,9,1
SKU-4074,118.77,122.33,53.45,1,0
SKU-4075,62.78,74.08,28.25,1,0
SKU-4076,58.43,71.28,26.29,1,0
SKU-4077,87.96,66.85,39.58,1,1
SKU-4078,41.83,33.05,18.82,3,1
SKU-4079,115.0,140.3,51.75,1,0
SKU-4080,98.63,109.48,44.38,1,0
SKU-4081,28.94,34.44,13.02,1,0
SKU-4082,61.76,50.03,27.79,1,1
SKU-4083,107.91,110.07,48.56,1,0
SKU-4084,114.47,124.77,51.51,1,0
SKU-4085,66.74,71.41,30.03,1,0
SKU-4086,81.34,74.83,36.6,1,0
SKU-4087,36.7,26.06,16.52,3,1
SKU-4088,119.12,121.5,53.6,1,0
SKU-4089,43.17,36.26,19.43,3,1
SKU-4090,114.27,108.56,51.42,1,0
SKU-4091,84.96,104.5,38.23,1,0
SKU-4092,80.77,74.31,36.35,1,0
SKU-4093,71.27,82.67,32.07,1,0
SKU-4094,43.07,34.46,19.38,2,1
SKU-4095,37.65,40.29,16.94,1,0
SKU-4096,42.05,52.14,18.92,1,0
SKU-4097,38.64,29.37,17.39,4,1
SKU-4098,97.96,68.57,44.08,1,1
SKU-4099,55.01,51.71,24.75,1,0
SKU-4100,25.78,19.34,11.6,7,1
SKU-4101,116.91,129.77,52.61,1,0
SKU-4102,108.38,130.06,48.77,1,0
SKU-4103,112.78,106.01,50.75,1,0
SKU-4104,119.49,100.37,53.77,1,1
SKU-4105,37.39,35.15,16.83,1,0
SKU-4106,59.62,65.58,26.83,1,0
SKU-4107,95.82,67.07,43.12,1,1
SKU-4108,89.6,91.39,40.32,1,0
SKU-4109,35.39,36.81,15.93,1,0
SKU-4110,101.58,106.66,45.71,1,0
SKU-4111,42.44,35.23,19.1,2,1
SKU-4112,42.38,46.19,19.07,1,0
SKU-4113,73.7,55.28,33.16,1,1
SKU-4114,79.29,64.22,35.68,1,1
SKU-4115,78.01,92.05,35.1,1,0
SKU-4116,29.15,32.36,13.12,1,0
SKU-4117,107.75,76.5,48.49,1,1
SKU-4118,46.56,39.11,20.95,1,1
SKU-4119,32.95,27.02,14.83,3,1
SKU-4120,108.87,92.54,48.99,1,1
SKU-4121,115.57,97.08,52.01,1,1
SKU-4122,106.21,77.53,47.79,1,1
SKU-4123,100.95,95.9,45.43,1,0
SKU-4124,85.52,94.07,38.48,1,0
SKU-4125,75.09,77.34,33.79,1,0
SKU-4126,28.7,30.71,12.92,1,0
SKU-4127,60.85,45.03,27.38,1,1
SKU-4128,57.27,69.87,25.77,1,0
SKU-4129,45.98,53.34,20.69,1,0
SKU-4130,92.34,105.27,41.55,1,0
SKU-4131,69.59,80.03,31.32,1,0
SKU-4132,28.1,34.0,12.65,2,0
SKU-4133,42.02,42.02,18.91,1,0
SKU-4134,88.33,71.55,39.75,1,1
SKU-4135,27.61,28.71,12.42,2,0
SKU-4136,105.12,116.68,47.3,1,0
SKU-4137,69.51,77.16,31.28,1,0
SKU-4138,68.06,67.38,30.63,1,0
SKU-4139,79.24,58.64,35.66,1,1
SKU-4140,102.47,92.22,46.11,1,0
SKU-4141,54.78,66.28,24.65,1,0
SKU-4142,87.8,89.56,39.51,1,0
SKU-4143,76.57,76.57,34.46,1,0
SKU-4144,46.7,39.7,21.02,1,1
SKU-4145,107.86,97.07,48.54,1,0
SKU-4146,99.74,118.69,44.88,1,0
SKU-4147,85.85,91.86,38.63,1,0
SKU-4148,105.06,118.72,47.28,1,0
SKU-4149,106.73,101.39,48.03,1,0
SKU-4150,90.84,95.38,40.88,1,0
SKU-4151,103.7,87.11,46.66,1,1
SKU-4152,89.75,97.83,40.39,1,0
SKU-4153,88.01,82.73,39.6,1,0
SKU-4154,81.86,76.95,36.84,1,0
SKU-4155,95.27,100.99,42.87,1,0
SKU-4156,35.86,43.39,16.14,1,0
SKU-4157,108.09,79.99,48.64,1,1
SKU-4158,107.18,123.26,48.23,1,0
SKU-4159,22.92,19.71,10.31,8,1
SKU-4160,102.58,96.43,46.16,1,0
SKU-4161,32.89,23.35,14.8,4,1
SKU-4162,53.51,46.55,24.08,1,1
SKU-4163,94.35,92.46,42.46,1,0
SKU-4164,36.08,26.34,16.24,4,1
SKU-4165,101.8,98.75,45.81,1,0
SKU-4166,103.21,124.88,46.44,1,0
SKU-4167,70.75,53.77,31.84,1,1
SKU-4168,20.64,23.12,9.29,3,0
SKU-4169,48.7,45.29,21.92,1,0
SKU-4170,81.69,86.59,36.76,1,0
SKU-4171,118.12,99.22,53.15,1,1
SKU-4172,83.18,65.71,37.43,1,1
SKU-4173,45.98,36.32,20.69,1,1
SKU-4174,83.4,61.72,37.53,1,1
SKU-4175,74.0,59.2,33.3,1,1
SKU-4176,97.98,104.84,44.09,1,0
SKU-4177,30.7,36.23,13.82,1,0
SKU-4178,96.1,110.51,43.24,1,0
SKU-4179,74.13,80.06,33.36,1,0
SKU-4180,116.3,88.39,52.34,1,1
SKU-4181,54.19,46.6,24.39,1,1
SKU-4182,83.26,72.44,37.47,1,1
SKU-4183,113.2,95.09,50.94,1,1
SKU-4184,30.25,29.64,13.61,3,0
SKU-4185,113.72,112.58,51.17,1,0
SKU-4186,88.79,79.91,39.96,1,0
SKU-4187,26.78,23.83,12.05,4,1
SKU-4188,50.1,58.12,22.54,1,0
SKU-4189,90.82,102.63,40.87,1,0
SKU-4190,26.74,23.26,12.03,4,1
SKU-4191,78.22,93.86,35.2,1,0
SKU-4192,54.59,66.6,24.57,1,0
SKU-4193,82.09,72.24,36.94,1,1
SKU-4194,24.57,21.87,11.06,5,1
SKU-4195,107.15,105.01,48.22,1,0
SKU-4196,117.35,143.17,52.81,1,0
SKU-4197,116.89,137.93,52.6,1,0
SKU-4198,94.97,72.18,42.74,1,1
SKU-4199,33.01,30.37,14.85,2,0
SKU-4200,95.83,95.83,43.12,1,0
SKU-4201,22.46,22.01,10.11,4,0
SKU-4202,22.21,17.99,9.99,8,1
SKU-4203,52.36,61.26,23.56,1,0
SKU-4204,68.86,73.68,30.99,1,0
SKU-4205,97.04,112.57,43.67,1,0
SKU-4206,88.33,103.35,39.75,1,0
SKU-4207,64.59,71.69,29.07,1,0
SKU-4208,47.36,44.52,21.31,1,0
SKU-4209,119.71,124.5,53.87,1,0
SKU-4210,62.62,49.47,28.18,1,1
SKU-4211,65.14,69.7,29.31,1,0
SKU-4212,36.36,29.09,16.36,2,1
SKU-4213,99.48,107.44,44.77,1,0
SKU-4214,89.37,74.18,40.22,1,1
SKU-4215,42.08,31.98,18.94,3,1
SKU-4216,28.24,22.31,12.71,6,1
SKU-4217,88.05,61.63,39.62,1,1
SKU-4218,85.45,94.0,38.45,1,0
SKU-4219,47.33,52.06,21.3,1,0
SKU-4220,115.09,112.79,51.79,1,0
SKU-4221,35.11,27.74,15.8,3,1
SKU-4222,63.23,47.42,28.45,1,1
SKU-4223,114.36,81.2,51.46,1,1
SKU-4224,61.97,48.96,27.89,1,1
SKU-4225,83.85,99.78,37.73,1,0
SKU-4226,59.76,49.6,26.89,1,1
SKU-4227,47.42,42.2,21.34,1,1
SKU-4228,118.4,89.98,53.28,1,1
SKU-4229,60.93,49.96,27.42,1,1
SKU-4230,109.41,108.32,49.23,1,0
SKU-4231,43.0,44.29,19.35,1,0
SKU-4232,41.31,34.29,18.59,2,1
SKU-4233,23.11,16.87,10.4,10,1
SKU-4234,85.17,78.36,38.33,1,0
SKU-4235,56.85,47.19,25.58,1,1
SKU-4236,106.44,87.28,47.9,1,1
SKU-4237,67.32,82.8,30.29,1,0
SKU-4238,116.82,121.49,52.57,1,0
SKU-4239,38.55,38.94,17.35,1,0
SKU-4240,106.86,99.38,48.09,1,0
SKU-4241,97.66,91.8,43.95,1,0
SKU-4242,97.09,97.09,43.69,1,0
SKU-4243,104.48,112.84,47.02,1,0
SKU-4244,96.1,104.75,43.24,1,0
SKU-4245,82.62,65.27,37.18,1,1
SKU-4246,33.12,32.46,14.9,1,0
SKU-4247,23.25,21.62,10.46,4,0
SKU-4248,112.08,132.25,50.44,1,0
SKU-4249,81.67,85.75,36.75,1,0
SKU-4250,99.65,98.65,44.84,1,0
SKU-4251,68.15,51.79,30.67,1,1
SKU-4252,31.73,32.68,14.28,1,0
SKU-4253,32.52,24.72,14.63,4,1
SKU-4254,88.56,78.82,39.85,1,1
SKU-4255,63.03,49.16,28.36,1,1
SKU-4256,40.05,43.25,18.02,1,0
SKU-4257,69.16,56.02,31.12,1,1
SKU-4258,26.42,24.31,11.89,3,0
SKU-4259,78.2,93.06,35.19,1,0
SKU-4260,46.9,37.99,21.1,2,1
SKU-4261,99.76,97.76,44.89,1,0
SKU-4262,51.04,47.47,22.97,1,0
SKU-4263,65.52,46.52,29.48,1,1
SKU-4264,21.16,24.12,9.52,4,0
SKU-4265,27.24,20.16,12.26,7,1
SKU-4266,59.25,56.88,26.66,1,0
SKU-4267,67.99,68.67,30.6,1,0
SKU-4268,80.0,84.0,36.0,1,0
SKU-4269,49.17,53.1,22.13,1,0
SKU-4270,89.5,75.18,40.28,1,1
SKU-4271,106.01,75.27,47.7,1,1
SKU-4272,97.99,107.79,44.1,1,0
SKU-4273,23.96,23.72,10.78,2,0
SKU-4274,68.05,78.94,30.62,1,0
SKU-4275,30.49,35.06,13.72,1,0
SKU-4276,44.2,51.27,19.89,1,0
SKU-4277,118.67,115.11,53.4,1,0
SKU-4278,34.25,30.14,15.41,3,1
SKU-4279,69.89,79.67,31.45,1,0
SKU-4280,81.82,77.73,36.82,1,0
SKU-4281,90.25,72.2,40.61,1,1
SKU-4282,75.96,88.87,34.18,1,0
SKU-4283,20.98,24.97,9.44,3,0
SKU-4284,52.65,50.54,23.69,1,0
SKU-4285,71.77,53.11,32.3,1,1
SKU-4286,28.79,26.2,12.96,2,0
SKU-4287,55.06,62.77,24.78,1,0
SKU-4288,23.32,27.98,10.49,2,0
SKU-4289,27.86,22.57,12.54,5,1
SKU-4290,59.69,44.17,26.86,1,1
SKU-4291,33.27,39.26,14.97,1,0
SKU-4292,76.75,69.84,34.54,1,0
SKU-4293,88.95,88.95,40.03,1,0
SKU-4294,100.06,123.07,45.03,1,0
SKU-4295,40.02,29.61,18.01,3,1
SKU-4296,36.75,38.96,16.54,1,0
SKU-4297,30.46,22.54,13.71,5,1
SKU-4298,83.64,76.11,37.64,1,0
SKU-4299,90.65,103.34,40.79,1,0
SKU-4300,23.16,21.77,10.42,3,0
SKU-4301,113.62,142.02,51.13,1,0
SKU-4302,25.2,25.45,11.34,3,0
SKU-4303,74.13,65.23,33.36,1,1
SKU-4304,90.91,74.55,40.91,1,1
SKU-4305,107.1,95.32,48.2,1,1
SKU-4306,91.41,82.27,41.13,1,0
SKU-4307,100.17,74.13,45.08,1,1
SKU-4308,53.95,48.56,24.28,1,0
SKU-4309,101.48,97.42,45.67,1,0
SKU-4310,28.01,30.81,12.6,2,0
SKU-4311,109.48,116.05,49.27,1,0
SKU-4312,74.76,81.49,33.64,1,0
SKU-4313,101.73,71.21,45.78,1,1
SKU-4314,65.23,53.49,29.35,1,1
SKU-4315,84.36,89.42,37.96,1,0
SKU-4316,72.64,70.46,32.69,1,0
SKU-4317,93.16,65.21,41.92,1,1
SKU-4318,28.16,32.1,12.67,1,0
SKU-4319,26.04,29.43,11.72,2,0
SKU-4320,44.71,44.71,20.12,1,0
SKU-4321,35.95,26.6,16.18,4,1
SKU-4322,107.18,120.04,48.23,1,0
SKU-4323,41.92,42.76,18.86,1,0
SKU-4324,117.59,132.88,52.92,1,0
SKU-4325,53.69,59.6,24.16,1,0
SKU-4326,38.21,43.56,17.19,1,0
SKU-4327,98.97,96.99,44.54,1,0
SKU-4328,85.87,66.98,38.64,1,1
SKU-4329,69.82,74.71,31.42,1,0
SKU-4330,75.54,78.56,33.99,1,0
SKU-4331,91.92,102.03,41.36,1,0
SKU-4332,42.85,33.85,19.28,2,1
SKU-4333,119.63,96.9,53.83,1,1
SKU-4334,117.48,139.8,52.87,1,0
SKU-4335,85.03,94.38,38.26,1,0
SKU-4336,39.95,47.94,17.98,1,0
SKU-4337,88.02,98.58,39.61,1,0
SKU-4338,27.22,28.04,12.25,2,0
SKU-4339,23.07,24.45,10.38,3,0
SKU-4340,45.77,54.47,20.6,1,0
SKU-4341,66.26,67.59,29.82,1,0
SKU-4342,106.83,112.17,48.07,1,0
SKU-4343,92.72,73.25,41.72,1,1
SKU-4344,94.27,90.5,42.42,1,0
SKU-4345,62.55,68.18,28.15,1,0
SKU-4346,54.59,46.4,24.57,1,1
SKU-4347,57.1,46.25,25.7,1,1
SKU-4348,118.76,103.32,53.44,1,1
SKU-4349,24.01,19.93,10.8,7,1
SKU-4350,106.7,87.49,48.02,1,1
SKU-4351,77.87,72.42,35.04,1,0
SKU-4352,63.86,76.63,28.74,1,0
SKU-4353,92.53,90.68,41.64,1,0
SKU-4354,68.67,54.94,30.9,1,1
SKU-4355,107.34,79.43,48.3,1,1
SKU-4356,110.07,118.88,49.53,1,0
SKU-4357,62.17,56.57,27.98,1,0
SKU-4358,47.68,54.83,21.46,1,0
SKU-4359,79.24,83.99,35.66,1,0
SKU-4360,111.24,126.81,50.06,1,0
SKU-4361,41.07,34.91,18.48,2,1
SKU-4362,82.3,88.88,37.03,1,0
SKU-4363,83.16,70.69,37.42,1,1
SKU-4364,93.31,113.84,41.99,1,0
SKU-4365,33.16,34.82,14.92,2,0
SKU-4366,91.58,80.59,41.21,1,1
SKU-4367,110.9,94.26,49.9,1,1
SKU-4368,37.97,30.76,17.09,2,1
SKU-4369,43.75,47.25,19.69,1,0
SKU-4370,117.14,96.05,52.71,1,1
SKU-4371,38.1,39.24,17.14,1,0
SKU-4372,105.44,89.62,47.45,1,1
SKU-4373,69.23,73.38,31.15,1,0
SKU-4374,44.72,51.43,20.12,1,0
SKU-4375,107.07,120.99,48.18,1,0
SKU-4376,64.53,72.27,29.04,1,0
SKU-4377,71.48,57.18,32.17,1,1
SKU-4378,55.92,41.94,25.16,1,1
SKU-4379,79.3,85.64,35.68,1,0
SKU-4380,36.35,32.72,16.36,1,0
SKU-4381,59.11,55.56,26.6,1,0
SKU-4382,116.94,84.2,52.62,1,1
SKU-4383,45.81,38.48,20.61,2,1
SKU-4384,85.67,61.68,38.55,1,1
SKU-4385,52.52,61.97,23.63,1,0
SKU-4386,97.35,80.8,43.81,1,1
SKU-4387,33.09,33.42,14.89,2,0
SKU-4388,116.98,84.23,52.64,1,1
SKU-4389,65.38,69.96,29.42,1,0
SKU-4390,43.61,38.38,19.62,2,1
SKU-4391,27.35,32.55,12.31,1,0
SKU-4392,36.98,44.01,16.64,1,0
SKU-4393,71.98,63.34,32.39,1,1
SKU-4394,53.7,64.44,24.17,1,0
SKU-4395,102.89,128.61,46.3,1,0
SKU-4396,63.09,72.55,28.39,1,0
SKU-4397,44.87,52.05,20.19,1,0
SKU-4398,81.71,68.64,36.77,1,1
SKU-4399,90.68,92.49,40.81,1,0
SKU-4400,36.7,27.16,16.52,3,1
SKU-4401,36.76,27.57,16.54,4,1
SKU-4402,23.67,29.59,10.65,2,0
SKU-4403,93.64,82.4,42.14,1,1
SKU-4404,86.38,95.88,38.87,1,0
SKU-4405,67.46,76.9,30.36,1,0
SKU-4406,104.42,122.17,46.99,1,0
SKU-4407,100.57,125.71,45.26,1,0
SKU-4408,78.54,65.19,35.34,1,1
SKU-4409,106.83,76.92,48.07,1,1
SKU-4410,40.58,37.74,18.26,1,0
SKU-4411,31.19,24.02,14.04,4,1
SKU-4412,46.97,33.35,21.14,2,1
SKU-4413,25.71,23.14,11.57,3,0
SKU-4414,73.12,82.63,32.9,1,0
SKU-4415,113.66,114.8,51.15,1,0
SKU-4416,23.93,20.82,10.77,5,1
SKU-4417,32.21,34.14,14.49,1,0
SKU-4418,65.22,54.13,29.35,1,1
SKU-4419,113.39,80.51,51.03,1,1
SKU-4420,51.62,57.81,23.23,1,0
SKU-4421,70.72,73.55,31.82,1,0
SKU-4422,24.16,27.06,10.87,2,0
SKU-4423,34.83,25.08,15.67,3,1
SKU-4424,118.66,137.65,53.4,1,0
SKU-4425,116.51,121.17,52.43,1,0
SKU-4426,20.49,20.69,9.22,4,0
SKU-4427,115.18,119.79,51.83,1,0
SKU-4428,83.91,99.01,37.76,1,0
SKU-4429,106.79,108.93,48.06,1,0
SKU-4430,65.47,66.78,29.46,1,0
SKU-4431,71.56,88.73,32.2,1,0
SKU-4432,68.88,77.15,31.0,1,0
SKU-4433,86.69,81.49,39.01,1,0
SKU-4434,33.97,37.03,15.29,1,0
SKU-4435,23.0,20.93,10.35,3,0
SKU-4436,50.79,42.16,22.86,1,1
SKU-4437,90.47,93.18,40.71,1,0
SKU-4438,40.19,48.63,18.09,1,0
SKU-4439,87.34,105.68,39.3,1,0
SKU-4440,116.99,104.12,52.65,1,1
SKU-4441,29.39,29.1,13.23,2,0
SKU-4442,87.26,71.55,39.27,1,1
SKU-4443,64.38,80.47,28.97,1,0
SKU-4444,106.81,132.44,48.06,1,0
SKU-4445,37.71,39.97,16.97,1,0
SKU-4446,89.26,101.76,40.17,1,0
SKU-4447,103.81,113.15,46.71,1,0
SKU-4448,114.46,117.89,51.51,1,0
SKU-4449,88.32,64.47,39.74,1,1
SKU-4450,69.72,66.23,31.37,1,0
SKU-4451,81.78,87.5,36.8,1,0
SKU-4452,106.89,114.37,48.1,1,0
SKU-4453,77.06,70.12,34.68,1,0
SKU-4454,23.04,28.11,10.37,3,0
SKU-4455,113.09,89.34,50.89,1,1
SKU-4456,88.95,87.17,40.03,1,0
SKU-4457,87.65,94.66,39.44,1,0
SKU-4458,41.57,44.9,18.71,1,0
SKU-4459,85.89,91.04,38.65,1,0
SKU-4460,59.39,50.48,26.73,1,1
SKU-4461,85.12,67.24,38.3,1,1
SKU-4462,30.66,32.19,13.8,1,0
SKU-4463,85.78,88.35,38.6,1,0
SKU-4464,119.94,95.95,53.97,1,1
SKU-4465,24.82,27.05,11.17,3,0
SKU-4466,117.72,111.83,52.97,1,0
SKU-4467,60.69,64.94,27.31,1,0
SKU-4468,107.08,124.21,48.19,1,0
SKU-4469,98.24,77.61,44.21,1,1
SKU-4470,76.7,54.46,34.52,1,1
SKU-4471,93.84,106.04,42.23,1,0
SKU-4472,107.85,112.16,48.53,1,0
SKU-4473,60.41,65.24,27.18,1,0
SKU-4474,52.7,61.13,23.72,1,0
SKU-4475,86.76,98.91,39.04,1,0
SKU-4476,100.78,123.96,45.35,1,0
SKU-4477,96.23,95.27,43.3,1,0
SKU-4478,99.78,96.79,44.9,1,0
SKU-4479,63.56,58.48,28.6,1,0
SKU-4480,101.78,79.39,45.8,1,1
SKU-4481,32.02,32.34,14.41,1,0
SKU-4482,74.45,63.28,33.5,1,1
SKU-4483,20.58,24.9,9.26,3,0
SKU-4484,52.46,53.51,23.61,1,0
SKU-4485,56.65,58.35,25.49,1,0
SKU-4486,59.62,53.66,26.83,1,0
SKU-4487,89.55,65.37,40.3,1,1
SKU-4488,58.86,42.38,26.49,1,1
SKU-4489,64.87,60.33,29.19,1,0
SKU-4490,43.75,32.81,19.69,2,1
SKU-4491,57.33,59.05,25.8,1,0
SKU-4492,42.73,50.42,19.23,1,0
SKU-4493,27.32,32.51,12.29,2,0
SKU-4494,80.34,85.16,36.15,1,0
SKU-4495,86.82,71.19,39.07,1,1
SKU-4496,81.95,95.88,36.88,1,0
SKU-4497,66.35,78.96,29.86,1,0
SKU-4498,57.98,46.96,26.09,1,1
SKU-4499,106.33,118.03,47.85,1,0
SKU-4500,71.91,61.84,32.36,1,1
SKU-4501,67.92,77.43,30.56,1,0
SKU-4502,22.56,28.2,10.15,3,0
SKU-4503,54.12,38.97,24.35,2,1
SKU-4504,58.02,69.04,26.11,1,0
SKU-4505,59.88,62.28,26.95,1,0
SKU-4506,78.02,96.74,35.11,1,0
SKU-4507,73.36,70.43,33.01,1,0
SKU-4508,80.79,94.52,36.36,1,0
SKU-4509,96.49,70.44,43.42,1,1
SKU-4510,101.3,89.14,45.58,1,1
SKU-4511,91.81,67.94,41.31,1,1
SKU-4512,115.55,143.28,52.0,1,0
SKU-4513,21.82,25.09,9.82,2,0
SKU-4514,39.58,46.31,17.81,1,0
SKU-4515,20.76,25.33,9.34,2,0
SKU-4516,84.75,63.56,38.14,1,1
SKU-4517,109.8,99.92,49.41,1,0
SKU-4518,44.35,32.82,19.96,3,1
SKU-4519,112.7,92.41,50.72,1,1
SKU-4520,26.03,21.6,11.71,6,1
SKU-4521,113.44,108.9,51.05,1,0
SKU-4522,55.16,46.89,24.82,1,1
SKU-4523,30.14,22.91,13.56,4,1
SKU-4524,68.59,54.19,30.87,1,1
SKU-4525,45.68,35.63,20.56,2,1
SKU-4526,48.49,60.13,21.82,1,0
SKU-4527,50.73,56.82,22.83,1,0
SKU-4528,100.3,123.37,45.14,1,0
SKU-4529,73.92,69.48,33.26,1,0
SKU-4530,51.13,43.46,23.01,1,1
SKU-4531,81.03,92.37,36.46,1,0
SKU-4532,91.62,80.63,41.23,1,1
SKU-4533,47.26,40.64,21.27,2,1
SKU-4534,61.35,50.92,27.61,1,1
SKU-4535,32.19,24.79,14.49,5,1
SKU-4536,38.11,32.01,17.15,2,1
SKU-4537,88.11,79.3,39.65,1,0
SKU-4538,38.14,40.81,17.16,1,0
SKU-4539,72.52,52.94,32.63,1,1
SKU-4540,90.9,74.54,40.9,1,1
SKU-4541,30.69,34.99,13.81,1,0
SKU-4542,76.73,59.85,34.53,1,1
SKU-4543,45.66,40.64,20.55,1,1
SKU-4544,116.29,137.22,52.33,1,0
SKU-4545,68.35,54.0,30.76,1,1
SKU-4546,100.6,75.45,45.27,1,1
SKU-4547,75.02,72.77,33.76,1,0
SKU-4548,24.34,21.18,10.95,7,1
SKU-4549,83.32,84.15,37.49,1,0
SKU-4550,115.14,131.26,51.81,1,0
SKU-4551,80.16,62.52,36.07,1,1
SKU-4552,101.92,103.96,45.86,1,0
SKU-4553,108.42,106.25,48.79,1,0
SKU-4554,42.81,33.39,19.26,2,1
SKU-4555,41.2,42.85,18.54,1,0
SKU-4556,81.1,68.93,36.49,1,1
SKU-4557,61.1,59.27,27.5,1,0
SKU-4558,103.99,77.99,46.8,1,1
SKU-4559,110.0,104.5,49.5,1,0
SKU-4560,55.34,48.15,24.9,1,1
SKU-4561,43.69,50.24,19.66,1,0
SKU-4562,98.05,71.58,44.12,1,1
SKU-4563,47.48,44.16,21.37,1,0
SKU-4564,102.26,97.15,46.02,1,0
SKU-4565,62.37,68.61,28.07,1,0
SKU-4566,86.75,88.48,39.04,1,0
SKU-4567,29.55,31.62,13.3,1,0
SKU-4568,82.39,93.1,37.08,1,0
SKU-4569,65.18,76.26,29.33,1,0
SKU-4570,78.66,68.43,35.4,1,1
SKU-4571,36.8,36.8,16.56,1,0
SKU-4572,93.69,108.68,42.16,1,0
SKU-4573,106.28,131.79,47.83,1,0
SKU-4574,41.67,49.59,18.75,1,0
SKU-4575,29.57,26.61,13.31,3,0
SKU-4576,22.36,18.11,10.06,8,1
SKU-4577,84.2,81.67,37.89,1,0
SKU-4578,80.71,89.59,36.32,1,0
SKU-4579,74.67,72.43,33.6,1,0
SKU-4580,43.19,41.89,19.44,1,0
SKU-4581,59.09,68.54,26.59,1,0
SKU-4582,79.45,71.51,35.75,1,0
SKU-4583,69.68,81.53,31.36,1,0
SKU-4584,118.78,109.28,53.45,1,0
SKU-4585,33.64,29.6,15.14,3,1
SKU-4586,89.51,85.03,40.28,1,0
SKU-4587,60.43,67.68,27.19,1,0
SKU-4588,62.82,48.37,28.27,1,1
SKU-4589,91.76,74.33,41.29,1,1
SKU-4590,89.24,108.87,40.16,1,0
SKU-4591,119.13,95.3,53.61,1,1
SKU-4592,32.84,33.17,14.78,2,0
SKU-4593,30.41,31.02,13.68,2,0
SKU-4594,92.43,89.66,41.59,1,0
SKU-4595,77.84,81.73,35.03,1,0
SKU-4596,47.42,39.36,21.34,1,1
SKU-4597,27.94,27.94,12.57,2,0
SKU-4598,28.57,25.71,12.86,2,0
SKU-4599,109.42,115.99,49.24,1,0
SKU-4600,39.19,30.57,17.64,2,1
SKU-4601,52.34,52.86,23.55,1,0
SKU-4602,42.67,34.14,19.2,2,1
SKU-4603,55.5,47.18,24.98,1,1
SKU-4604,26.94,22.09,12.12,6,1
SKU-4605,71.91,57.53,32.36,1,1
SKU-4606,26.76,30.77,12.04,1,0
SKU-4607,100.04,86.03,45.02,1,1
SKU-4608,43.37,52.48,19.52,1,0
SKU-4609,74.0,91.02,33.3,1,0
SKU-4610,108.01,109.09,48.6,1,0
SKU-4611,85.09,66.37,38.29,1,1
SKU-4612,73.3,66.7,32.98,1,0
SKU-4613,52.43,59.77,23.59,1,0
SKU-4614,53.3,47.97,23.98,1,0
SKU-4615,86.95,65.21,39.13,1,1
SKU-4616,119.41,120.6,53.73,1,0
SKU-4617,86.18,99.97,38.78,1,0
SKU-4618,75.78,86.39,34.1,1,0
SKU-4619,93.07,74.46,41.88,1,1
SKU-4620,66.52,71.18,29.93,1,0
SKU-4621,26.01,21.33,11.7,3,1
SKU-4622,76.23,62.51,34.3,1,1
SKU-4623,115.76,136.6,52.09,1,0
SKU-4624,37.53,31.53,16.89,2,1
SKU-4625,89.0,74.76,40.05,1,1
SKU-4626,40.09,28.06,18.04,5,1
SKU-4627,73.58,86.82,33.11,1,0
SKU-4628,29.67,33.82,13.35,2,0
SKU-4629,65.04,68.29,29.27,1,0
SKU-4630,95.62,106.14,43.03,1,0
SKU-4631,54.76,42.71,24.64,1,1
SKU-4632,86.49,82.17,38.92,1,0
SKU-4633,99.54,88.59,44.79,1,1
SKU-4634,112.72,84.54,50.72,1,1
SKU-4635,43.46,42.16,19.56,1,0
SKU-4636,59.93,72.52,26.97,1,0
SKU-4637,35.24,25.37,15.86,3,1
SKU-4638,119.25,102.56,53.66,1,1
SKU-4639,112.7,91.29,50.72,1,1
SKU-4640,74.0,61.42,33.3,1,1
SKU-4641,104.2,125.04,46.89,1,0
SKU-4642,72.1,69.22,32.44,1,0
SKU-4643,82.36,79.07,37.06,1,0
SKU-4644,28.91,32.38,13.01,1,0
SKU-4645,95.53,74.51,42.99,1,1
SKU-4646,32.77,31.79,14.75,2,0
SKU-4647,102.61,96.45,46.17,1,0
SKU-4648,98.2,101.15,44.19,1,0
SKU-4649,90.87,113.59,40.89,1,0
SKU-4650,23.62,26.45,10.63,3,0
SKU-4651,50.31,46.29,22.64,1,0
SKU-4652,46.31,53.72,20.84,1,0
SKU-4653,56.01,44.25,25.2,1,1
SKU-4654,28.76,20.71,12.94,6,1
SKU-4655,113.7,92.1,51.16,1,1
SKU-4656,75.38,67.09,33.92,1,1
SKU-4657,50.55,49.54,22.75,1,0
SKU-4658,59.7,62.09,26.86,1,0
SKU-4659,64.72,77.66,29.12,1,0
SKU-4660,80.06,78.46,36.03,1,0
SKU-4661,71.57,70.14,32.21,1,0
SKU-4662,111.94,81.72,50.37,1,1
SKU-4663,69.7,50.18,31.36,1,1
SKU-4664,119.22,119.22,53.65,1,0
SKU-4665,105.14,98.83,47.31,1,0
SKU-4666,40.85,47.39,18.38,1,0
SKU-4667,113.06,89.32,50.88,1,1
SKU-4668,31.64,22.46,14.24,5,1
SKU-4669,101.74,96.65,45.78,1,0
SKU-4670,58.06,48.19,26.13,1,1
SKU-4671,107.8,78.69,48.51,1,1
SKU-4672,106.81,117.49,48.06,1,0
SKU-4673,100.59,76.45,45.27,1,1
SKU-4674,99.0,101.97,44.55,1,0
SKU-4675,50.47,42.9,22.71,1,1
SKU-4676,28.09,22.47,12.64,4,1
SKU-4677,60.3,54.87,27.14,1,0
SKU-4678,37.35,42.58,16.81,1,0
SKU-4679,89.5,82.34,40.28,1,0
SKU-4680,54.61,60.62,24.57,1,0
SKU-4681,117.56,90.52,52.9,1,1
SKU-4682,84.1,95.03,37.84,1,0
SKU-4683,102.25,84.87,46.01,1,1
SKU-4684,33.25,35.58,14.96,1,0
SKU-4685,106.2,107.26,47.79,1,0
SKU-4686,112.28,135.86,50.53,1,0
SKU-4687,68.71,62.53,30.92,1,0
SKU-4688,80.63,59.67,36.28,1,1
SKU-4689,96.48,68.5,43.42,1,1
SKU-4690,37.48,43.1,16.87,1,0
SKU-4691,70.26,69.56,31.62,1,0
SKU-4692,59.87,67.65,26.94,1,0
SKU-4693,34.64,28.75,15.59,5,1
SKU-4694,56.75,50.51,25.54,1,1
SKU-4695,26.82,19.31,12.07,7,1
SKU-4696,22.58,27.77,10.16,3,0
SKU-4697,33.52,35.87,15.08,2,0
SKU-4698,116.31,140.74,52.34,1,0
SKU-4699,74.95,63.71,33.73,1,1
SKU-4700,116.58,121.24,52.46,1,0
SKU-4701,63.25,67.68,28.46,1,0
SKU-4702,51.18,44.53,23.03,1,1
SKU-4703,70.61,82.61,31.77,1,0
SKU-4704,63.95,78.02,28.78,1,0
SKU-4705,30.57,36.38,13.76,1,0
SKU-4706,84.08,93.33,37.84,1,0
SKU-4707,41.6,35.36,18.72,1,1
SKU-4708,81.96,69.67,36.88,1,1
SKU-4709,85.02,104.57,38.26,1,0
SKU-4710,35.2,24.99,15.84,4,1
SKU-4711,26.13,28.48,11.76,2,0
SKU-4712,98.08,106.91,44.14,1,0
SKU-4713,65.98,68.62,29.69,1,0
SKU-4714,25.82,32.02,11.62,1,0
SKU-4715,119.49,103.96,53.77,1,1
SKU-4716,25.78,22.94,11.6,4,1
SKU-4717,89.5,66.23,40.28,1,1
SKU-4718,118.37,111.27,53.27,1,0
SKU-4719,43.92,36.89,19.76,2,1
SKU-4720,34.22,30.46,15.4,2,1
SKU-4721,32.14,37.28,14.46,1,0
SKU-4722,50.33,60.9,22.65,1,0
SKU-4723,30.1,24.08,13.55,5,1
SKU-4724,89.22,80.3,40.15,1,0
SKU-4725,26.23,31.74,11.8,2,0
SKU-4726,70.94,51.79,31.92,1,1
SKU-4727,119.67,89.75,53.85,1,1
SKU-4728,101.4,80.11,45.63,1,1
SKU-4729,81.52,83.97,36.68,1,0
SKU-4730,50.63,39.49,22.78,2,1
SKU-4731,82.39,101.34,37.08,1,0
SKU-4732,72.7,69.06,32.72,1,0
SKU-4733,62.61,61.36,28.17,1,0
SKU-4734,33.07,27.78,14.88,3,1
SKU-4735,108.66,104.31,48.9,1,0
SKU-4736,64.98,68.88,29.24,1,0
SKU-4737,39.46,43.8,17.76,1,0
SKU-4738,56.78,63.03,25.55,1,0
SKU-4739,61.41,62.64,27.63,1,0
SKU-4740,102.75,123.3,46.24,1,0
SKU-4741,93.36,107.36,42.01,1,0
SKU-4742,96.93,108.56,43.62,1,0
SKU-4743,21.1,15.4,9.5,9,1
SKU-4744,61.62,43.13,27.73,1,1
SKU-4745,68.13,55.87,30.66,1,1
SKU-4746,21.92,23.24,9.86,4,0
SKU-4747,45.98,42.76,20.69,1,0
SKU-4748,96.03,88.35,43.21,1,0
SKU-4749,33.71,40.11,15.17,1,0
SKU-4750,73.53,87.5,33.09,1,0
SKU-4751,41.52,49.82,18.68,1,0
SKU-4752,21.21,18.45,9.54,7,1
SKU-4753,44.12,47.65,19.85,1,0
SKU-4754,117.59,99.95,52.92,1,1
SKU-4755,100.15,80.12,45.07,1,1
SKU-4756,115.96,92.77,52.18,1,1
SKU-4757,68.79,61.22,30.96,1,1
SKU-4758,30.97,29.11,13.94,2,0
SKU-4759,74.8,86.77,33.66,1,0
SKU-4760,65.44,50.39,29.45,1,1
SKU-4761,104.44,114.88,47.0,1,0
SKU-4762,29.81,29.51,13.41,3,0
SKU-4763,68.82,59.19,30.97,1,1
SKU-4764,35.0,33.95,15.75,2,0
SKU-4765,52.47,45.12,23.61,2,1
SKU-4766,93.74,96.55,42.18,1,0
SKU-4767,67.6,63.54,30.42,1,0
SKU-4768,57.59,45.5,25.92,1,1
SKU-4769,59.45,45.18,26.75,1,1
SKU-4770,65.94,65.94,29.67,1,0
SKU-4771,98.5,118.2,44.32,1,0
SKU-4772,109.21,97.2,49.14,1,1
SKU-4773,115.53,127.08,51.99,1,0
SKU-4774,98.69,104.61,44.41,1,0
SKU-4775,51.54,62.36,23.19,1,0
SKU-4776,88.81,102.13,39.96,1,0
SKU-4777,63.76,64.4,28.69,1,0
SKU-4778,45.47,48.2,20.46,1,0
SKU-4779,104.09,123.87,46.84,1,0
SKU-4780,23.84,21.93,10.73,4,0
SKU-4781,110.18,96.96,49.58,1,1
SKU-4782,66.15,46.97,29.77,1,1
SKU-4783,83.72,96.28,37.67,1,0
SKU-4784,85.94,97.97,38.67,1,0
SKU-4785,109.51,83.23,49.28,1,1
SKU-4786,83.67,85.34,37.65,1,0
SKU-4787,81.39,78.13,36.63,1,0
SKU-4788,26.67,20.54,12.0,5,1
SKU-4789,71.84,89.08,32.33,1,0
SKU-4790,35.02,28.72,15.76,3,1
SKU-4791,93.74,69.37,42.18,1,1
SKU-4792,71.22,73.36,32.05,1,0
SKU-4793,88.02,97.7,39.61,1,0
SKU-4794,24.17,17.4,10.88,9,1
SKU-4795,28.48,30.19,12.82,2,0
SKU-4796,91.63,90.71,41.23,1,0
SKU-4797,27.21,20.68,12.24,5,1
SKU-4798,27.13,21.43,12.21,5,1
SKU-4799,21.21,21.42,9.54,4,0
SKU-4800,115.65,99.46,52.04,1,1
SKU-4801,93.75,114.38,42.19,1,0
SKU-4802,55.33,63.63,24.9,1,0
SKU-4803,49.65,61.57,22.34,1,0
SKU-4804,54.97,46.17,24.74,1,1
SKU-4805,97.47,119.89,43.86,1,0
SKU-4806,86.14,80.97,38.76,1,0
SKU-4807,38.52,34.28,17.33,2,1
SKU-4808,37.41,27.31,16.83,3,1
SKU-4809,29.84,21.78,13.43,6,1
SKU-4810,86.03,92.91,38.71,1,0
SKU-4811,96.44,91.62,43.4,1,0
SKU-4812,46.5,38.13,20.92,2,1
SKU-4813,22.09,22.97,9.94,3,0
SKU-4814,28.22,23.7,12.7,4,1
SKU-4815,116.79,119.13,52.56,1,0
SKU-4816,49.54,44.59,22.29,1,0
SKU-4817,96.92,111.46,43.61,1,0
SKU-4818,82.47,94.84,37.11,1,0
SKU-4819,58.19,55.86,26.19,1,0
SKU-4820,40.57,36.11,18.26,2,1
SKU-4821,32.14,28.93,14.46,1,0
SKU-4822,81.5,92.91,36.68,1,0
SKU-4823,97.46,85.76,43.86,1,1
SKU-4824,84.39,68.36,37.98,1,1
SKU-4825,73.03,54.77,32.86,1,1
SKU-4826,24.2,23.23,10.89,3,0
SKU-4827,116.85,113.34,52.58,1,0
SKU-4828,99.87,115.85,44.94,1,0
SKU-4829,49.28,40.41,22.18,1,1
SKU-4830,118.0,107.38,53.1,1,0
SKU-4831,80.19,91.42,36.09,1,0
SKU-4832,78.24,89.98,35.21,1,0
SKU-4833,94.81,86.28,42.66,1,0
SKU-4834,101.18,96.12,45.53,1,0
SKU-4835,85.65,74.52,38.54,1,1
SKU-4836,32.81,39.7,14.76,1,0
SKU-4837,53.83,41.45,24.22,1,1
SKU-4838,112.81,136.5,50.76,1,0
SKU-4839,42.46,45.86,19.11,1,0
SKU-4840,57.22,56.65,25.75,1,0
SKU-4841,63.21,45.51,28.44,1,1
SKU-4842,63.94,61.38,28.77,1,0
SKU-4843,81.29,74.79,36.58,1,0
SKU-4844,114.31,90.3,51.44,1,1
SKU-4845,44.07,46.71,19.83,1,0
SKU-4846,32.15,39.54,14.47,1,0
SKU-4847,39.75,40.15,17.89,1,0
SKU-4848,108.69,118.47,48.91,1,0
SKU-4849,84.58,62.59,38.06,1,1
SKU-4850,48.59,45.19,21.87,1,0
SKU-4851,101.59,77.21,45.72,1,1
SKU-4852,106.14,110.39,47.76,1,0
SKU-4853,104.65,127.67,47.09,1,0
SKU-4854,111.89,118.6,50.35,1,0
SKU-4855,45.22,33.46,20.35,2,1
SKU-4856,95.5,85.95,42.98,1,0
SKU-4857,66.05,66.05,29.72,1,0
SKU-4858,104.2,95.86,46.89,1,0
SKU-4859,92.85,107.71,41.78,1,0
SKU-4860,97.64,112.29,43.94,1,0
SKU-4861,85.62,89.04,38.53,1,0
SKU-4862,37.74,34.34,16.98,1,0
SKU-4863,74.5,62.58,33.52,1,1
SKU-4864,118.47,90.04,53.31,1,1
SKU-4865,113.74,102.37,51.18,1,0
SKU-4866,24.32,22.62,10.94,5,0
SKU-4867,36.48,39.03,16.42,1,0
SKU-4868,33.17,35.16,14.93,1,0
SKU-4869,92.6,68.52,41.67,1,1
SKU-4870,101.78,93.64,45.8,1,0
SKU-4871,41.35,33.08,18.61,2,1
SKU-4872,70.59,55.77,31.77,1,1
SKU-4873,104.07,120.72,46.83,1,0
SKU-4874,93.28,67.16,41.98,1,1
SKU-4875,74.22,69.02,33.4,1,0
SKU-4876,79.03,62.43,35.56,1,1
SKU-4877,70.84,83.59,31.88,1,0
SKU-4878,49.75,50.25,22.39,1,0
SKU-4879,76.5,63.5,34.43,1,1
SKU-4880,88.89,87.11,40.0,1,0
SKU-4881,107.33,118.06,48.3,1,0
SKU-4882,83.63,102.86,37.63,1,0
SKU-4883,96.11,78.81,43.25,1,1
SKU-4884,36.01,42.85,16.2,1,0
SKU-4885,66.16,80.05,29.77,1,0
SKU-4886,20.93,25.12,9.42,3,0
SKU-4887,44.67,46.9,20.1,1,0
SKU-4888,92.65,97.28,41.69,1,0
SKU-4889,119.18,109.65,53.63,1,0
SKU-4890,29.92,33.21,13.46,2,0
SKU-4891,60.15,59.55,27.07,1,0
SKU-4892,100.01,107.01,45.0,1,0
SKU-4893,40.4,37.98,18.18,1,0
SKU-4894,75.51,83.06,33.98,1,0
SKU-4895,93.31,107.31,41.99,1,0
SKU-4896,81.6,63.65,36.72,1,1
SKU-4897,38.8,45.01,17.46,1,0
SKU-4898,55.54,55.54,24.99,1,0
SKU-4899,98.38,114.12,44.27,1,0
SKU-4900,75.42,70.89,33.94,1,0
SKU-4901,20.52,18.67,9.23,5,0
SKU-4902,96.1,115.32,43.24,1,0
SKU-4903,23.53,19.77,10.59,8,1
SKU-4904,94.57,109.7,42.56,1,0
SKU-4905,40.25,39.04,18.11,1,0
SKU-4906,115.81,113.49,52.11,1,0
SKU-4907,56.79,49.41,25.56,1,1
SKU-4908,52.69,53.74,23.71,1,0
SKU-4909,34.89,30.7,15.7,4,1
SKU-4910,50.56,36.4,22.75,2,1
SKU-4911,107.67,91.52,48.45,1,1
SKU-4912,119.63,83.74,53.83,1,1
SKU-4913,56.83,70.47,25.57,1,0
SKU-4914,64.86,79.78,29.19,1,0
SKU-4915,92.21,84.83,41.49,1,0
SKU-4916,108.62,119.48,48.88,1,0
SKU-4917,79.3,70.58,35.68,1,1
SKU-4918,59.15,63.29,26.62,1,0
SKU-4919,61.26,69.84,27.57,1,0
SKU-4920,89.56,109.26,40.3,1,0
SKU-4921,20.32,18.69,9.14,6,0
SKU-4922,81.96,92.61,36.88,1,0
SKU-4923,55.55,47.22,25.0,1,1
SKU-4924,99.42,123.28,44.74,1,0
SKU-4925,29.3,20.8,13.18,5,1
SKU-4926,78.82,81.18,35.47,1,0
SKU-4927,68.1,72.19,30.64,1,0
SKU-4928,84.23,90.97,37.9,1,0
SKU-4929,26.49,20.4,11.92,7,1
SKU-4930,78.0,95.16,35.1,1,0
SKU-4931,76.15,60.92,34.27,1,1
SKU-4932,76.07,79.11,34.23,1,0
SKU-4933,80.35,65.89,36.16,1,1
SKU-4934,87.65,76.26,39.44,1,1
SKU-4935,100.5,100.5,45.22,1,0
SKU-4936,46.98,43.69,21.14,1,0
SKU-4937,102.5,80.98,46.12,1,1
SKU-4938,69.83,55.17,31.42,1,1
SKU-4939,27.71,25.77,12.47,2,0
SKU-4940,25.86,28.96,11.64,2,0
SKU-4941,53.42,63.57,24.04,1,0
SKU-4942,98.49,73.87,44.32,1,1
SKU-4943,90.77,83.51,40.85,1,0
SKU-4944,98.86,75.13,44.49,1,1
SKU-4945,71.73,50.93,32.28,1,1
SKU-4946,64.02,67.86,28.81,1,0
SKU-4947,34.75,35.79,15.64,1,0
SKU-4948,52.82,41.73,23.77,1,1
SKU-4949,63.4,52.62,28.53,1,1
SKU-4950,28.86,20.49,12.99,5,1
SKU-4951,42.06,48.79,18.93,1,0
SKU-4952,79.82,98.98,35.92,1,0
SKU-4953,93.57,72.05,42.11,1,1
SKU-4954,119.83,99.46,53.92,1,1
SKU-4955,113.31,133.71,50.99,1,0
SKU-4956,84.26,101.95,37.92,1,0
SKU-4957,62.12,57.77,27.95,1,0
SKU-4958,83.62,61.04,37.63,1,1
SKU-4959,98.57,70.97,44.36,1,1
SKU-4960,31.83,32.47,14.32,1,0
SKU-4961,60.99,56.11,27.45,1,0
SKU-4962,103.98,74.87,46.79,1,1
SKU-4963,58.38,59.55,26.27,1,0
SKU-4964,77.19,54.8,34.74,1,1
SKU-4965,78.78,89.02,35.45,1,0
SKU-4966,38.45,33.45,17.3,3,1
SKU-4967,56.22,40.48,25.3,1,1
SKU-4968,53.45,54.52,24.05,1,0
SKU-4969,22.62,20.81,10.18,4,0
SKU-4970,22.42,27.8,10.09,2,0
SKU-4971,103.17,103.17,46.43,1,0
SKU-4972,47.31,40.21,21.29,2,1
SKU-4973,71.81,78.27,32.31,1,0
SKU-4974,49.87,42.39,22.44,1,1
SKU-4975,114.07,136.88,51.33,1,0
SKU-4976,45.93,41.8,20.67,1,0
SKU-4977,62.97,62.97,28.34,1,0
SKU-4978,107.27,78.31,48.27,1,1
SKU-4979,104.19,96.9,46.89,1,0
SKU-4980,38.61,44.79,17.37,1,0
SKU-4981,100.26,114.3,45.12,1,0
SKU-4982,65.82,53.97,29.62,1,1
SKU-4983,68.3,56.01,30.74,1,1
SKU-4984,33.35,38.35,15.01,1,0
SKU-4985,28.06,33.95,12.63,1,0
SKU-4986,92.79,69.59,41.76,1,1
SKU-4987,69.65,66.17,31.34,1,0
SKU-4988,63.69,56.68,28.66,1,1
SKU-4989,92.95,109.68,41.83,1,0
SKU-4990,96.55,72.41,43.45,1,1
SKU-4991,35.89,29.43,16.15,3,1
SKU-4992,81.02,89.93,36.46,1,0
SKU-4993,33.54,24.48,15.09,4,1
SKU-4994,95.14,92.29,42.81,1,0
SKU-4995,85.7,80.56,38.57,1,0
SKU-4996,115.66,101.78,52.05,1,1
SKU-4997,26.9,24.75,12.1,3,0
SKU-4998,25.71,25.45,11.57,3,0
SKU-4999,48.22,38.09,21.7,3,1
