property_id,square_footage,bedrooms,bathrooms,year_built,distance_to_transit_km,school_rating,visual_aesthetic_score,interior_modernity_index,valuation_usd
PROP-10000,2422,4,3,1987,1.37,10,4.17,0.19,1084500
PROP-10001,2010,3,2,1990,1.77,6,4.86,0.99,907200
PROP-10002,2520,4,3,1956,1.83,7,8.42,0.46,1159800
PROP-10003,3089,5,4,2002,2.88,6,7.9,0.25,1314900
PROP-10004,1947,2,1,2012,0.91,2,4.37,0.83,796000
PROP-10005,1947,3,2,1981,6.05,2,6.09,0.3,802500
PROP-10006,3126,5,3,1987,1.23,5,8.52,0.57,1282800
PROP-10007,2598,4,3,1971,4.28,4,1.16,0.22,930700
PROP-10008,1794,3,2,1965,2.52,9,8.22,0.53,988100
PROP-10009,2452,5,4,2001,3.09,8,9.52,0.6,1271100
PROP-10010,1798,2,2,1978,0.69,8,1.29,0.5,752900
PROP-10011,1797,3,2,1965,4.65,9,1.41,0.16,744300
PROP-10012,2257,3,2,1966,0.73,8,4.1,0.54,976000
PROP-10013,856,1,1,2013,0.42,3,1.79,0.52,422000
PROP-10014,978,2,1,1962,2.77,5,5.31,0.34,536200
PROP-10015,1734,3,2,2021,4.32,7,7.56,0.93,940100
PROP-10016,1441,2,1,2005,0.2,4,6.1,0.48,699000
PROP-10017,2304,3,3,1954,0.25,4,2.77,0.88,931400
PROP-10018,1509,3,2,1961,5.68,7,6.89,0.2,781200
PROP-10019,1182,1,1,1990,5.79,2,7.16,0.39,532100
PROP-10020,3052,5,5,1952,0.99,2,9.39,0.26,1266100
PROP-10021,1953,3,2,1982,3.34,6,2.32,0.47,834100
PROP-10022,2143,4,2,1999,2.05,2,7.23,0.2,932000
PROP-10023,1173,1,1,2005,3.51,9,9.2,0.5,770400
PROP-10024,1746,1,1,1958,6.95,3,5.51,0.42,667000
PROP-10025,2172,4,3,1999,0.29,7,4.26,0.3,1000200
PROP-10026,1351,3,2,1978,5.27,6,2.54,0.68,636200
PROP-10027,2344,5,4,1988,2.38,5,8.8,0.96,1160500
PROP-10028,1709,3,3,1994,2.91,2,4.55,0.29,747700
PROP-10029,1910,3,3,1966,3.71,4,9.32,0.74,916900
PROP-10030,1708,3,3,2005,8.96,5,8.63,0.77,885100
PROP-10031,3303,5,3,1995,0.2,3,4.39,0.55,1239800
PROP-10032,2091,4,3,2016,0.2,3,6.17,0.91,999100
PROP-10033,1412,3,1,2018,0.69,3,1.24,0.97,646800
PROP-10034,2634,5,3,1963,15.05,2,3.37,0.43,903100
PROP-10035,1306,4,3,2016,4.39,3,7.39,0.69,740000
PROP-10036,2235,4,3,1972,3.34,7,7.1,0.7,1033300
PROP-10037,826,1,1,2010,0.2,4,4.18,0.46,531500
PROP-10038,1236,2,1,1972,7.4,6,8.28,0.39,671600
PROP-10039,2227,3,2,1976,5.86,2,3.12,0.94,829200
PROP-10040,2580,4,3,2003,3.83,9,5.15,0.81,1160900
PROP-10041,2211,3,3,1959,1.45,5,5.25,0.2,937600
PROP-10042,2024,3,2,1965,0.26,10,4.07,0.21,920600
PROP-10043,1904,3,2,1990,3.04,5,9.59,0.93,964300
PROP-10044,1138,1,1,2004,4.45,3,7.27,0.17,574800
PROP-10045,1632,3,2,2010,0.35,4,5.85,0.72,834600
PROP-10046,1800,3,3,1998,3.52,6,5.59,0.3,883000
PROP-10047,2787,5,5,2022,1.18,7,2.43,0.13,1169700
PROP-10048,2323,4,3,2001,5.06,8,4.35,0.15,1064700
PROP-10049,954,2,2,1951,2.71,5,7.05,0.44,557100
PROP-10050,2310,4,3,1999,0.48,8,9.32,0.17,1113200
PROP-10051,1849,3,2,1992,2.62,4,8.35,0.64,948700
PROP-10052,1660,2,2,1957,1.76,8,3.7,0.68,764100
PROP-10053,2497,4,3,2008,0.7,5,4.91,0.44,1094100
PROP-10054,2770,4,3,2014,6.45,9,1.75,0.77,1193800
PROP-10055,2705,4,3,1961,0.2,10,1.92,0.54,1085000
PROP-10056,1554,2,2,1953,1.31,8,5.23,0.49,774400
PROP-10057,1899,4,3,1990,0.2,9,5.77,0.47,1019800
PROP-10058,2315,4,3,1956,0.35,9,3.38,0.49,985600
PROP-10059,2734,5,4,2018,1.23,3,6.79,0.97,1265700
PROP-10060,1788,3,3,2018,0.2,10,7.33,0.71,1009000
PROP-10061,1979,3,2,1979,3.18,7,3.69,0.38,856900
PROP-10062,1380,3,2,2022,0.32,5,7.83,0.76,809600
PROP-10063,1322,2,2,1955,4.23,6,2.85,0.4,606900
PROP-10064,2628,5,3,1968,0.2,6,5.9,0.21,1096500
PROP-10065,2981,5,3,2015,0.21,8,8.24,0.53,1366900
PROP-10066,2053,2,2,1959,1.28,10,5.83,0.78,950900
PROP-10067,2752,5,4,1965,7.94,8,9.17,0.44,1233700
PROP-10068,2335,5,3,1986,3.59,10,1.53,0.88,1023000
PROP-10069,1680,3,3,1981,5.15,5,6.29,0.45,819500
PROP-10070,2334,4,3,1996,0.53,5,6.06,0.41,1047700
PROP-10071,3099,6,4,2021,6.29,7,6.94,1.0,1398800
PROP-10072,2076,4,2,1992,0.2,9,8.5,0.53,1072000
PROP-10073,3117,5,4,1985,0.84,10,7.53,0.82,1426700
PROP-10074,750,1,1,1975,3.35,2,8.11,0.82,453800
PROP-10075,2634,4,3,1959,1.65,2,3.6,0.93,977700
PROP-10076,2156,4,3,1980,14.52,9,4.49,0.18,936700
PROP-10077,1905,4,2,1978,0.2,8,6.64,0.34,960100
PROP-10078,2159,4,3,1954,20.0,10,5.98,0.79,972700
PROP-10079,808,1,1,1950,3.42,4,9.65,0.61,512200
PROP-10080,1957,3,3,1952,2.86,6,2.68,0.6,822500
PROP-10081,2332,4,3,2016,0.21,4,4.16,0.25,1007400
PROP-10082,3060,4,4,2020,1.12,6,6.15,0.35,1355100
PROP-10083,1763,2,1,1984,9.05,2,8.81,0.57,745400
PROP-10084,1574,2,2,1964,1.53,5,9.36,0.35,815600
PROP-10085,1773,2,1,2016,3.79,7,4.02,0.29,835900
PROP-10086,2695,4,3,1979,20.0,3,1.6,0.18,882500
PROP-10087,2313,4,3,1992,1.07,8,4.79,0.24,1030100
PROP-10088,1755,3,3,2009,3.0,9,4.55,0.79,910000
PROP-10089,2433,5,4,1989,4.17,2,9.88,0.75,1162800
PROP-10090,2163,4,3,2014,0.63,5,4.88,0.14,944300
PROP-10091,2729,5,4,1978,0.56,5,3.75,0.28,1106500
PROP-10092,1643,3,2,2023,2.13,6,4.29,0.6,807100
PROP-10093,1887,2,2,1968,1.71,5,4.57,0.39,777500
PROP-10094,1845,4,3,1952,4.38,10,8.39,0.84,1019500
PROP-10095,1148,2,1,1985,0.25,8,1.73,0.81,590400
PROP-10096,2292,4,3,1992,12.54,3,3.85,0.9,918500
PROP-10097,2269,3,2,1964,0.2,2,9.7,0.61,969400
PROP-10098,2103,3,2,1990,3.22,10,2.38,0.42,952100
PROP-10099,1947,4,3,1985,2.89,2,7.68,0.65,919000
PROP-10100,1180,2,1,1982,0.51,7,4.21,0.18,648600
PROP-10101,1826,3,2,1954,0.57,3,6.24,0.11,765100
PROP-10102,1877,3,3,1963,5.51,5,1.9,0.12,743600
PROP-10103,1578,3,3,2017,7.65,7,3.76,0.47,819800
PROP-10104,1995,3,2,1996,1.16,6,5.51,0.31,926500
PROP-10105,2362,5,4,2003,2.02,7,3.09,0.24,1096300
PROP-10106,3326,5,4,1953,1.53,4,5.88,0.65,1255800
PROP-10107,2213,4,4,1958,0.26,6,2.98,1.0,969000
PROP-10108,2267,4,3,2002,3.91,3,6.85,0.26,989500
PROP-10109,2051,4,3,2009,6.1,8,9.14,0.59,1085600
PROP-10110,852,1,1,1995,1.27,4,1.77,0.21,449100
PROP-10111,2082,3,2,2003,16.18,2,2.95,0.94,760300
PROP-10112,2139,4,4,2023,0.28,9,8.6,0.36,1203200
PROP-10113,3701,6,4,1986,3.79,9,6.68,0.89,1540400
PROP-10114,1974,4,4,1972,2.08,4,1.71,0.35,836000
PROP-10115,2296,4,3,1976,2.07,8,5.38,0.83,1064700
PROP-10116,2077,3,2,2019,2.14,10,2.89,0.29,963100
PROP-10117,1340,2,1,2015,1.05,9,2.79,0.36,671200
PROP-10118,2842,3,2,2010,4.4,4,9.47,0.27,1205400
PROP-10119,2588,4,3,2000,4.48,3,7.85,0.34,1095000
PROP-10120,2614,6,4,1999,1.16,8,7.27,0.85,1327900
PROP-10121,1508,3,2,1968,6.31,8,3.15,0.68,719900
PROP-10122,3011,5,4,1950,1.33,10,2.07,0.47,1200000
PROP-10123,1188,2,2,1989,4.52,6,8.84,0.97,744900
PROP-10124,2481,4,3,1981,0.45,5,1.05,0.52,924500
PROP-10125,3523,6,4,1971,0.65,9,4.49,0.97,1502200
PROP-10126,1456,2,1,2015,1.33,5,3.5,0.28,713700
PROP-10127,1731,4,4,1989,3.15,5,6.13,0.91,905700
PROP-10128,2164,4,3,1987,3.63,3,3.25,0.11,915400
PROP-10129,1772,3,3,1997,1.77,2,3.8,0.59,773000
PROP-10130,1092,2,1,2004,0.28,5,8.65,0.48,731900
PROP-10131,2144,4,3,2004,1.64,8,6.43,0.57,1085900
PROP-10132,1409,3,3,2000,4.09,10,2.31,0.6,759200
PROP-10133,2407,4,4,2009,3.89,10,7.54,0.45,1225000
PROP-10134,1502,2,1,1957,0.61,2,2.87,1.0,601400
PROP-10135,3107,5,4,2017,0.2,6,4.9,0.98,1313600
PROP-10136,1590,3,2,2021,4.89,8,6.82,0.97,919900
PROP-10137,1890,4,3,1958,0.39,8,3.45,0.98,926500
PROP-10138,2628,4,3,1951,0.3,7,4.46,0.81,1077900
PROP-10139,1299,1,1,2019,0.2,5,7.61,0.99,758500
PROP-10140,2247,4,3,2008,1.98,4,9.44,0.9,1091200
PROP-10141,2949,5,4,1968,2.45,10,5.76,0.47,1290600
PROP-10142,1055,2,2,1977,3.55,5,1.09,0.81,492300
PROP-10143,2220,4,3,2021,1.23,9,4.05,0.92,1131300
PROP-10144,2268,4,2,1963,4.34,2,4.59,0.74,870600
PROP-10145,2608,5,3,1973,0.65,8,4.05,0.48,1109500
PROP-10146,1295,1,1,1993,6.24,7,4.93,0.16,636300
PROP-10147,1241,2,1,2005,2.97,2,6.69,0.83,607300
PROP-10148,2439,4,3,2000,3.07,5,2.09,0.96,943500
PROP-10149,2293,3,2,1981,0.82,6,3.45,0.43,904100
PROP-10150,2262,4,3,1999,0.27,9,5.57,0.24,1095500
PROP-10151,2325,5,4,1990,2.19,5,3.84,0.39,1015800
PROP-10152,1657,3,2,2015,3.35,4,9.92,0.62,939600
PROP-10153,2250,4,3,1974,0.35,3,4.88,0.39,897900
PROP-10154,2290,3,3,2010,10.52,5,8.83,0.65,1066900
PROP-10155,1635,2,1,2015,13.77,5,9.07,0.97,801400
PROP-10156,3312,5,4,1991,2.76,6,8.52,0.7,1441800
PROP-10157,2407,4,3,2014,10.49,8,1.42,0.43,956500
PROP-10158,1325,3,2,1985,0.69,10,9.53,0.94,907800
PROP-10159,2526,5,4,1958,0.2,3,2.16,0.61,981400
PROP-10160,1466,2,2,1985,0.2,6,1.31,0.22,629100
PROP-10161,2611,4,3,1987,3.1,10,4.73,0.55,1113300
PROP-10162,2853,5,4,1982,0.22,4,2.75,0.69,1173900
PROP-10163,1566,3,2,1991,11.14,2,2.66,0.85,616200
PROP-10164,2726,5,4,2010,0.54,3,3.59,0.94,1102100
PROP-10165,2368,3,3,1995,1.27,7,3.24,0.39,1026700
PROP-10166,2634,4,3,2010,6.05,6,7.16,0.24,1182900
PROP-10167,3332,5,4,1967,0.86,2,2.68,0.17,1176900
PROP-10168,1940,3,3,2019,0.97,2,5.89,0.76,946600
PROP-10169,1610,3,2,1964,3.6,5,9.88,0.82,849900
PROP-10170,1521,3,2,1997,1.13,5,4.89,0.47,763100
PROP-10171,1569,3,2,2021,0.86,7,6.78,0.46,895800
PROP-10172,2049,3,2,1962,1.03,7,9.72,0.96,1076800
PROP-10173,2321,4,3,1992,2.36,7,2.24,0.93,952700
PROP-10174,2279,3,2,2009,11.85,2,4.77,0.31,930300
PROP-10175,2637,6,5,2006,6.25,10,8.65,0.8,1394400
PROP-10176,2108,3,2,2020,1.17,8,9.39,0.66,1132300
PROP-10177,3044,5,4,1966,1.58,8,6.41,0.24,1280100
PROP-10178,1927,4,4,1999,2.19,8,2.29,0.42,896300
PROP-10179,3868,6,4,1981,13.51,3,9.11,0.26,1493000
PROP-10180,2506,4,3,1971,0.66,3,2.57,0.37,958600
PROP-10181,1542,2,1,2004,1.55,7,4.18,0.65,770300
PROP-10182,1403,2,1,2006,4.58,8,4.38,0.44,728300
PROP-10183,2413,5,4,1962,11.63,4,5.03,0.45,988500
PROP-10184,1954,2,1,1996,0.59,5,8.11,0.59,872200
PROP-10185,2564,5,4,2011,0.9,4,8.22,0.18,1184800
PROP-10186,2407,3,3,2003,0.9,8,7.48,0.76,1131600
PROP-10187,2052,3,2,1978,0.2,8,1.2,0.46,852700
PROP-10188,1549,2,1,1971,3.24,5,6.08,0.53,752800
PROP-10189,1115,2,1,2014,3.89,8,7.73,0.98,738400
PROP-10190,1809,2,2,1978,3.23,6,5.0,0.41,792300
PROP-10191,2656,5,4,1997,0.26,2,9.5,0.68,1199300
PROP-10192,2239,5,4,1954,0.25,5,8.41,0.45,1051800
PROP-10193,1290,1,1,1984,0.83,8,6.74,0.9,759400
PROP-10194,2212,4,2,2023,1.2,3,1.56,0.86,919400
PROP-10195,2350,4,3,2020,5.41,3,6.87,0.32,1077700
PROP-10196,1525,3,3,1995,0.61,2,9.2,0.72,817300
PROP-10197,2199,4,2,1984,0.2,3,4.42,0.16,908000
PROP-10198,2137,3,1,1994,1.75,9,8.54,0.97,1106200
PROP-10199,1357,3,2,1962,1.88,9,3.82,0.41,752400
PROP-10200,2332,5,4,1959,2.1,9,6.13,0.85,1105400
PROP-10201,2464,4,3,2015,6.14,2,6.84,0.39,997900
PROP-10202,2803,5,3,2019,0.36,2,7.1,0.67,1200600
PROP-10203,2784,4,3,2021,4.26,5,8.94,0.99,1354900
PROP-10204,1204,1,1,1974,1.44,7,3.11,0.89,573700
PROP-10205,1490,3,2,1993,1.3,9,3.36,0.24,781600
PROP-10206,2434,5,4,2009,9.44,3,7.34,0.59,1038100
PROP-10207,2433,4,2,1996,1.0,4,2.59,0.41,997900
PROP-10208,2434,4,3,1989,3.6,7,5.18,0.49,1027500
PROP-10209,4604,6,4,1956,1.13,5,1.18,0.4,1509800
PROP-10210,2471,3,2,1995,2.48,3,2.27,0.4,916700
PROP-10211,2838,5,4,1972,5.4,8,7.11,0.59,1267900
PROP-10212,2720,5,4,1995,7.47,5,7.73,0.27,1232100
PROP-10213,2523,4,2,1962,6.39,9,2.04,0.58,1018400
PROP-10214,1895,3,2,1970,3.05,9,3.05,0.35,794800
PROP-10215,2593,4,3,1950,1.0,8,1.89,0.36,1013300
PROP-10216,1597,2,2,1968,3.79,10,4.9,0.76,804100
PROP-10217,1946,3,2,2009,4.33,5,2.14,0.13,763000
PROP-10218,1784,4,3,1982,0.2,8,4.94,0.44,920200
PROP-10219,2153,3,2,1953,2.02,2,7.59,0.47,915700
PROP-10220,3604,6,4,1952,6.49,5,7.15,0.54,1390100
PROP-10221,886,1,1,2001,2.35,3,3.52,0.7,461400
PROP-10222,2546,5,4,1977,1.31,10,7.06,0.43,1228500
PROP-10223,1051,2,2,2019,7.19,6,9.35,0.29,711600
PROP-10224,1793,3,2,2019,0.59,4,4.13,0.9,836100
PROP-10225,2807,5,4,2004,0.81,5,3.96,0.98,1186700
PROP-10226,2141,4,4,2006,4.07,7,6.14,0.12,1042200
PROP-10227,1399,2,2,1965,1.52,2,3.21,0.59,565800
PROP-10228,1635,2,2,1973,4.37,8,6.86,0.41,841500
PROP-10229,2541,5,4,2018,0.6,9,8.49,0.35,1284100
PROP-10230,1625,2,1,1990,1.02,8,5.13,0.4,815700
PROP-10231,2240,4,4,1996,0.6,8,7.12,0.67,1121400
PROP-10232,2129,2,1,2018,10.69,10,6.87,0.27,1017800
PROP-10233,1676,3,2,1980,1.82,5,1.35,0.92,692700
PROP-10234,3493,5,3,1979,1.44,8,2.65,0.52,1364500
PROP-10235,2512,5,3,1967,0.2,10,9.04,0.39,1197900
PROP-10236,783,1,1,1993,0.58,6,9.45,0.79,639400
PROP-10237,2221,3,2,1976,1.91,3,8.02,0.11,934700
PROP-10238,1669,3,3,1975,0.25,6,9.29,0.49,923100
PROP-10239,2654,5,4,2009,2.5,5,3.76,0.42,1099200
PROP-10240,1584,3,2,1967,2.12,9,3.23,0.4,760000
PROP-10241,2025,4,3,2005,5.1,6,4.46,0.4,905400
PROP-10242,2428,5,4,1980,3.77,10,1.5,0.13,1041800
PROP-10243,2662,3,3,2008,2.07,10,8.29,0.24,1262100
PROP-10244,1319,3,2,1951,0.89,4,9.86,0.23,746800
PROP-10245,1882,3,2,1988,4.54,7,8.42,0.99,979400
PROP-10246,1791,2,2,2010,4.31,7,5.99,0.12,914200
PROP-10247,1675,2,2,2012,0.58,5,3.66,0.25,755100
PROP-10248,3247,5,4,1967,8.62,4,2.78,0.98,1197300
PROP-10249,2363,4,3,1966,0.23,2,4.28,0.67,1018300
PROP-10250,1280,2,2,1988,0.2,8,7.0,0.51,770500
PROP-10251,2696,5,4,2020,0.73,6,5.02,0.17,1222600
PROP-10252,3479,5,4,2003,8.41,8,9.41,0.7,1542600
PROP-10253,2771,5,3,1984,2.57,2,8.69,0.22,1222900
PROP-10254,1112,1,1,1960,5.43,9,1.92,0.7,503700
PROP-10255,1785,3,3,2010,0.9,4,2.18,0.98,772600
PROP-10256,2923,5,3,1993,2.36,8,7.09,0.58,1276700
PROP-10257,1640,2,2,2017,1.55,4,3.08,0.29,733900
PROP-10258,2388,2,1,1974,6.16,4,8.12,0.66,957200
PROP-10259,2603,4,3,1997,0.2,10,6.32,0.56,1177900
PROP-10260,1497,3,3,1981,0.98,3,3.07,0.58,657600
PROP-10261,2061,4,3,1953,0.58,5,5.31,0.53,918600
PROP-10262,750,2,2,1987,6.86,7,4.65,0.71,508500
PROP-10263,1434,2,1,2012,2.21,4,8.86,0.61,822600
PROP-10264,1935,4,3,1996,1.81,8,1.29,0.99,870200
PROP-10265,1288,3,2,1950,2.09,8,9.06,0.84,803800
PROP-10266,3161,4,3,1952,12.51,6,6.87,0.34,1199600
PROP-10267,1170,2,1,2011,6.65,4,7.64,0.75,680700
PROP-10268,1813,3,2,2013,4.29,3,1.02,0.29,715700
PROP-10269,2184,4,3,1966,1.2,5,6.65,0.8,1040500
PROP-10270,3036,5,4,2011,0.63,5,6.3,0.23,1316200
PROP-10271,1166,2,1,1984,8.9,9,5.83,0.53,658500
PROP-10272,2856,4,2,1962,1.93,9,8.07,0.81,1280800
PROP-10273,2106,4,3,1984,1.14,6,6.0,0.35,1001900
PROP-10274,1462,2,1,1992,2.23,7,8.71,0.85,890100
PROP-10275,2400,3,2,1951,8.75,9,3.09,0.68,949700
PROP-10276,2229,4,3,2005,1.71,2,8.25,0.46,1025100
PROP-10277,1709,2,1,2000,2.89,6,2.61,0.48,766600
PROP-10278,2145,4,3,2003,5.69,5,8.32,0.93,1010200
PROP-10279,1849,3,2,1965,1.95,5,9.46,0.3,905400
PROP-10280,2173,3,3,1967,0.93,3,4.02,0.72,899900
PROP-10281,2530,4,2,1956,18.23,2,5.77,0.74,935500
PROP-10282,3130,6,5,1994,10.98,7,6.92,0.93,1322500
PROP-10283,1295,2,2,1985,6.49,8,1.72,0.74,598500
PROP-10284,3486,6,4,1990,4.08,6,5.45,0.63,1352600
PROP-10285,831,2,2,1991,1.22,9,4.25,0.91,641200
PROP-10286,2001,4,3,1956,8.56,10,8.85,0.85,1054700
PROP-10287,2482,4,3,1964,1.13,3,8.89,0.75,1133300
PROP-10288,2282,3,3,2009,5.65,5,7.31,0.13,1031400
PROP-10289,1695,4,3,1989,8.76,10,6.9,0.44,993400
PROP-10290,1964,4,3,1986,3.23,6,7.6,0.67,965600
PROP-10291,1779,4,3,2015,5.69,4,4.29,0.57,831900
PROP-10292,1716,3,2,2004,5.49,7,4.64,0.39,838800
PROP-10293,2652,4,3,2005,0.75,4,5.98,0.23,1103200
PROP-10294,2332,3,3,1993,3.86,6,9.44,0.6,1134200
PROP-10295,1649,3,2,2006,0.34,4,7.52,0.36,846300
PROP-10296,2684,5,3,1955,2.48,7,5.96,0.31,1130100
PROP-10297,2299,5,4,1981,0.62,6,7.93,0.46,1121000
PROP-10298,2628,5,3,2023,1.88,10,4.34,0.81,1258200
PROP-10299,2509,3,2,1967,6.26,4,7.57,0.54,1017200
PROP-10300,1561,3,2,2017,15.25,7,4.7,0.29,725700
PROP-10301,1735,2,1,2022,1.34,9,3.52,0.21,839800
PROP-10302,2585,4,3,1956,2.66,8,6.49,0.55,1117700
PROP-10303,2496,4,3,1957,2.51,7,7.18,0.81,1095800
PROP-10304,2086,5,3,2013,10.81,3,5.13,0.69,880900
PROP-10305,2176,5,3,1956,2.28,8,6.09,0.31,1038600
PROP-10306,2930,5,3,1990,4.2,9,7.25,0.49,1329100
PROP-10307,1715,3,3,1989,8.92,2,7.91,0.87,862000
PROP-10308,2455,4,3,1952,1.64,10,9.06,0.26,1181600
PROP-10309,1968,4,3,1966,8.13,5,4.19,0.58,867300
PROP-10310,1958,3,2,2015,8.73,9,9.56,0.42,1026700
PROP-10311,2814,6,4,2001,9.34,8,6.74,0.21,1216600
PROP-10312,2636,5,4,1971,1.1,8,8.09,0.14,1211000
PROP-10313,2628,5,4,1953,1.79,3,7.3,0.6,1109400
PROP-10314,2948,5,4,1955,7.15,2,2.85,0.12,1045100
PROP-10315,2113,4,3,1987,1.56,5,1.64,0.19,889000
PROP-10316,2543,5,3,1975,3.21,3,7.54,0.41,1094100
PROP-10317,1898,3,3,1960,0.44,9,5.6,0.14,975600
PROP-10318,2310,4,3,1966,0.2,8,7.32,0.46,1098500
PROP-10319,2015,3,2,1980,1.86,9,5.29,0.22,946200
PROP-10320,2163,4,3,1984,3.03,7,3.81,0.41,967200
PROP-10321,2486,5,4,1965,1.75,2,3.57,0.81,1000800
PROP-10322,1568,3,3,1967,3.02,10,7.57,0.66,921300
PROP-10323,3460,6,4,2011,2.53,7,3.49,0.5,1374100
PROP-10324,1446,2,1,1976,4.05,2,7.43,0.18,677600
PROP-10325,1310,3,3,1984,3.67,2,4.46,0.66,701500
PROP-10326,2852,4,3,1994,1.93,9,7.94,0.25,1274400
PROP-10327,2614,4,3,1984,1.94,7,2.29,0.17,1041600
PROP-10328,2505,5,4,1977,0.53,9,2.84,0.7,1085800
PROP-10329,2508,5,4,1958,2.52,9,7.17,0.92,1221800
PROP-10330,2092,3,3,1964,3.1,9,6.04,0.51,1012300
PROP-10331,1516,2,1,1970,2.27,8,2.83,0.14,634900
PROP-10332,2149,3,3,2001,1.38,8,9.13,0.89,1102100
PROP-10333,1659,3,2,1984,4.48,5,3.48,0.16,666800
PROP-10334,2733,5,4,2000,0.27,10,4.79,0.88,1324800
PROP-10335,2004,4,3,2004,8.6,3,2.82,0.45,798200
PROP-10336,1563,3,2,1993,0.2,10,4.49,0.43,845100
PROP-10337,1891,3,2,2014,11.48,4,5.42,0.59,827100
PROP-10338,2368,4,2,1974,2.17,3,3.66,0.96,959800
PROP-10339,1733,2,1,1996,1.86,5,7.92,0.91,885600
PROP-10340,1565,3,3,2005,1.04,6,4.55,0.52,830300
PROP-10341,2258,4,3,1987,0.2,3,7.57,0.73,1014000
PROP-10342,2259,4,4,1960,1.12,2,2.86,0.62,901100
PROP-10343,1770,3,3,2016,0.41,6,4.39,0.72,916900
PROP-10344,1793,2,1,1964,3.77,10,1.07,0.85,778100
PROP-10345,2250,4,3,1950,1.35,6,7.83,0.13,983500
PROP-10346,1158,2,1,1956,5.1,10,6.63,0.39,652900
PROP-10347,1185,1,1,1950,0.81,7,8.36,0.96,742400
PROP-10348,1633,3,2,1998,8.07,4,5.1,0.95,817300
PROP-10349,1961,3,2,2022,2.59,5,8.2,0.11,966800
PROP-10350,2302,4,2,1978,0.43,5,6.83,0.28,1009000
PROP-10351,3058,5,4,1975,1.79,2,1.03,0.99,1114400
PROP-10352,2657,5,4,1994,0.81,4,3.28,0.54,1109600
PROP-10353,1996,3,2,2020,0.78,4,5.45,0.62,887000
PROP-10354,2087,4,3,1961,2.47,2,6.57,0.25,887100
PROP-10355,1448,3,3,1981,3.9,10,1.59,0.9,733000
PROP-10356,2087,3,2,1969,8.49,2,7.35,0.31,847800
PROP-10357,1912,3,2,2000,2.44,10,5.89,0.27,948800
PROP-10358,2309,3,2,1985,11.82,2,5.73,0.31,859600
PROP-10359,1562,3,3,2016,9.94,3,3.63,0.93,734300
PROP-10360,2437,3,2,1950,7.01,3,6.35,0.73,927600
PROP-10361,3096,4,3,1976,2.43,7,1.25,0.79,1141200
PROP-10362,2029,2,2,1989,0.53,8,1.58,0.44,888600
PROP-10363,2361,5,4,1963,0.86,2,7.6,0.92,1032500
PROP-10364,2548,4,3,2018,3.65,4,3.9,0.81,1012900
PROP-10365,1839,4,4,1955,1.92,3,4.12,0.78,826500
PROP-10366,2245,3,2,1982,0.56,9,2.88,0.97,985000
PROP-10367,2108,2,2,2004,2.28,10,5.01,0.43,1001600
PROP-10368,2163,3,2,1968,0.2,3,1.47,0.65,801800
PROP-10369,1597,3,2,1978,4.63,3,3.7,0.92,728900
PROP-10370,2115,3,2,2010,0.27,10,5.74,0.81,1116800
PROP-10371,2423,4,3,2019,3.47,5,5.19,0.61,1084000
PROP-10372,3043,5,3,1973,5.51,6,10.0,0.17,1286100
PROP-10373,2723,5,4,1972,0.5,10,4.5,0.69,1236300
PROP-10374,3499,6,5,1959,2.56,7,4.48,0.57,1416900
PROP-10375,1601,4,3,2003,5.28,10,5.53,0.27,928100
PROP-10376,2667,4,2,1990,1.06,10,2.71,0.89,1146500
PROP-10377,2219,3,3,1998,0.62,8,8.89,0.41,1112900
PROP-10378,3523,6,5,1966,1.44,10,6.15,0.45,1488300
PROP-10379,1574,3,2,2005,2.83,6,2.73,0.71,749500
PROP-10380,1554,2,2,1994,3.0,6,8.14,0.54,802600
PROP-10381,1710,2,2,1979,0.49,9,1.31,0.18,760800
PROP-10382,750,1,1,1993,2.14,5,9.84,0.45,603800
PROP-10383,1758,3,2,2023,1.09,10,8.79,0.19,1031800
PROP-10384,1606,3,2,2004,6.46,8,6.22,0.27,861800
PROP-10385,2197,3,2,1968,1.32,8,2.0,0.11,917000
PROP-10386,2322,4,3,1978,6.39,4,2.94,0.26,897500
PROP-10387,3319,5,3,1951,1.96,5,3.51,0.4,1220900
PROP-10388,2717,5,4,1985,4.54,8,3.17,0.58,1146300
PROP-10389,1725,3,2,1968,2.5,6,5.48,0.93,841500
PROP-10390,1516,1,1,1956,3.4,4,9.5,0.59,743700
PROP-10391,2419,3,3,1975,1.76,2,5.0,0.74,992600
PROP-10392,1241,1,1,1987,5.12,8,6.95,0.42,727900
PROP-10393,3290,5,4,1952,1.94,7,7.2,0.78,1383700
PROP-10394,2866,5,4,2015,2.14,8,8.84,0.66,1381700
PROP-10395,1795,2,1,2020,2.55,3,1.3,0.51,692400
PROP-10396,986,1,1,1992,6.24,5,4.64,0.27,524900
PROP-10397,2980,4,3,2011,3.77,3,8.06,0.37,1256800
PROP-10398,2025,3,3,2020,1.5,9,8.33,0.66,1104000
PROP-10399,2904,5,4,1973,3.88,8,9.35,0.48,1347500
PROP-10400,1063,1,1,1988,3.6,2,7.33,0.9,561100
PROP-10401,1710,3,3,2017,9.36,3,3.21,0.31,748300
PROP-10402,2103,3,2,1993,6.45,3,5.55,0.17,842000
PROP-10403,2130,3,2,1954,3.65,5,1.29,0.63,806400
PROP-10404,1807,4,3,2004,1.46,4,6.82,0.9,922500
PROP-10405,2504,5,4,1979,5.29,2,5.99,0.43,1080100
PROP-10406,1406,2,1,1978,3.0,3,7.0,0.68,683400
PROP-10407,2007,4,3,1975,14.76,10,9.37,0.31,1040300
PROP-10408,2178,4,3,1975,1.0,2,7.19,0.6,925900
PROP-10409,2434,3,3,1986,0.29,10,3.88,0.81,1143100
PROP-10410,2562,5,3,2002,0.25,8,2.79,0.88,1133200
PROP-10411,1368,3,2,1979,3.58,3,8.69,0.19,769300
PROP-10412,1102,1,1,1952,9.8,3,2.75,0.42,408000
PROP-10413,2930,4,2,1992,0.2,6,2.45,0.68,1129900
PROP-10414,2316,4,3,1956,4.53,6,2.86,0.13,895000
PROP-10415,1613,3,2,1998,3.75,5,5.58,0.72,817700
PROP-10416,3108,6,5,2022,4.61,4,2.12,0.58,1261900
PROP-10417,2175,4,2,1990,1.54,5,9.44,0.36,1017500
PROP-10418,2866,5,4,2003,6.01,5,9.7,0.83,1312000
PROP-10419,2143,3,1,2018,0.2,3,9.76,0.36,1034200
PROP-10420,3439,6,5,1976,4.93,6,1.35,0.99,1304800
PROP-10421,3240,6,4,1957,1.09,6,9.52,0.83,1406100
PROP-10422,1938,3,3,1981,2.27,6,9.98,0.74,1030400
PROP-10423,2731,5,4,2013,6.05,2,9.48,0.16,1213000
PROP-10424,2519,3,2,1959,1.11,7,7.04,0.91,1088400
PROP-10425,2989,5,3,1962,0.72,3,7.31,0.81,1263200
PROP-10426,1472,3,2,2012,4.0,8,2.1,0.31,726200
PROP-10427,2545,4,3,1984,2.67,5,8.87,0.45,1122900
PROP-10428,2787,5,4,2010,2.53,6,1.54,0.34,1087800
PROP-10429,956,1,1,2003,1.04,6,3.86,0.99,598400
PROP-10430,1330,3,2,1957,0.2,6,9.92,0.87,790700
PROP-10431,774,1,1,1978,1.85,3,4.8,0.94,455300
PROP-10432,1924,3,2,1990,0.39,6,2.18,0.81,812900
PROP-10433,2566,4,3,1979,8.28,4,9.72,0.51,1131700
PROP-10434,3076,5,4,1970,0.2,5,9.86,0.28,1359300
PROP-10435,2148,3,3,1960,1.98,3,2.68,0.29,776800
PROP-10436,3158,5,4,1951,0.2,5,8.78,0.24,1311700
PROP-10437,1202,2,1,1999,0.35,10,4.51,0.59,707700
PROP-10438,992,1,1,1990,3.76,9,4.43,0.93,595900
PROP-10439,2063,2,2,2015,3.65,4,3.36,0.99,865000
PROP-10440,2349,5,3,1952,0.2,2,1.4,0.36,834400
PROP-10441,2078,4,3,2000,0.2,2,3.41,0.73,903500
PROP-10442,756,1,1,2017,0.29,7,1.48,0.64,464200
PROP-10443,2042,4,3,1974,5.04,4,9.32,0.54,999100
PROP-10444,1252,2,1,1979,3.07,5,6.96,0.7,686500
PROP-10445,2535,4,3,1960,0.2,2,8.98,0.43,1044200
PROP-10446,2338,4,3,1966,2.34,9,7.46,0.95,1124500
PROP-10447,1489,2,2,1975,4.36,2,2.18,0.73,583700
PROP-10448,1765,2,2,1972,7.11,6,9.47,0.78,903600
PROP-10449,1411,2,2,2005,9.52,7,9.1,0.32,809100
PROP-10450,2059,3,2,2001,1.39,3,4.13,0.25,874900
PROP-10451,2720,4,3,1997,0.51,8,2.0,0.45,1120600
PROP-10452,1459,2,2,1969,0.95,8,7.34,0.79,831900
PROP-10453,2427,4,3,1951,5.24,2,7.56,0.94,992100
PROP-10454,1755,3,3,1980,12.45,5,9.07,0.48,887200
PROP-10455,1584,4,3,1976,2.2,5,1.47,0.8,764500
PROP-10456,2030,3,2,1951,1.28,6,2.28,0.52,816100
PROP-10457,1427,3,2,1953,1.96,2,6.38,0.37,680700
PROP-10458,1740,3,2,1962,1.27,2,6.57,0.77,769900
PROP-10459,1321,2,2,1984,1.04,8,1.3,0.82,679200
PROP-10460,3377,6,5,2021,3.15,10,4.57,0.28,1508200
PROP-10461,2122,4,4,2015,0.2,2,6.26,0.37,992300
PROP-10462,1645,3,3,1955,1.05,3,7.64,0.55,797100
PROP-10463,2239,3,3,1980,3.79,7,3.85,0.27,914000
PROP-10464,2026,4,3,1959,0.2,7,5.36,0.94,963300
PROP-10465,1956,4,3,1970,0.3,3,8.33,0.63,956700
PROP-10466,2499,4,3,2023,1.22,10,9.59,0.21,1272300
PROP-10467,2592,4,3,1972,7.36,5,3.07,0.27,953100
PROP-10468,1755,3,2,1952,5.07,8,3.28,0.96,792500
PROP-10469,1725,3,2,1981,0.2,7,9.46,0.76,965300
PROP-10470,1921,4,3,1969,2.44,4,4.56,0.76,821700
PROP-10471,750,3,3,2023,1.12,9,7.47,0.17,717500
PROP-10472,1115,1,1,1978,3.66,8,6.51,0.91,678800
PROP-10473,2988,4,3,2001,4.47,10,3.57,0.5,1288900
PROP-10474,3169,5,4,1995,6.95,4,6.88,0.69,1293300
PROP-10475,1938,4,3,1983,2.26,2,6.9,0.96,959000
PROP-10476,2474,4,3,2010,18.18,3,6.33,0.19,988700
PROP-10477,2302,5,4,2021,13.69,2,1.9,0.53,870600
PROP-10478,4101,6,4,2020,7.48,6,9.96,0.14,1685700
PROP-10479,2827,5,4,2019,2.99,3,4.6,0.55,1149200
PROP-10480,2016,3,2,1960,1.78,4,6.74,0.33,865900
PROP-10481,1478,3,2,2012,1.59,9,8.97,0.92,964500
PROP-10482,1055,3,2,1970,0.2,6,4.81,0.46,622300
PROP-10483,2232,3,2,1952,1.0,5,7.97,0.67,959000
PROP-10484,1608,2,1,1959,4.44,6,9.75,0.87,806800
PROP-10485,1175,2,1,1976,3.24,7,4.23,0.99,644200
PROP-10486,1679,3,2,1961,8.69,8,4.65,0.55,793700
PROP-10487,1396,2,1,1956,0.2,10,9.15,0.51,823500
PROP-10488,3196,5,4,1966,0.59,2,2.44,0.17,1077200
PROP-10489,2673,3,2,2014,5.45,5,1.26,0.11,949900
PROP-10490,2094,3,2,2013,1.55,10,9.18,0.65,1162200
PROP-10491,3061,5,3,1975,0.44,6,8.39,0.16,1288200
PROP-10492,2150,3,2,1964,19.74,9,9.75,0.44,990100
PROP-10493,1540,3,2,1982,5.42,2,1.52,0.1,589000
PROP-10494,3090,4,3,2011,1.84,5,2.41,0.65,1189600
PROP-10495,2450,5,4,1996,6.07,10,1.95,0.48,1124200
PROP-10496,1425,2,1,1984,3.99,2,7.15,0.21,645600
PROP-10497,1976,3,3,2014,5.46,2,6.45,0.37,866400
PROP-10498,1530,3,1,2021,5.91,5,4.23,0.61,766500
PROP-10499,1201,2,1,1974,0.31,4,1.52,0.69,520400
PROP-10500,2702,5,3,2006,3.41,8,6.76,0.52,1216100
PROP-10501,3341,6,4,1981,0.2,4,6.13,0.82,1381600
PROP-10502,1190,2,1,2012,0.2,2,2.02,0.2,508800
PROP-10503,2465,4,3,1961,8.2,3,9.18,0.18,1010300
PROP-10504,1677,2,1,2012,2.62,5,2.79,0.14,713800
PROP-10505,1783,2,2,1950,4.66,2,7.69,0.58,759000
PROP-10506,1714,5,4,2000,6.38,2,8.97,0.74,880600
PROP-10507,1538,3,2,2019,10.46,9,6.22,0.22,814100
PROP-10508,2131,3,3,1957,7.12,8,3.22,0.68,946600
PROP-10509,1559,2,1,2017,2.31,9,3.78,0.53,801100
PROP-10510,2275,4,3,1954,1.43,5,8.97,0.99,1108900
PROP-10511,2067,4,3,1988,0.59,7,3.68,0.75,967500
PROP-10512,1944,4,3,1972,1.79,4,7.72,0.69,971900
PROP-10513,1510,2,1,2017,1.6,9,9.91,0.61,953200
PROP-10514,1725,3,2,2001,2.87,5,10.0,1.0,935600
PROP-10515,2591,5,3,1953,3.83,4,5.8,0.98,1087300
PROP-10516,2425,4,3,1996,13.41,5,8.44,0.58,1058700
PROP-10517,1464,1,1,1970,4.56,7,9.91,0.51,824400
PROP-10518,2164,3,2,2005,3.61,8,4.37,0.52,986400
PROP-10519,2588,4,3,2015,1.43,8,3.27,0.49,1131200
PROP-10520,1014,2,1,2008,0.2,5,2.03,0.58,522500
PROP-10521,2453,6,5,1956,1.19,9,2.27,0.35,1104900
PROP-10522,1669,3,2,1998,5.12,8,8.68,0.93,945100
PROP-10523,2470,4,4,1965,0.8,3,6.3,0.54,999800
PROP-10524,1603,3,3,1966,4.36,9,8.86,0.86,893900
PROP-10525,926,2,2,1983,3.03,10,8.11,0.53,690000
PROP-10526,1042,2,1,1982,0.66,6,7.06,0.75,674000
PROP-10527,2131,4,3,1975,1.06,5,6.48,0.4,996900
PROP-10528,2268,5,4,2015,2.4,5,1.44,0.66,991600
PROP-10529,1512,2,1,2012,1.9,5,8.85,0.55,840200
PROP-10530,2515,4,3,1990,5.28,7,4.76,0.43,1114200
PROP-10531,1020,1,1,2007,4.64,5,6.04,0.89,617700
PROP-10532,2057,4,3,1959,2.99,8,1.2,0.2,861100
PROP-10533,1312,2,1,1964,6.05,8,9.42,0.54,767000
PROP-10534,1676,3,3,1991,2.89,6,9.12,0.27,908000
PROP-10535,2130,3,2,2006,11.67,6,5.89,0.87,945600
PROP-10536,1540,3,2,1966,0.86,9,6.2,0.33,876400
PROP-10537,1850,4,3,2009,4.38,8,7.35,0.67,982500
PROP-10538,2754,4,3,1958,1.62,8,3.38,0.25,1107700
PROP-10539,1725,3,3,1985,1.14,7,3.0,0.46,775700
PROP-10540,2643,4,3,2022,0.7,8,7.07,0.91,1252700
PROP-10541,1365,2,2,1985,2.81,8,1.94,0.25,670700
PROP-10542,2444,4,2,1997,0.85,3,5.09,0.7,967300
PROP-10543,3037,5,4,2000,0.78,3,5.43,0.28,1253400
PROP-10544,750,3,2,2019,16.31,8,4.43,0.47,595100
PROP-10545,1582,3,2,2023,5.66,8,2.67,0.59,801800
PROP-10546,2475,3,2,2017,4.83,8,4.2,0.62,1108900
PROP-10547,1968,3,2,1971,5.53,6,4.04,0.64,844300
PROP-10548,2341,5,4,1955,12.15,2,5.49,0.68,949900
PROP-10549,1707,4,3,1975,2.98,3,7.07,0.34,834900
PROP-10550,2156,3,3,1952,0.87,10,9.71,0.46,1098200
PROP-10551,1998,2,2,2001,6.94,9,2.3,0.13,835500
PROP-10552,2859,6,5,2023,4.75,9,8.86,0.79,1470500
PROP-10553,2265,4,3,2009,1.87,2,3.56,0.85,945200
PROP-10554,2319,3,2,2012,2.25,7,6.32,0.28,1053300
PROP-10555,1832,3,2,2014,1.85,10,5.92,0.28,965100
PROP-10556,1783,1,1,2001,9.3,9,6.01,0.14,839800
PROP-10557,1818,3,2,1963,1.47,4,7.51,0.97,837300
PROP-10558,2356,4,3,2021,11.59,5,4.44,0.83,1012100
PROP-10559,1826,4,3,2017,8.44,4,3.87,0.42,835200
PROP-10560,2288,3,2,1977,3.48,7,8.68,0.53,1036600
PROP-10561,3449,6,5,2020,3.03,10,2.98,0.36,1473000
PROP-10562,2666,4,3,1959,1.62,9,2.62,0.64,1071200
PROP-10563,1888,3,2,2006,0.2,5,1.14,0.75,806900
PROP-10564,2880,4,3,2015,0.48,3,2.9,0.5,1172300
PROP-10565,1834,3,2,1999,4.91,9,5.67,0.89,938300
PROP-10566,775,1,1,1963,2.23,9,5.85,0.57,524600
PROP-10567,1444,3,2,1965,0.57,7,3.29,0.23,694000
PROP-10568,883,2,2,2003,1.07,9,1.65,0.66,587200
PROP-10569,1871,3,2,1992,10.34,10,7.7,0.52,945500
PROP-10570,2111,4,3,1991,1.6,2,7.82,0.94,946100
PROP-10571,3189,4,3,1971,8.34,10,9.98,0.45,1387000
PROP-10572,2312,4,3,2017,1.27,3,9.1,0.46,1103900
PROP-10573,1957,3,2,1968,2.74,2,9.33,0.69,889800
PROP-10574,2639,6,4,2015,0.2,9,8.18,0.57,1368900
PROP-10575,750,1,1,1988,2.58,9,6.54,0.44,596700
PROP-10576,2253,5,3,2022,3.55,5,2.16,0.99,995200
PROP-10577,2601,5,4,1968,0.93,9,6.6,0.37,1166100
PROP-10578,1138,2,1,1965,3.03,8,1.5,0.35,550500
PROP-10579,2843,6,5,2003,3.65,3,8.97,0.88,1365600
PROP-10580,2320,4,3,1974,4.06,6,5.34,0.1,1012300
PROP-10581,1830,3,2,1967,5.24,5,7.28,0.28,823100
PROP-10582,2511,4,3,1972,1.31,4,1.47,0.63,945800
PROP-10583,3575,6,5,1960,2.94,2,5.81,0.25,1361900
PROP-10584,2218,4,3,1988,13.98,6,3.71,0.99,970000
PROP-10585,2261,3,3,2017,7.99,9,3.56,0.52,1005700
PROP-10586,1801,2,2,1974,10.68,10,4.51,0.64,828400
PROP-10587,1547,2,2,2012,1.71,8,1.01,0.24,715800
PROP-10588,2639,4,3,1979,5.41,2,5.2,0.36,1013100
PROP-10589,1543,3,2,1994,3.39,2,5.38,0.65,736800
PROP-10590,2146,4,3,2010,0.3,2,8.77,0.59,1041100
PROP-10591,1789,3,2,2000,6.08,3,5.04,0.81,763000
PROP-10592,2411,4,3,1958,3.96,2,4.27,0.34,894200
PROP-10593,2316,4,2,1951,0.78,5,9.95,0.69,1058300
PROP-10594,2774,5,4,1954,0.29,10,6.14,0.36,1195400
PROP-10595,1768,2,2,2011,6.35,5,5.25,0.63,845300
PROP-10596,1924,3,2,2018,0.29,5,5.46,0.64,925200
PROP-10597,1463,3,3,2001,0.34,8,8.28,0.21,883000
PROP-10598,1811,4,3,1954,1.95,10,4.07,0.59,919900
PROP-10599,2345,4,4,2008,0.51,8,4.5,0.11,1100400
PROP-10600,2592,3,2,2017,8.57,2,7.8,0.55,1036400
PROP-10601,1500,3,3,1958,2.22,2,1.66,0.73,618500
PROP-10602,2665,4,4,1971,2.95,5,8.79,0.17,1213100
PROP-10603,2981,4,4,1976,9.21,5,4.87,0.94,1182100
PROP-10604,2368,4,3,1959,2.64,2,6.23,0.51,958800
PROP-10605,3319,5,4,2010,1.53,7,7.82,0.94,1480100
PROP-10606,1597,2,1,2000,5.58,3,3.39,0.2,612000
PROP-10607,1290,1,1,1959,2.05,6,9.01,0.95,734300
PROP-10608,943,2,2,1955,1.34,9,9.81,0.2,686200
PROP-10609,3072,6,4,2011,4.5,4,5.45,0.52,1281100
PROP-10610,2525,5,4,1954,5.66,10,9.43,0.94,1266100
PROP-10611,2063,3,1,2019,5.49,8,1.01,0.31,862200
PROP-10612,2281,4,4,2012,13.31,10,9.05,0.13,1182400
PROP-10613,1368,2,1,2005,5.41,2,3.8,0.81,581200
PROP-10614,3689,6,5,2008,5.14,6,3.8,0.64,1476100
PROP-10615,2183,4,3,2012,6.82,4,3.05,0.56,939300
PROP-10616,2171,3,3,2008,0.2,5,3.85,0.13,911000
PROP-10617,2571,4,2,2000,1.58,5,2.92,0.69,1075500
PROP-10618,2412,4,3,1999,4.68,8,9.15,0.25,1153600
PROP-10619,2245,5,4,1953,3.2,9,9.09,0.94,1207900
PROP-10620,1586,3,2,1997,0.68,6,1.92,0.72,713000
PROP-10621,2406,4,4,1981,1.27,8,2.29,0.74,1048000
PROP-10622,3323,6,4,2000,1.44,4,8.76,0.31,1417300
PROP-10623,2974,6,5,2001,2.94,4,4.59,0.89,1232700
PROP-10624,3135,5,4,2023,6.23,4,2.52,0.58,1240400
PROP-10625,1767,2,2,1983,9.43,5,5.6,0.87,812200
PROP-10626,1456,3,2,1985,4.85,7,4.75,0.34,751600
PROP-10627,2018,4,3,2019,6.48,6,2.97,0.78,916800
PROP-10628,2136,3,3,1992,2.22,9,7.49,0.62,1065600
PROP-10629,2811,4,3,1965,1.73,6,6.68,0.14,1189400
PROP-10630,999,2,1,2008,1.75,6,1.9,0.46,537100
PROP-10631,3094,5,4,2002,3.35,3,9.33,0.27,1311800
PROP-10632,1997,3,2,1968,0.46,6,6.03,0.42,908700
PROP-10633,1822,3,3,1990,3.03,8,3.25,0.45,819900
PROP-10634,1442,3,2,1996,3.83,3,2.86,0.53,643900
PROP-10635,1024,2,1,2003,2.02,7,2.22,0.64,581700
PROP-10636,2635,5,4,2004,10.71,8,4.82,0.61,1164000
PROP-10637,2147,4,3,1968,3.28,6,2.22,0.14,883400
PROP-10638,1261,1,1,2011,0.87,10,4.74,0.78,772600
PROP-10639,1258,2,1,2008,2.28,5,2.34,0.95,623400
PROP-10640,1881,4,3,2014,3.94,2,6.91,0.41,940200
PROP-10641,3184,5,4,2017,1.37,9,8.07,0.26,1494000
PROP-10642,1931,3,2,1977,0.29,9,5.95,0.59,971800
PROP-10643,1122,1,1,1967,3.07,8,7.12,0.73,678400
PROP-10644,1940,3,3,1975,10.34,9,9.45,0.71,1016000
PROP-10645,1922,3,3,1968,2.32,3,6.75,0.65,853400
PROP-10646,750,1,1,2004,8.28,4,4.28,0.23,443500
PROP-10647,2064,3,2,2006,6.31,10,5.05,0.85,1004200
PROP-10648,1949,3,2,1955,0.56,2,8.74,0.48,844200
PROP-10649,2552,5,4,1950,4.31,9,2.18,0.3,1029900
PROP-10650,3301,5,4,1957,2.0,9,3.93,0.18,1298300
PROP-10651,2832,6,5,2000,1.01,8,6.2,0.48,1370700
PROP-10652,1925,4,3,1974,4.06,6,7.09,0.66,968600
PROP-10653,1380,3,2,1996,4.75,5,7.87,0.7,784500
PROP-10654,3772,6,5,2004,0.69,7,3.86,0.97,1554500
PROP-10655,2138,4,4,2013,8.61,2,2.31,0.24,863000
PROP-10656,2109,3,2,1959,4.87,6,9.59,0.99,993400
PROP-10657,2084,4,3,2005,9.48,5,1.69,0.69,829300
PROP-10658,2228,4,3,1961,1.33,5,1.86,0.51,904900
PROP-10659,2006,4,3,1982,9.81,8,5.45,0.9,927500
PROP-10660,1727,2,2,2020,1.61,10,8.37,0.73,1011600
PROP-10661,1744,2,1,1966,0.2,9,7.97,0.41,876300
PROP-10662,2078,4,3,2010,5.04,9,9.44,0.9,1155700
PROP-10663,1746,2,1,1959,4.26,6,2.27,0.7,684200
PROP-10664,1636,3,3,1980,3.19,7,4.38,0.73,832000
PROP-10665,2169,3,2,2009,2.36,3,3.54,0.91,842600
PROP-10666,1934,4,3,2019,0.2,4,8.75,0.5,1045900
PROP-10667,3077,4,4,1966,3.43,6,5.4,0.69,1264400
PROP-10668,750,2,1,1999,1.89,3,1.24,0.77,420000
PROP-10669,2809,5,4,1986,2.88,4,7.37,0.51,1238000
PROP-10670,2909,4,3,2011,1.96,5,4.5,0.18,1182800
PROP-10671,752,2,1,2021,11.84,7,5.78,0.79,542700
PROP-10672,1877,3,2,1978,3.24,6,9.04,0.14,939800
PROP-10673,1858,3,2,1981,4.84,5,3.31,0.75,799100
PROP-10674,1185,1,1,1960,9.64,3,3.16,0.92,494600
PROP-10675,1594,1,1,1955,3.13,6,3.37,0.41,662100
PROP-10676,1378,3,3,1984,0.2,6,4.04,0.19,716600
PROP-10677,3238,4,3,1982,0.2,8,1.97,0.31,1250200
PROP-10678,2708,5,4,1967,4.24,2,7.27,0.61,1137500
PROP-10679,2926,5,4,1986,1.15,5,2.87,0.95,1213100
PROP-10680,2569,5,4,1962,3.03,6,9.34,0.56,1247800
PROP-10681,1366,2,1,2023,0.79,9,2.94,0.2,739000
PROP-10682,1759,3,3,2013,1.1,9,3.3,0.67,922700
PROP-10683,2418,4,3,1950,2.46,2,3.67,0.76,908700
PROP-10684,1305,2,1,2012,12.99,6,7.92,0.45,707100
PROP-10685,2563,4,3,1983,3.35,2,4.85,0.75,1000200
PROP-10686,1943,4,3,1959,9.63,2,8.37,0.39,775900
PROP-10687,1856,2,1,1956,11.21,3,8.06,0.81,755300
PROP-10688,2562,5,3,2005,0.82,3,9.37,0.41,1177700
PROP-10689,2388,4,3,1986,1.3,10,7.81,0.33,1170600
PROP-10690,1865,2,1,1978,5.14,5,1.47,0.89,725400
PROP-10691,2853,5,4,1961,7.05,4,8.54,0.59,1190700
PROP-10692,1397,2,2,1966,2.56,2,9.44,0.36,696600
PROP-10693,2500,4,3,1997,17.48,3,9.94,0.94,1049800
PROP-10694,2485,4,3,1975,0.2,7,2.13,0.72,1036200
PROP-10695,1898,4,3,1961,1.25,10,6.52,0.3,956800
PROP-10696,2311,5,4,1970,3.42,6,2.8,0.65,969200
PROP-10697,1286,1,1,1991,2.22,5,3.36,0.88,624600
PROP-10698,2700,5,4,2010,0.43,6,7.71,0.73,1256900
PROP-10699,1979,4,3,2007,1.6,10,9.8,0.32,1144400
PROP-10700,1760,3,2,2003,0.2,8,6.35,0.68,905300
PROP-10701,2781,5,3,1983,3.6,9,8.66,0.66,1306100
PROP-10702,1642,4,3,1956,7.81,5,1.08,0.84,660300
PROP-10703,1184,3,2,1984,7.57,9,1.33,0.26,590200
PROP-10704,1088,2,2,1964,4.21,7,6.37,0.73,690000
PROP-10705,2493,5,4,2014,2.19,6,4.5,0.12,1072400
PROP-10706,1267,2,2,1974,2.51,8,9.01,0.73,838900
PROP-10707,3240,5,4,2008,0.52,7,3.72,0.96,1337000
PROP-10708,750,1,1,1955,1.46,4,4.89,0.26,433200
PROP-10709,3202,6,4,2001,0.73,6,5.75,0.38,1386300
PROP-10710,2237,3,2,1970,6.03,10,3.46,0.62,977900
PROP-10711,2037,4,3,2020,8.62,8,9.18,0.76,1073600
PROP-10712,1745,3,2,1981,2.69,5,5.18,0.41,806300
PROP-10713,2359,3,2,2002,4.55,8,4.82,0.7,1110600
PROP-10714,2075,4,3,2008,0.45,6,8.65,0.91,1095400
PROP-10715,2817,3,2,2018,3.28,3,3.81,0.75,1085300
PROP-10716,2174,4,4,2011,4.25,7,8.36,0.74,1129800
PROP-10717,2197,4,3,1953,2.11,8,2.1,0.44,926400
PROP-10718,1863,3,3,1967,0.98,9,2.65,0.92,877500
PROP-10719,2062,4,3,2005,7.35,7,9.56,0.35,1078600
PROP-10720,2300,5,4,1973,4.75,9,8.58,0.28,1150400
PROP-10721,988,1,1,2015,8.05,8,4.49,0.43,564600
PROP-10722,1223,1,1,1962,5.97,3,6.75,0.69,636100
PROP-10723,2583,5,4,2011,16.25,7,9.49,0.88,1241300
PROP-10724,2211,5,4,2003,0.75,10,2.91,0.22,1146000
PROP-10725,1980,3,1,1964,0.32,7,1.53,0.83,811500
PROP-10726,2111,4,3,2018,1.44,5,5.84,0.83,1038700
PROP-10727,2325,5,4,1952,0.48,8,2.28,0.63,997600
PROP-10728,1749,2,2,1986,2.59,4,2.69,0.78,716100
PROP-10729,1594,2,2,1986,3.51,6,9.02,0.26,840700
PROP-10730,2227,4,3,1952,3.02,2,1.07,0.25,754500
PROP-10731,1464,3,2,2012,1.05,4,8.35,0.88,821500
PROP-10732,2365,4,3,1984,8.38,9,5.65,0.55,1122300
PROP-10733,993,1,1,2001,0.2,10,6.03,0.32,698500
PROP-10734,2768,6,5,1977,1.5,10,7.05,0.72,1383700
PROP-10735,2407,4,3,1967,4.44,3,4.88,0.9,1004100
PROP-10736,2266,4,3,1985,5.1,5,2.04,0.67,897600
PROP-10737,2738,5,4,1982,1.88,6,1.93,0.41,1057900
PROP-10738,3182,6,4,2013,0.2,4,7.79,0.53,1379000
PROP-10739,2759,5,4,1975,3.37,2,2.99,0.78,1059500
PROP-10740,903,2,2,1997,0.23,7,1.25,0.16,538000
PROP-10741,1268,2,2,1989,0.4,3,9.82,0.3,739900
PROP-10742,1693,3,2,1966,3.68,10,9.82,0.52,1042900
PROP-10743,2116,4,3,1989,1.31,2,4.4,0.64,883000
PROP-10744,2436,3,3,1956,1.5,10,1.23,0.41,1000300
PROP-10745,1628,3,2,2006,2.33,8,7.55,0.37,892400
PROP-10746,2221,4,3,1957,13.45,3,8.48,0.14,933700
PROP-10747,1609,2,1,2005,11.78,7,2.13,0.13,659300
PROP-10748,1702,3,2,1980,1.88,9,2.22,0.35,781900
PROP-10749,1185,2,2,2008,1.08,3,8.4,0.58,700800
PROP-10750,1499,4,3,2007,1.26,6,9.3,0.6,934300
PROP-10751,1221,3,2,1961,1.1,7,8.12,0.54,769200
PROP-10752,1465,2,1,1997,2.66,4,2.81,0.47,606800
PROP-10753,2784,5,4,1980,3.27,3,4.7,0.33,1108200
PROP-10754,1482,2,1,2012,2.35,7,6.41,0.46,807700
PROP-10755,3811,6,5,2023,1.83,4,2.44,0.22,1468000
PROP-10756,2420,4,2,1988,0.83,3,2.9,0.2,966600
PROP-10757,2220,3,3,1969,2.31,2,3.55,0.37,861300
PROP-10758,1542,2,1,1997,1.46,9,5.59,1.0,828700
PROP-10759,2555,5,4,2020,2.73,2,5.6,0.39,1087900
PROP-10760,1725,3,2,2003,3.94,6,8.33,0.94,917600
PROP-10761,2179,3,3,2020,3.51,7,7.78,0.45,1070400
PROP-10762,3764,6,5,1978,2.17,4,9.22,0.5,1562900
PROP-10763,2037,3,2,2023,2.84,8,8.5,0.82,1093600
PROP-10764,2847,5,3,2022,1.17,3,3.28,0.18,1144700
PROP-10765,1642,3,2,1997,0.2,8,3.98,0.26,836100
PROP-10766,2077,3,2,2023,3.43,3,5.5,0.98,968000
PROP-10767,3251,6,4,2005,1.02,6,1.13,0.56,1257300
PROP-10768,1692,3,3,1966,3.87,8,9.14,0.14,961100
PROP-10769,3278,5,4,1958,4.81,4,1.4,0.14,1129000
PROP-10770,2560,4,3,1983,8.67,5,3.9,0.92,1041100
PROP-10771,1734,2,1,1994,11.11,2,6.12,0.89,722400
PROP-10772,2511,4,3,1958,0.2,4,5.66,0.51,1032000
PROP-10773,2732,4,3,1956,16.25,10,6.89,0.25,1162500
PROP-10774,2504,4,2,1965,4.02,6,5.75,0.85,1017300
PROP-10775,1079,2,2,1968,3.61,9,3.06,0.39,577700
PROP-10776,1627,3,2,1955,0.2,3,2.81,0.48,675400
PROP-10777,1939,3,3,1960,6.91,4,9.17,0.71,922800
PROP-10778,2051,3,2,2010,0.55,8,3.38,0.42,934400
PROP-10779,2503,4,2,1991,6.36,5,3.53,0.67,966300
PROP-10780,2215,4,3,1962,0.2,10,4.72,0.9,1051200
PROP-10781,1232,2,2,1961,3.63,8,2.25,0.82,631700
PROP-10782,2347,3,2,2023,2.0,2,5.57,0.44,964200
PROP-10783,2496,4,3,1969,0.78,5,6.99,0.36,1116200
PROP-10784,2463,4,4,1999,0.4,7,8.07,0.36,1221400
PROP-10785,2802,4,3,1985,2.03,7,7.4,0.41,1220700
PROP-10786,2642,4,3,2018,0.46,7,2.33,0.54,1100700
PROP-10787,2398,3,2,1986,2.33,6,5.1,0.47,939600
PROP-10788,2054,3,1,1961,3.43,4,1.35,0.22,691300
PROP-10789,1020,2,1,1989,6.15,3,1.16,0.25,385400
PROP-10790,2379,4,3,2003,3.97,4,4.96,0.41,975600
PROP-10791,2234,3,2,1951,0.24,10,3.28,0.61,963900
PROP-10792,2276,4,3,1999,1.29,4,7.15,0.63,1060000
PROP-10793,1270,2,2,1990,1.19,4,7.52,0.54,758400
PROP-10794,1397,2,1,1994,8.63,2,9.06,0.76,710400
PROP-10795,2784,4,2,1958,7.08,3,7.85,0.76,1051000
PROP-10796,2074,4,3,2011,1.62,4,1.43,0.48,845900
PROP-10797,2542,3,1,1996,0.26,3,4.34,0.21,979700
PROP-10798,2118,3,1,1954,7.86,9,3.46,0.58,862600
PROP-10799,2119,4,3,1950,7.67,7,4.48,0.44,923500
PROP-10800,2709,5,4,1993,6.75,8,2.44,0.22,1106400
PROP-10801,1764,5,4,1971,6.53,2,1.88,0.98,770800
PROP-10802,2162,4,2,1987,2.29,7,5.69,0.43,995500
PROP-10803,1799,2,1,1968,0.68,3,7.48,0.66,808300
PROP-10804,1817,3,2,1980,2.27,7,7.32,0.54,917300
PROP-10805,1899,2,1,2016,2.39,4,5.06,0.23,800800
PROP-10806,2244,4,3,1991,2.36,8,5.7,0.15,1043000
PROP-10807,1788,2,2,1975,2.71,4,5.65,0.66,801100
PROP-10808,2916,5,4,1962,1.04,10,7.22,0.32,1285900
PROP-10809,1518,2,1,2007,1.6,4,1.43,0.32,624900
PROP-10810,1978,3,3,1967,1.99,8,7.39,0.96,1035200
PROP-10811,1814,3,1,2016,0.49,5,6.24,0.52,889900
PROP-10812,3040,6,5,1952,2.13,9,2.78,0.13,1276800
PROP-10813,2227,4,3,2004,5.82,3,1.44,0.41,869400
PROP-10814,2770,6,5,2007,6.16,9,1.98,0.63,1195700
PROP-10815,1134,2,1,2012,1.86,10,5.72,0.4,754600
PROP-10816,2273,4,4,2001,2.56,9,7.83,0.12,1124900
PROP-10817,2678,5,3,1973,0.2,7,4.01,0.5,1121100
PROP-10818,2153,4,3,2021,3.93,2,4.41,0.2,904300
PROP-10819,2792,3,2,1958,1.81,8,9.41,0.66,1218800
PROP-10820,1763,3,2,1986,2.06,2,2.92,0.66,775800
PROP-10821,3016,6,4,2002,7.24,8,1.93,0.13,1210700
PROP-10822,3594,6,4,1973,2.17,3,4.09,0.36,1379800
PROP-10823,1864,2,1,1970,0.2,9,7.71,0.47,937800
PROP-10824,1810,3,2,1989,0.9,3,6.63,0.6,822100
PROP-10825,3044,6,5,2011,2.26,4,4.74,0.37,1271500
PROP-10826,3126,6,5,2019,1.93,4,9.68,0.36,1433000
PROP-10827,1760,3,3,2018,6.89,2,7.61,0.98,872600
PROP-10828,1826,4,3,1963,2.73,6,1.56,0.14,749500
PROP-10829,1916,3,2,1991,4.1,6,7.7,0.99,971900
PROP-10830,1226,1,1,1999,2.22,6,1.22,0.14,545800
PROP-10831,1502,2,1,2010,2.03,10,6.85,0.36,877300
PROP-10832,1447,3,2,1953,2.07,7,2.89,0.54,710300
PROP-10833,1600,3,2,2021,1.85,7,7.27,0.23,876900
PROP-10834,2077,3,1,1966,2.71,4,3.79,0.22,820300
PROP-10835,2252,4,3,2006,1.01,6,8.86,0.33,1153500
PROP-10836,3107,6,4,1997,7.76,8,4.03,0.98,1350600
PROP-10837,1451,3,2,1993,1.42,4,6.58,0.44,710200
PROP-10838,2739,6,5,1994,0.56,3,3.57,0.61,1193300
PROP-10839,1960,3,2,1982,0.36,6,9.25,0.73,985500
PROP-10840,2067,4,3,1980,0.2,4,8.03,0.77,957200
PROP-10841,2538,3,2,1996,1.92,6,3.19,0.72,1071500
PROP-10842,1370,3,3,1955,0.73,10,9.54,0.4,901100
PROP-10843,2348,3,2,2021,0.2,2,4.21,0.2,954600
PROP-10844,2208,4,3,2020,2.57,5,6.87,0.35,1043000
PROP-10845,2420,3,2,1983,3.99,6,7.69,0.29,1062400
PROP-10846,2287,3,1,2002,0.31,3,1.21,0.22,821800
PROP-10847,3695,6,4,1963,2.16,3,9.63,0.12,1457400
PROP-10848,1685,2,1,1965,4.76,2,4.1,0.94,661700
PROP-10849,1754,3,2,1992,14.89,9,2.71,0.93,799200
PROP-10850,1694,2,1,2022,3.85,3,8.66,0.15,794900
PROP-10851,1738,3,3,2023,0.98,4,7.33,0.26,905800
PROP-10852,1685,2,2,1961,4.41,3,1.78,0.23,565500
PROP-10853,2872,5,4,2019,3.19,5,2.05,0.35,1202600
PROP-10854,3023,6,5,1968,0.83,2,7.44,0.28,1252900
PROP-10855,1729,3,3,1990,6.67,4,1.67,0.95,705100
PROP-10856,1558,2,2,2002,1.95,6,9.25,0.18,878800
PROP-10857,2406,4,3,1978,11.44,2,7.67,0.29,960300
PROP-10858,1741,4,3,2019,4.49,5,4.02,0.17,833500
PROP-10859,2511,4,3,2008,3.62,7,4.27,0.98,1130400
PROP-10860,2231,3,2,2013,4.56,5,5.56,0.93,972600
PROP-10861,1114,2,1,1973,2.28,8,4.25,0.74,673300
PROP-10862,3105,5,3,1965,2.46,8,8.05,0.48,1391300
PROP-10863,3267,6,4,2001,6.67,7,9.77,0.27,1447400
PROP-10864,1701,3,2,1955,4.0,10,6.26,0.3,832900
PROP-10865,1847,3,2,1986,7.96,3,5.01,0.5,761000
PROP-10866,2285,3,2,1953,7.75,9,3.0,0.79,919200
PROP-10867,2317,3,2,1987,13.13,9,6.88,0.34,1057300
PROP-10868,2528,5,4,1990,4.22,5,7.17,0.38,1130200
PROP-10869,3406,6,4,1963,2.44,7,7.17,0.64,1398100
PROP-10870,1984,3,3,2020,0.64,7,1.24,0.31,883900
PROP-10871,1581,3,3,2000,4.28,6,9.09,0.63,875700
PROP-10872,1203,1,1,2014,1.21,2,4.04,0.45,589100
PROP-10873,1624,2,2,2001,1.16,4,7.7,0.13,826300
PROP-10874,2078,3,2,1979,0.95,8,7.84,0.46,1003200
PROP-10875,3266,5,3,2006,7.28,9,6.85,0.93,1409900
PROP-10876,1763,2,1,1979,7.09,3,4.55,0.36,698200
PROP-10877,2245,3,2,1991,3.49,4,6.48,0.39,932600
PROP-10878,2089,4,3,1960,2.24,5,1.36,0.16,787000
PROP-10879,2872,5,4,1976,3.9,6,7.86,0.65,1265100
PROP-10880,3742,5,4,1973,3.27,4,1.9,0.86,1311000
PROP-10881,1754,2,2,1988,1.88,6,4.57,0.42,791500
PROP-10882,1781,3,2,2021,1.67,9,1.93,0.32,825300
PROP-10883,2778,5,4,1967,1.69,9,8.53,0.96,1363200
PROP-10884,2543,3,3,1994,3.11,3,5.95,0.77,1047200
PROP-10885,3300,5,4,1961,3.65,7,7.22,0.61,1350800
PROP-10886,2479,4,3,1998,2.1,5,7.14,0.37,1127100
PROP-10887,1866,4,4,1980,12.12,10,8.57,0.3,999400
PROP-10888,2483,4,3,1971,0.31,3,2.19,0.74,921300
PROP-10889,2820,5,4,1993,1.49,9,6.94,0.57,1337900
PROP-10890,2633,4,3,2013,1.9,2,6.18,0.57,1096200
PROP-10891,2429,3,2,1974,0.2,7,1.28,0.17,946400
PROP-10892,2793,5,4,2000,1.59,2,2.81,0.56,1090100
PROP-10893,2860,5,4,1956,1.12,3,3.41,0.84,1106800
PROP-10894,2998,5,3,1955,2.47,4,1.65,0.95,1107800
PROP-10895,2521,6,4,1973,1.44,10,4.19,0.2,1142700
PROP-10896,1991,2,1,1968,4.53,6,1.24,0.67,722300
PROP-10897,2195,5,3,1958,2.5,3,5.98,0.61,973000
PROP-10898,2884,5,4,1985,0.49,6,2.9,0.9,1206900
PROP-10899,1568,3,2,1989,4.85,6,3.58,0.78,744300
PROP-10900,2339,4,3,1973,0.37,2,9.19,0.97,1091000
PROP-10901,1844,3,2,1997,6.39,4,5.53,0.96,858400
PROP-10902,2118,3,2,2012,9.38,6,3.42,0.3,905400
PROP-10903,2930,5,4,2018,1.36,10,6.39,0.75,1361400
PROP-10904,2224,3,3,2002,9.12,2,2.82,0.58,847300
PROP-10905,2130,4,3,2003,5.51,9,1.67,0.29,968600
PROP-10906,1216,2,1,1991,8.95,2,1.19,0.28,484500
PROP-10907,2585,4,3,1994,3.84,10,9.56,0.17,1253000
PROP-10908,2519,4,3,1963,0.94,7,7.52,0.82,1154000
PROP-10909,3506,6,4,1978,7.87,2,8.2,0.39,1372700
PROP-10910,1899,3,2,1955,0.71,9,9.83,0.87,993500
PROP-10911,2242,4,4,1956,0.84,6,9.38,0.65,1098400
PROP-10912,2262,3,3,1986,1.11,8,7.63,0.71,1066200
PROP-10913,3125,6,5,2002,1.27,8,7.25,0.36,1425700
PROP-10914,2038,4,2,1967,2.53,8,4.03,0.51,885400
PROP-10915,2281,5,4,1987,4.37,7,1.94,0.47,988400
PROP-10916,2495,4,3,2008,9.12,9,6.16,0.31,1133200
PROP-10917,2221,4,3,1950,0.32,10,6.19,0.85,1069100
PROP-10918,1809,3,3,2017,10.81,3,9.57,0.66,965500
PROP-10919,2226,4,4,1993,8.9,8,4.98,0.13,1018000
PROP-10920,2797,4,4,1996,0.2,3,7.22,0.84,1261500
PROP-10921,1432,3,2,1984,1.56,7,6.17,0.2,782000
PROP-10922,2186,4,3,2009,5.87,3,2.59,0.46,903700
PROP-10923,1644,3,3,2001,3.31,7,6.33,0.61,865300
PROP-10924,2876,5,4,1957,5.29,3,5.86,0.11,1099100
PROP-10925,1109,2,1,1990,4.44,2,5.45,0.69,552800
PROP-10926,1736,3,2,1952,2.4,8,5.62,0.69,870900
PROP-10927,2345,4,3,2018,0.2,4,2.48,0.69,980800
PROP-10928,3117,6,4,1963,3.07,5,5.17,0.25,1206100
PROP-10929,2057,4,3,1975,0.2,7,6.45,0.33,1000700
PROP-10930,1739,3,3,2019,3.24,6,5.41,0.32,884000
PROP-10931,3322,5,3,2007,5.64,5,5.4,0.96,1327200
PROP-10932,1158,1,1,1989,3.08,10,1.7,0.16,576900
PROP-10933,750,2,2,2000,20.0,7,2.72,0.49,409600
PROP-10934,2386,5,4,1954,2.13,7,3.89,0.88,1072400
PROP-10935,1773,4,3,1981,4.84,3,4.77,0.79,806500
PROP-10936,1436,2,2,1950,3.85,7,6.35,0.84,745000
PROP-10937,2560,4,3,2003,16.66,8,8.77,0.98,1179100
PROP-10938,2258,3,3,1960,4.37,9,2.43,0.45,973600
PROP-10939,1733,3,2,2002,0.63,9,1.14,0.38,809800
PROP-10940,1267,3,2,1957,10.89,10,5.04,0.13,620400
PROP-10941,2667,4,3,1974,3.86,4,4.89,0.24,1059800
PROP-10942,2522,5,4,1989,0.21,8,5.97,0.61,1187100
PROP-10943,2035,3,2,1981,3.75,8,8.5,0.24,997800
PROP-10944,3300,6,5,1977,7.51,2,8.22,0.76,1378900
PROP-10945,1404,2,2,1952,3.01,9,1.9,0.13,635600
PROP-10946,1108,2,1,2011,1.53,5,9.41,0.33,766100
PROP-10947,1650,1,1,1976,6.02,6,1.99,0.73,658400
PROP-10948,2070,3,2,1994,5.34,7,6.71,0.33,951600
PROP-10949,2258,3,2,1974,2.75,4,7.05,0.76,931700
PROP-10950,1943,4,3,2010,0.59,6,7.12,1.0,1009300
PROP-10951,2328,4,4,1993,1.01,6,3.39,0.82,1029100
PROP-10952,1286,2,2,1995,4.69,2,3.97,0.41,617400
PROP-10953,3038,6,5,1963,5.74,4,5.94,0.91,1248400
PROP-10954,2046,3,2,1957,1.15,4,2.8,0.15,816100
PROP-10955,2826,6,4,1997,1.61,2,1.18,0.75,1051800
PROP-10956,2322,4,3,1963,0.28,8,6.06,0.12,1030000
PROP-10957,2396,4,3,2014,4.37,2,5.19,0.26,1018400
PROP-10958,2470,5,4,1956,0.2,8,6.91,0.99,1164400
PROP-10959,2391,3,2,1998,0.2,5,2.32,0.42,971200
PROP-10960,2517,4,3,2004,0.2,10,8.57,0.84,1261500
PROP-10961,2963,5,3,1962,3.63,8,2.32,0.44,1134000
PROP-10962,2227,3,2,2022,1.89,6,9.02,0.86,1133700
PROP-10963,2560,4,3,2005,1.24,8,5.05,0.97,1155800
PROP-10964,2041,4,3,2005,8.53,10,5.95,0.49,1027100
PROP-10965,3036,5,4,1964,0.75,7,9.07,0.6,1371100
PROP-10966,1660,3,2,2006,1.73,2,3.7,0.67,725800
PROP-10967,3270,5,4,2007,9.87,7,2.64,0.94,1284200
PROP-10968,2073,2,1,1984,1.95,2,5.01,0.33,769400
PROP-10969,1169,2,2,1965,2.83,5,3.2,0.65,602900
PROP-10970,2183,2,2,1957,0.29,9,5.75,0.39,1014800
PROP-10971,1657,3,2,1994,5.47,6,3.48,0.3,758400
PROP-10972,2646,4,3,1989,1.92,6,8.78,0.18,1190100
PROP-10973,1675,4,2,2003,5.64,9,6.47,0.66,917800
PROP-10974,1809,4,2,1963,1.02,9,1.0,0.89,832400
PROP-10975,871,2,1,2008,1.92,2,8.25,0.42,599500
PROP-10976,1806,4,4,2002,5.41,6,3.97,0.6,872500
PROP-10977,750,1,1,1976,12.76,6,3.88,0.68,443400
PROP-10978,1070,2,2,1996,0.22,9,4.45,0.47,697100
PROP-10979,2594,4,2,1955,5.86,2,6.67,0.91,1037400
PROP-10980,2610,5,3,2004,1.25,8,4.98,0.43,1137800
PROP-10981,2376,5,4,1993,2.8,8,6.66,0.21,1134100
PROP-10982,1471,3,2,1967,1.2,10,2.32,0.23,721600
PROP-10983,2068,4,3,1965,3.33,3,9.73,0.9,988400
PROP-10984,2097,3,2,1961,1.53,4,7.57,0.99,992600
PROP-10985,1347,2,2,1969,1.42,5,3.25,0.36,605500
PROP-10986,3077,5,4,1994,0.2,2,7.52,0.23,1279000
PROP-10987,2670,5,4,2013,0.56,8,6.18,0.53,1267700
PROP-10988,1956,3,2,2008,8.71,4,1.98,0.74,776600
PROP-10989,2117,5,5,1971,20.0,4,2.6,0.65,822900
PROP-10990,2235,5,3,1996,5.31,4,1.37,0.96,961600
PROP-10991,772,2,2,1978,1.18,9,8.28,0.84,675400
PROP-10992,1939,3,2,1994,1.8,10,5.97,0.88,1025400
PROP-10993,1656,3,2,1958,4.71,3,3.85,0.59,677800
PROP-10994,1448,2,1,1973,12.1,2,2.14,0.39,488000
PROP-10995,1917,3,2,1964,2.13,10,5.36,0.73,941200
PROP-10996,3268,6,5,1985,6.19,7,5.73,0.5,1386900
PROP-10997,2516,3,3,1962,12.92,10,7.32,0.36,1095900
PROP-10998,1728,3,3,1993,7.24,7,9.73,0.24,929100
PROP-10999,2472,4,3,2020,0.9,3,4.91,0.58,1072000
PROP-11000,3009,4,3,2021,0.2,2,4.65,0.63,1195700
PROP-11001,2701,4,3,1985,2.37,9,4.33,0.61,1154700
PROP-11002,2138,3,2,2010,2.65,4,8.44,0.2,971800
PROP-11003,1679,4,3,1989,0.79,2,2.41,0.61,733400
PROP-11004,2553,5,4,1976,1.17,9,4.09,0.25,1091200
PROP-11005,2355,3,2,1950,5.07,2,7.52,0.7,931100
PROP-11006,2681,5,4,1983,2.22,9,1.14,0.49,1122100
PROP-11007,2512,3,2,2017,1.34,2,3.6,0.86,1035300
PROP-11008,2782,5,3,1970,3.41,10,6.77,0.8,1271400
PROP-11009,1752,3,2,1982,3.7,10,2.67,0.75,835600
PROP-11010,2956,5,4,1956,5.13,10,3.72,0.73,1248000
PROP-11011,2228,5,4,2014,0.6,4,5.37,0.6,1034900
PROP-11012,3448,5,4,1952,4.74,5,4.8,0.16,1280400
PROP-11013,1652,2,1,2000,3.2,6,1.95,0.69,710700
PROP-11014,3228,5,4,2003,0.21,7,9.44,0.52,1485200
PROP-11015,2228,4,3,2023,5.26,10,1.4,0.52,997900
PROP-11016,1676,2,1,2008,1.69,5,7.75,0.44,842900
PROP-11017,1785,1,2,1955,1.4,7,1.64,0.94,685400
PROP-11018,1891,3,2,1978,2.08,2,5.21,0.32,795100
PROP-11019,2375,4,3,1966,1.49,3,2.58,0.38,894800
PROP-11020,2439,5,4,2009,1.45,9,2.27,0.97,1181400
PROP-11021,1727,3,2,1971,5.78,5,2.13,0.83,723000
PROP-11022,2084,3,2,1973,0.47,8,5.08,0.11,911200
PROP-11023,3492,6,4,2000,12.34,5,5.64,0.92,1363600
PROP-11024,3222,4,4,1999,2.83,10,2.2,0.3,1323100
PROP-11025,2383,4,3,1960,0.71,10,9.81,0.74,1259700
PROP-11026,2124,4,3,2005,0.49,5,3.32,0.6,982400
PROP-11027,2178,4,3,2020,3.13,9,5.13,0.58,1050700
PROP-11028,2498,4,4,1991,3.51,7,2.95,0.75,1080500
PROP-11029,1435,2,2,1988,0.2,2,5.45,0.29,692500
PROP-11030,1932,2,1,2018,0.97,8,7.8,0.24,942700
PROP-11031,1015,1,1,1997,5.55,2,5.69,0.69,546200
PROP-11032,2359,4,3,2006,0.2,4,3.57,0.36,973100
PROP-11033,2520,4,3,1970,6.76,9,3.24,0.98,1067700
PROP-11034,1785,3,3,1969,3.76,10,7.83,0.51,978500
PROP-11035,3123,5,5,1964,1.99,4,2.06,0.2,1188400
PROP-11036,1303,2,2,2018,1.49,2,4.33,0.72,688400
PROP-11037,1148,2,1,2000,0.2,2,2.36,0.38,498200
PROP-11038,2245,3,3,2011,6.1,8,3.32,0.23,971400
PROP-11039,2780,5,4,1986,0.54,6,2.37,0.48,1119000
PROP-11040,3194,6,5,1955,1.3,2,8.98,0.97,1373100
PROP-11041,1801,3,2,2020,2.95,7,7.59,0.47,982200
PROP-11042,2801,4,3,1975,0.99,7,6.05,0.41,1211800
PROP-11043,2074,4,3,1957,2.41,5,3.02,0.5,860000
PROP-11044,1987,4,3,2022,5.8,8,5.59,0.11,999000
PROP-11045,2674,3,3,1953,2.23,8,5.69,0.22,1102000
PROP-11046,2524,5,3,1970,10.41,10,6.31,0.86,1155600
PROP-11047,1075,2,1,1980,6.58,2,1.54,0.98,461800
PROP-11048,3059,5,4,1970,1.42,6,9.76,0.24,1360800
PROP-11049,2997,6,4,1974,1.79,4,5.19,0.58,1212700
PROP-11050,1693,2,2,1964,1.93,8,9.34,0.97,959400
PROP-11051,2357,4,3,1984,3.44,5,1.09,0.24,887000
PROP-11052,2421,4,3,1998,1.18,5,3.23,0.27,1003500
PROP-11053,2269,3,2,1992,12.19,2,1.94,0.93,777300
PROP-11054,1742,4,3,1990,3.28,2,7.93,0.74,847000
PROP-11055,1663,2,1,1986,1.78,3,3.88,0.24,675200
PROP-11056,2083,3,3,2006,3.62,3,8.56,0.45,971400
PROP-11057,2862,5,4,1991,1.76,2,8.49,0.15,1210400
PROP-11058,2453,3,2,1996,5.96,9,7.01,0.49,1150800
PROP-11059,1859,3,2,2010,2.94,7,6.99,0.8,958900
PROP-11060,2601,5,4,1963,0.2,7,7.3,0.6,1220700
PROP-11061,750,1,1,2017,0.68,10,7.06,0.68,648900
PROP-11062,2846,5,4,2002,7.01,6,4.48,0.39,1201500
PROP-11063,969,1,1,1983,2.9,5,7.15,0.25,546700
PROP-11064,1864,2,2,1973,10.51,7,9.08,0.11,882900
PROP-11065,1372,2,1,1969,0.26,9,3.99,0.84,732100
PROP-11066,1258,3,2,2018,1.22,2,9.5,0.67,775800
PROP-11067,2854,5,4,1979,0.75,8,1.12,0.31,1165900
PROP-11068,1795,3,2,1956,2.82,9,4.14,0.48,849800
PROP-11069,2325,4,3,1985,1.69,10,2.19,0.82,1037100
PROP-11070,2069,3,2,1987,0.6,9,2.14,0.58,945900
PROP-11071,2410,5,4,2001,3.6,8,8.34,0.37,1218500
PROP-11072,2149,4,3,1964,2.69,4,9.27,0.34,1000100
PROP-11073,1266,3,2,1995,1.12,3,8.0,0.3,719600
PROP-11074,2747,4,3,1972,2.29,4,9.79,0.84,1222300
PROP-11075,1779,4,3,1961,4.79,5,2.95,0.62,773500
PROP-11076,1088,2,2,1993,0.8,5,2.27,0.74,564900
PROP-11077,1821,3,3,1964,1.21,7,5.69,0.87,907300
PROP-11078,3075,5,4,1998,1.49,8,8.46,0.99,1450200
PROP-11079,2652,4,4,1970,4.81,5,1.36,0.32,1004600
PROP-11080,1873,4,3,1964,6.57,7,9.96,0.26,988200
PROP-11081,1872,3,2,1963,1.65,10,6.42,0.52,940300
PROP-11082,1890,2,2,1991,1.23,7,9.81,0.13,956000
PROP-11083,3449,5,3,1964,7.71,4,4.29,0.81,1236000
PROP-11084,2348,4,3,2012,20.0,2,5.12,0.9,913500
PROP-11085,2379,4,4,2017,3.88,6,7.77,0.72,1157500
PROP-11086,2769,5,4,1976,16.11,4,8.13,0.34,1185200
PROP-11087,2255,4,3,2002,3.78,9,3.1,0.21,1043900
PROP-11088,1931,2,2,2001,4.63,2,9.37,0.44,884900
PROP-11089,1972,3,2,2012,1.72,3,8.81,0.85,986800
PROP-11090,2053,2,1,2022,1.99,4,1.16,0.41,784900
PROP-11091,2075,4,3,2002,0.54,4,2.16,0.13,866600
PROP-11092,2572,4,2,2006,6.06,9,5.46,0.35,1123200
PROP-11093,2133,4,4,2001,9.36,6,5.15,0.99,1060500
PROP-11094,2576,4,3,1992,3.42,9,7.38,0.71,1264000
PROP-11095,2047,4,3,1956,1.47,7,1.81,0.91,866800
PROP-11096,2151,4,3,1991,0.59,3,6.8,0.8,977100
PROP-11097,801,2,1,1953,1.08,5,6.55,0.59,535900
PROP-11098,2695,4,3,2018,1.03,10,3.1,0.23,1156100
PROP-11099,2325,4,3,1954,3.33,5,5.88,0.41,1001500
PROP-11100,2748,4,3,1990,10.15,6,3.0,0.63,1073300
PROP-11101,750,2,2,1953,0.2,6,2.32,0.88,418100
PROP-11102,3457,6,5,1951,0.2,9,6.16,0.34,1453600
PROP-11103,2009,4,3,2016,3.21,7,9.8,0.21,1071500
PROP-11104,2820,4,3,1970,1.17,8,3.13,0.6,1148500
PROP-11105,1424,3,2,2019,7.44,7,4.2,0.26,741000
PROP-11106,2498,3,2,1992,1.39,6,3.31,0.65,979600
PROP-11107,1415,3,2,2018,1.2,6,3.4,0.34,721900
PROP-11108,1694,3,2,1958,1.1,4,4.64,0.31,743600
PROP-11109,3344,4,3,1977,0.55,8,7.32,0.46,1415300
PROP-11110,1976,3,2,1975,3.05,6,1.35,0.63,782200
PROP-11111,2241,4,4,1952,0.64,8,9.61,0.59,1151600
PROP-11112,2665,4,3,2022,1.93,3,1.42,0.32,1023100
PROP-11113,2422,3,2,1998,2.16,10,8.93,0.9,1212500
PROP-11114,2197,4,3,1966,0.2,9,9.05,0.2,1123300
PROP-11115,2337,4,3,2012,0.2,6,5.72,0.14,1046300
PROP-11116,3662,6,5,2004,2.57,3,2.23,0.64,1378900
PROP-11117,2062,3,2,1972,4.17,7,6.09,0.21,879500
PROP-11118,2230,4,2,1983,9.97,9,6.66,0.55,1032400
PROP-11119,2782,6,5,2018,0.69,8,8.72,0.96,1453600
PROP-11120,2818,4,2,1964,0.38,9,5.96,0.73,1202000
PROP-11121,2871,4,3,1996,0.2,5,4.7,0.66,1213800
PROP-11122,2515,4,3,1952,2.0,4,8.54,0.62,1084900
PROP-11123,1357,2,1,1977,3.42,8,9.83,0.26,777500
PROP-11124,3161,5,4,1952,6.43,3,6.81,0.49,1241700
PROP-11125,1354,3,2,1953,4.02,6,8.87,0.41,768600
PROP-11126,2296,3,2,1980,0.82,8,6.39,0.96,1126700
PROP-11127,1609,3,2,1994,2.17,2,7.21,0.32,745500
PROP-11128,2058,3,2,2008,8.44,5,7.19,0.52,955700
PROP-11129,2313,4,3,1994,1.38,3,7.34,0.94,1066500
PROP-11130,2308,4,3,1986,2.42,7,3.89,0.81,1050800
PROP-11131,2374,4,3,2014,11.14,2,6.18,0.97,1022600
PROP-11132,3148,4,3,1958,4.64,8,6.35,0.65,1278600
PROP-11133,2394,5,4,1966,4.82,4,3.84,0.4,950200
PROP-11134,1941,3,2,2014,1.02,2,4.15,0.84,850800
PROP-11135,2726,5,4,1952,1.87,9,7.86,0.36,1260500
PROP-11136,2873,5,4,1975,0.3,8,6.24,0.25,1280900
PROP-11137,1302,2,2,2002,3.26,3,2.34,0.74,586500
PROP-11138,2488,4,3,1980,0.38,8,8.54,0.68,1207400
PROP-11139,2555,4,3,1975,6.33,4,8.95,0.89,1095200
PROP-11140,1906,4,3,1972,5.9,10,5.2,0.97,946200
PROP-11141,2994,4,3,1979,2.67,9,2.88,0.87,1244800
PROP-11142,2002,3,3,1959,0.53,6,9.53,0.15,991900
PROP-11143,2181,3,2,2021,0.2,8,8.94,0.7,1149900
PROP-11144,1987,4,3,2013,5.58,4,3.2,0.81,867100
PROP-11145,2110,4,3,1971,3.21,2,1.86,0.98,798200
PROP-11146,1387,2,1,1964,4.34,2,4.97,0.44,566100
PROP-11147,1163,2,1,2005,1.27,3,7.09,0.25,643300
PROP-11148,3136,5,4,2023,2.49,9,2.58,0.87,1361700
PROP-11149,1549,2,2,1969,4.81,2,5.62,0.39,655100
PROP-11150,1455,3,3,1996,2.17,6,4.83,0.64,739100
PROP-11151,750,1,1,2002,3.22,10,9.01,0.45,685400
PROP-11152,1684,1,1,2002,5.46,10,4.87,0.46,834600
PROP-11153,1239,2,1,1950,0.85,3,5.8,0.76,598500
PROP-11154,3167,5,3,1951,0.24,8,9.6,0.43,1407000
PROP-11155,2756,4,3,2007,2.66,2,3.7,0.72,1094700
PROP-11156,1652,2,2,1968,0.22,4,3.6,0.11,718500
PROP-11157,3564,6,5,2011,5.09,7,8.2,0.39,1553300
PROP-11158,2738,5,4,2021,4.45,10,3.5,0.39,1229600
PROP-11159,1888,3,2,1961,7.47,3,8.49,0.77,879700
PROP-11160,750,1,1,1975,3.57,8,1.86,0.38,453400
PROP-11161,3589,6,4,1976,0.24,5,2.0,0.67,1339400
PROP-11162,1196,2,1,1978,1.02,3,9.11,0.72,712600
PROP-11163,1030,1,1,1964,5.77,4,5.87,0.69,526000
PROP-11164,2764,4,3,1995,0.64,7,7.47,0.64,1281000
PROP-11165,3685,5,4,1950,4.2,10,3.03,0.47,1457000
PROP-11166,2999,5,4,2009,5.3,9,2.5,0.44,1321500
PROP-11167,2466,4,3,2006,1.4,10,8.51,0.61,1254600
PROP-11168,2486,4,3,1952,1.36,5,4.23,0.16,1016500
PROP-11169,2654,4,3,1967,2.86,5,5.1,0.89,1114400
PROP-11170,2593,4,3,2001,6.91,10,1.25,0.84,1117600
PROP-11171,2282,4,2,2009,0.89,9,4.47,0.41,1072100
PROP-11172,2167,3,2,1983,9.92,3,7.93,0.61,950300
PROP-11173,2059,4,3,2009,3.2,9,8.39,0.94,1094200
PROP-11174,1609,2,2,1975,16.95,2,7.29,0.34,667800
PROP-11175,1917,3,3,2021,0.33,10,7.23,0.77,1067300
PROP-11176,999,1,1,1968,0.47,10,5.56,0.17,602900
PROP-11177,2036,3,2,1971,6.13,9,5.84,0.57,912600
PROP-11178,1457,3,2,1982,7.0,6,7.68,0.9,787500
PROP-11179,1382,3,2,1987,2.06,6,3.23,0.6,683300
PROP-11180,2216,4,3,1984,4.38,4,3.08,0.65,911300
PROP-11181,3004,5,4,2016,7.08,6,9.55,0.92,1393700
PROP-11182,2696,4,3,1959,0.2,5,1.25,0.74,1034400
PROP-11183,1079,2,2,1964,2.99,2,2.26,0.73,444200
PROP-11184,1456,2,2,1960,6.72,10,6.13,0.63,734300
PROP-11185,2711,5,3,1973,1.78,5,7.64,0.67,1200500
PROP-11186,1461,2,1,1953,1.26,4,5.84,0.82,670900
PROP-11187,1953,4,3,1962,5.56,7,4.2,0.98,895400
PROP-11188,2457,5,3,2022,1.43,2,9.8,0.82,1163200
PROP-11189,1470,4,4,2006,0.2,6,7.33,0.74,929800
PROP-11190,2168,3,2,1986,11.23,8,8.48,0.22,999600
PROP-11191,1232,2,1,1997,3.14,3,1.36,0.84,505600
PROP-11192,1709,4,3,2020,5.99,10,3.12,0.76,956500
PROP-11193,2307,3,2,1950,6.11,7,4.37,0.79,955200
PROP-11194,1064,1,1,2009,0.24,3,2.64,0.31,498900
PROP-11195,2386,3,2,1961,0.66,9,1.66,0.91,913100
PROP-11196,2087,4,3,1970,1.3,9,3.03,0.19,929900
PROP-11197,2459,3,2,1960,1.35,2,5.8,0.33,937000
PROP-11198,2245,4,3,1993,3.76,2,7.26,0.7,1031600
PROP-11199,2986,5,4,2007,3.42,2,7.97,0.71,1231600
PROP-11200,2181,4,3,1993,2.39,5,1.39,0.38,921000
PROP-11201,1820,3,2,1983,0.83,5,4.85,0.73,848600
PROP-11202,2179,4,3,1974,1.68,9,2.1,0.45,923800
PROP-11203,2453,5,4,1953,2.75,2,4.88,0.1,985700
PROP-11204,2131,3,3,2013,2.21,4,4.91,0.25,932300
PROP-11205,2126,3,3,1965,0.48,2,5.48,0.89,852100
PROP-11206,1643,2,2,1959,3.67,10,9.04,0.3,891700
PROP-11207,1669,3,2,2015,0.27,10,8.25,0.2,990500
PROP-11208,1188,3,2,1984,1.66,8,6.73,0.71,758000
PROP-11209,3237,6,5,1955,4.33,9,8.97,0.5,1472700
PROP-11210,1291,3,2,1968,0.2,2,7.11,0.82,706200
PROP-11211,1649,2,1,2008,2.95,6,8.37,0.88,855100
PROP-11212,1633,4,3,2002,1.43,3,6.07,0.86,841100
PROP-11213,2681,5,4,1957,0.2,2,5.73,0.38,1060600
PROP-11214,1908,4,3,1959,0.74,4,7.52,0.55,877700
PROP-11215,2911,6,5,2016,9.9,8,1.18,0.69,1215800
PROP-11216,1662,2,2,1987,2.58,2,7.21,0.39,773500
PROP-11217,2281,3,2,1978,20.0,3,9.41,0.14,933700
PROP-11218,1557,2,1,1964,2.6,3,7.43,0.55,704200
PROP-11219,3494,6,4,1972,2.75,5,1.33,0.11,1236000
PROP-11220,1328,2,2,1995,1.74,4,4.4,0.96,660700
PROP-11221,2301,4,3,1977,1.3,4,8.29,0.82,1021800
PROP-11222,2511,5,4,1975,1.01,6,9.63,0.27,1177100
PROP-11223,2368,4,3,1959,1.47,4,4.33,0.36,921800
PROP-11224,1979,3,3,1996,2.16,8,8.57,0.98,1089500
PROP-11225,2015,3,2,1953,0.75,6,8.77,0.44,976800
PROP-11226,2128,3,2,2004,0.89,5,2.11,0.81,940000
PROP-11227,2004,4,3,2015,1.11,4,8.61,0.5,1031300
PROP-11228,2726,5,4,2016,2.09,5,3.92,0.88,1171700
PROP-11229,3536,6,5,1956,3.7,3,6.34,0.73,1383900
PROP-11230,1737,3,3,2004,6.79,2,5.85,0.12,773200
PROP-11231,1209,1,1,1980,1.18,4,6.97,0.36,609900
PROP-11232,2042,3,2,2023,0.71,3,7.66,0.6,982000
PROP-11233,3776,6,4,1968,1.67,2,4.97,0.93,1415300
PROP-11234,1577,2,2,1977,7.87,2,8.99,0.19,734800
PROP-11235,3165,5,5,1977,0.2,3,8.29,0.64,1341100
PROP-11236,3190,6,4,1968,3.96,10,8.07,0.37,1445100
PROP-11237,1740,2,2,1969,2.27,6,5.12,0.9,795300
PROP-11238,2469,4,3,1962,0.61,10,1.34,0.79,1030600
PROP-11239,3158,6,5,1992,1.36,9,5.43,0.43,1416100
PROP-11240,1853,3,2,1960,0.89,7,9.09,0.25,960500
PROP-11241,1967,5,3,1997,7.36,2,2.71,0.11,808000
PROP-11242,1721,2,2,1964,2.3,6,9.84,0.66,893700
PROP-11243,1440,3,3,1966,2.9,2,8.27,0.47,708400
PROP-11244,1677,3,3,2003,3.15,8,7.39,0.38,925200
PROP-11245,1304,3,2,1999,3.57,9,7.09,0.99,839400
PROP-11246,2122,4,3,1977,2.4,9,6.28,0.52,1014000
PROP-11247,1599,2,1,1953,0.2,8,7.49,0.77,817100
PROP-11248,2251,4,3,1971,1.43,3,4.8,0.26,950100
PROP-11249,1088,1,1,1988,0.71,6,8.61,0.11,671300
PROP-11250,2315,4,3,1983,3.99,5,7.27,0.48,1032400
PROP-11251,2641,5,4,1993,0.2,6,7.94,0.7,1248000
PROP-11252,804,2,1,1991,2.9,10,8.13,0.56,679700
PROP-11253,2343,5,3,1989,0.83,5,1.83,0.9,969200
PROP-11254,2897,5,3,1961,10.41,9,1.5,0.49,1121900
PROP-11255,1313,2,1,1951,1.43,9,8.21,0.38,708800
PROP-11256,3187,5,4,1977,1.38,3,3.33,0.92,1232700
PROP-11257,2372,4,3,2023,8.99,7,6.24,0.47,1083900
PROP-11258,1641,3,2,2016,1.89,6,4.99,0.34,852400
PROP-11259,2063,4,4,2020,11.53,3,1.2,0.19,781200
PROP-11260,2462,4,4,2021,0.2,5,1.36,0.81,1068200
PROP-11261,2149,4,3,1959,1.28,8,8.44,0.84,1061400
PROP-11262,2450,4,3,2006,3.84,2,6.47,0.13,1031100
PROP-11263,1501,3,2,1986,7.75,10,5.71,0.42,805900
PROP-11264,2210,4,3,2013,1.04,2,9.5,0.77,1106600
PROP-11265,1181,3,2,1989,9.33,6,2.56,0.95,595900
PROP-11266,2027,3,3,2009,3.16,8,3.32,0.44,924500
PROP-11267,1512,2,1,1997,5.65,9,7.81,0.88,894400
PROP-11268,1621,3,2,1968,1.77,3,7.98,0.45,779300
PROP-11269,2903,5,4,2021,0.83,5,4.64,0.26,1247400
PROP-11270,2809,5,4,1982,8.48,3,9.56,0.1,1225200
PROP-11271,2495,4,4,1993,9.47,5,9.44,0.4,1132200
PROP-11272,1389,3,2,1986,2.41,7,1.11,0.44,657300
PROP-11273,1894,4,3,1985,0.2,7,2.55,0.95,905300
PROP-11274,2888,4,3,1970,0.41,3,8.38,0.29,1150300
PROP-11275,2192,4,3,1951,2.98,5,4.02,0.44,905900
PROP-11276,3607,6,4,1980,0.2,5,1.86,0.12,1318300
PROP-11277,2355,4,2,1979,1.77,2,8.06,0.79,1059700
PROP-11278,2224,4,3,1993,1.27,3,5.09,0.92,997800
PROP-11279,1899,3,2,1961,4.39,4,5.43,0.31,805400
PROP-11280,2186,3,2,2000,0.2,6,2.68,0.49,867500
PROP-11281,2000,3,3,1998,2.35,9,6.95,0.21,1031400
PROP-11282,2560,3,3,1973,3.03,7,5.96,0.51,1078700
PROP-11283,2721,5,4,1973,3.36,4,2.86,0.22,1073700
PROP-11284,1589,2,2,2009,1.82,7,4.06,0.57,790600
PROP-11285,1234,3,2,1960,1.27,8,6.37,0.76,722900
PROP-11286,906,1,1,1962,4.02,7,9.32,0.6,616800
PROP-11287,2430,4,4,2021,6.58,7,9.28,0.32,1201900
PROP-11288,1382,2,1,2023,4.14,2,3.59,0.42,579300
PROP-11289,750,1,1,2021,9.41,4,7.62,0.67,508500
PROP-11290,2352,5,4,2013,4.42,8,7.98,0.63,1196800
PROP-11291,3720,5,4,1969,5.06,5,8.28,0.22,1506100
PROP-11292,2096,4,2,2021,0.64,5,6.14,0.86,1031100
PROP-11293,2645,5,3,2022,1.9,8,1.09,0.53,1137600
PROP-11294,2153,3,3,2020,2.32,10,7.86,0.25,1161200
PROP-11295,2035,3,2,1977,1.04,3,1.96,0.21,768000
PROP-11296,2697,6,5,1951,2.63,10,2.05,0.97,1170000
PROP-11297,1911,3,3,1992,1.2,4,6.45,0.35,887400
PROP-11298,2273,3,3,1957,4.07,7,9.85,0.92,1084700
PROP-11299,2309,5,4,1962,2.22,5,3.18,0.47,985700
PROP-11300,1665,3,2,1984,2.15,2,6.81,0.45,746600
PROP-11301,2744,4,3,1972,14.4,10,3.73,0.73,1174500
PROP-11302,1986,3,3,1995,1.74,7,9.09,0.11,1003800
PROP-11303,1608,2,2,1964,1.57,9,6.34,0.4,860700
PROP-11304,2448,5,4,1951,1.34,3,2.87,0.37,977800
PROP-11305,1515,3,3,2010,7.88,8,3.36,0.88,815600
PROP-11306,2118,4,3,2013,2.4,7,4.89,0.58,1057800
PROP-11307,2094,4,3,2001,3.21,3,2.1,0.43,841900
PROP-11308,2805,6,4,1985,0.7,3,1.71,0.34,1079800
PROP-11309,2408,4,3,2016,2.73,5,7.12,0.63,1126000
PROP-11310,2083,3,2,2018,1.12,5,4.66,0.24,940200
PROP-11311,2631,5,4,2016,4.59,4,7.54,0.32,1144100
PROP-11312,3003,6,4,1996,6.25,9,1.99,0.36,1233200
PROP-11313,2462,3,2,1951,4.39,8,6.49,0.65,1074300
PROP-11314,2106,3,2,1993,4.59,3,4.99,0.44,857900
PROP-11315,1247,2,1,2013,2.51,4,1.52,0.56,612100
PROP-11316,1407,2,1,1977,4.36,10,5.9,0.69,778600
PROP-11317,1901,3,2,2003,1.92,6,1.75,0.96,846300
PROP-11318,1703,4,3,2023,3.69,3,8.45,0.79,969000
PROP-11319,1978,5,4,2016,1.05,4,6.69,0.46,1011800
PROP-11320,2136,4,3,1985,0.25,9,6.01,0.77,1108200
PROP-11321,2444,4,3,2012,1.87,5,2.2,0.95,1040400
PROP-11322,2054,2,2,1974,2.17,3,3.59,0.55,811700
PROP-11323,2416,4,3,1997,1.04,3,5.44,0.47,1001700
PROP-11324,2141,4,3,1988,4.55,7,6.7,0.17,1036700
PROP-11325,815,2,1,1996,0.27,9,2.65,0.9,549100
PROP-11326,1489,2,1,1970,0.88,8,1.08,0.32,632600
PROP-11327,2006,3,2,1979,4.83,5,4.1,0.16,854800
PROP-11328,1313,2,2,1980,2.01,3,5.35,0.58,631900
PROP-11329,2489,5,3,1975,4.28,10,2.66,0.86,1103900
PROP-11330,3094,6,4,1971,2.93,5,5.43,0.47,1260500
PROP-11331,2892,4,3,1970,10.54,10,4.05,0.8,1189100
PROP-11332,1961,4,3,1950,3.19,6,5.1,0.85,889600
PROP-11333,3068,5,4,1986,0.2,8,4.13,0.51,1268500
PROP-11334,2196,4,3,1995,1.52,6,6.66,0.63,1061900
PROP-11335,1880,2,1,1958,0.54,3,1.39,0.58,678900
PROP-11336,1701,2,1,1966,9.05,7,2.54,0.95,685900
PROP-11337,1903,3,2,1996,0.38,8,4.89,0.75,923400
PROP-11338,1847,3,2,2008,1.72,7,4.21,0.93,923700
PROP-11339,2210,5,4,2003,0.9,4,4.52,0.3,992700
PROP-11340,2204,4,3,1961,6.56,9,8.23,0.38,1069700
PROP-11341,2101,3,2,2013,1.29,4,8.98,0.16,983800
PROP-11342,2384,3,2,1955,16.85,6,3.24,0.55,859600
PROP-11343,2873,6,4,2002,0.2,10,8.53,0.89,1410800
PROP-11344,2717,4,3,1965,0.48,6,5.13,0.39,1100100
PROP-11345,1134,3,3,1954,0.89,8,3.46,0.22,611200
PROP-11346,750,1,1,2022,5.83,8,9.87,0.16,680800
PROP-11347,2707,5,3,1995,7.38,6,8.42,0.5,1183100
PROP-11348,1211,2,1,1963,0.26,3,9.95,0.25,680200
PROP-11349,1953,3,2,1993,0.2,6,2.51,0.41,831700
PROP-11350,1339,2,2,2012,4.78,8,2.29,0.84,737500
PROP-11351,928,1,1,2001,0.5,8,5.53,0.45,636200
PROP-11352,2451,4,3,1975,0.5,5,6.75,0.65,1054300
PROP-11353,2593,4,3,2002,0.2,2,2.54,0.55,985200
PROP-11354,1725,3,2,1978,0.2,7,8.74,0.75,937900
PROP-11355,750,1,1,1968,1.07,4,5.79,0.24,435500
PROP-11356,1744,3,2,1996,0.24,6,4.7,0.93,880800
PROP-11357,2354,3,2,1957,1.61,5,6.42,0.68,992200
PROP-11358,1138,2,1,1972,6.26,3,6.71,0.34,558400
PROP-11359,2219,3,2,1984,1.38,8,1.39,0.21,920200
PROP-11360,2090,3,2,2002,4.55,6,10.0,0.23,1009000
PROP-11361,2476,3,2,2007,0.35,8,4.28,0.8,1089200
PROP-11362,2177,3,2,1954,3.77,10,1.55,0.63,902100
PROP-11363,1467,2,1,1965,1.33,5,8.67,0.44,753100
PROP-11364,2877,4,3,1966,4.85,6,9.94,0.4,1179900
PROP-11365,1996,4,2,1981,0.51,10,8.35,0.87,1089800
PROP-11366,2082,3,3,2001,7.99,5,8.67,0.89,1033900
PROP-11367,1493,3,2,1969,0.97,6,6.63,0.62,759200
PROP-11368,1811,3,2,2015,1.52,6,9.3,0.57,933500
PROP-11369,1524,3,3,1950,10.5,9,1.32,0.83,668600
PROP-11370,1987,3,2,2007,3.02,5,7.9,0.77,973300
PROP-11371,3212,5,3,1993,1.59,5,7.04,0.46,1325700
PROP-11372,1208,3,2,1955,10.46,8,1.45,0.17,487400
PROP-11373,1051,3,2,1999,1.4,6,5.9,0.79,690000
PROP-11374,3056,4,3,2021,0.35,7,5.64,0.25,1327600
PROP-11375,1963,3,3,1969,20.0,7,7.22,0.11,885600
PROP-11376,1665,3,3,1963,1.09,7,1.7,0.86,787900
PROP-11377,2775,4,2,1954,6.67,6,8.25,0.62,1123400
PROP-11378,1706,3,2,1990,0.63,6,2.25,0.9,800300
PROP-11379,3286,5,4,1989,4.6,10,4.77,0.54,1368600
PROP-11380,2540,6,4,1983,2.6,9,8.93,0.93,1319000
PROP-11381,1782,4,3,1994,13.85,5,6.04,0.42,814900
PROP-11382,3502,6,4,2020,2.82,8,4.42,0.75,1486500
PROP-11383,1706,3,3,2020,0.2,9,1.43,0.37,887100
PROP-11384,2582,5,4,1976,3.24,10,7.05,0.1,1243600
PROP-11385,2294,3,2,1993,0.55,6,9.88,0.44,1086300
PROP-11386,2946,4,4,1982,5.61,4,9.21,0.76,1248800
PROP-11387,3114,5,3,1982,6.8,5,7.46,0.24,1284000
PROP-11388,2120,4,2,1993,2.3,7,1.95,0.55,933400
PROP-11389,1610,3,1,1969,5.35,6,3.15,0.29,687900
PROP-11390,2398,3,2,1985,0.55,10,2.68,0.17,1003200
PROP-11391,1659,2,2,1956,2.37,4,4.2,0.66,702600
PROP-11392,3408,6,5,1981,1.75,3,3.12,0.96,1330500
PROP-11393,2188,4,3,2016,3.31,7,3.2,0.38,984600
PROP-11394,1862,4,2,1988,0.2,8,6.55,0.62,940100
PROP-11395,2220,3,3,1973,4.88,6,3.87,0.96,972900
PROP-11396,1224,2,2,2019,0.29,2,7.09,0.69,746400
PROP-11397,1468,3,3,2003,3.74,4,9.53,0.71,901100
PROP-11398,2880,6,4,1987,0.2,4,6.75,0.26,1183300
PROP-11399,1673,3,2,2023,6.24,5,7.76,0.54,910400
PROP-11400,1419,3,2,1981,0.67,7,7.76,0.43,830500
PROP-11401,2448,4,3,1994,2.54,6,3.98,0.52,1027300
PROP-11402,2870,5,4,2010,1.06,2,1.13,0.82,1048800
PROP-11403,2567,4,3,2019,4.49,7,1.5,0.51,1053500
PROP-11404,2747,5,3,2002,1.36,10,3.54,0.16,1211700
PROP-11405,1608,1,1,2000,4.51,2,7.21,0.91,713300
PROP-11406,1175,2,1,2005,1.17,9,9.16,0.59,844900
PROP-11407,3075,5,4,1976,4.89,9,9.63,0.93,1462400
PROP-11408,1890,3,2,1987,0.2,4,1.23,0.62,766800
PROP-11409,1936,4,3,2011,1.17,10,9.91,0.16,1090700
PROP-11410,2963,5,4,1967,2.42,9,3.9,0.6,1242200
PROP-11411,2461,4,3,2013,0.2,4,8.59,0.62,1177900
PROP-11412,2396,5,3,1979,0.72,6,2.62,0.29,1007800
PROP-11413,3507,5,4,1998,9.54,4,1.57,0.52,1239200
PROP-11414,1681,2,1,1990,13.18,6,4.41,0.51,698400
PROP-11415,2703,4,3,1962,4.71,10,8.73,0.66,1241100
PROP-11416,2137,4,3,1983,1.02,5,2.99,0.33,892900
PROP-11417,2274,4,2,1974,1.06,7,2.39,0.62,927800
PROP-11418,3093,4,3,2015,3.63,4,9.19,0.32,1307900
PROP-11419,2430,4,3,1967,0.44,4,9.45,0.5,1106700
PROP-11420,2449,4,3,1954,10.37,6,1.11,0.21,878900
PROP-11421,2797,5,3,1968,0.89,9,7.55,0.13,1282000
PROP-11422,1862,3,3,1991,20.0,9,3.78,0.39,781300
PROP-11423,1554,3,2,1967,2.4,4,4.37,0.35,720800
PROP-11424,1420,1,1,1981,5.17,9,5.22,0.47,702300
PROP-11425,821,2,2,1970,0.2,9,4.84,0.97,659300
PROP-11426,3436,6,5,1959,7.69,4,5.63,0.57,1351900
PROP-11427,1382,3,2,1986,1.1,3,6.24,0.6,722700
PROP-11428,1956,4,3,1998,3.86,3,5.19,0.95,896600
PROP-11429,1920,4,2,1962,5.75,10,7.31,0.93,1043000
PROP-11430,2299,4,3,2004,0.63,8,7.47,0.9,1158700
PROP-11431,2630,5,4,1966,2.05,7,4.96,0.19,1164800
PROP-11432,2659,5,4,1958,2.38,8,2.28,0.67,1084900
PROP-11433,1720,3,2,1993,1.31,9,6.77,0.83,960000
PROP-11434,1991,5,4,1995,2.3,2,7.96,0.85,1040900
PROP-11435,2283,4,3,1957,1.34,9,6.74,0.62,1062100
PROP-11436,1938,4,3,1986,1.57,4,6.29,0.12,909400
PROP-11437,3144,4,3,1968,3.87,4,3.06,0.98,1146400
PROP-11438,2419,3,2,2012,3.5,7,6.81,0.52,1112600
PROP-11439,2577,4,3,1995,0.93,5,4.01,0.45,1115200
PROP-11440,2530,4,3,2020,7.97,5,9.28,0.46,1156600
PROP-11441,2862,4,3,1975,6.95,5,6.88,0.48,1170700
PROP-11442,2217,4,3,1995,2.49,10,3.5,0.32,1011100
PROP-11443,1257,3,2,1995,1.99,9,5.26,0.39,752600
PROP-11444,2359,4,3,1963,1.66,4,8.62,0.99,1097600
PROP-11445,1676,2,1,2012,4.3,2,4.02,0.43,684700
PROP-11446,1756,3,2,2021,3.9,2,5.73,0.57,850800
PROP-11447,2481,4,4,1952,0.76,2,7.12,0.86,1063300
PROP-11448,2904,5,4,1977,3.9,5,7.79,0.57,1224500
PROP-11449,2113,3,2,1978,1.02,7,2.57,0.39,886900
PROP-11450,2300,4,3,1967,0.2,5,6.09,0.57,1051800
PROP-11451,3206,5,4,1984,4.2,4,9.21,0.2,1362200
PROP-11452,2256,4,4,1996,3.62,9,9.72,0.22,1194300
PROP-11453,3791,6,4,1954,1.85,9,6.91,0.72,1552800
PROP-11454,2467,2,2,2008,2.61,7,9.85,0.93,1188400
PROP-11455,955,3,3,2008,10.29,10,6.14,0.75,727100
PROP-11456,2589,5,3,1996,3.17,2,4.98,0.17,972900
PROP-11457,2347,4,3,1962,3.75,9,5.96,0.46,1082000
PROP-11458,2938,5,3,1982,0.23,7,2.04,0.1,1169400
PROP-11459,2537,4,3,2011,0.64,2,4.62,0.56,1024100
PROP-11460,2010,4,3,1965,1.25,5,5.13,0.27,896300
PROP-11461,1304,3,3,1993,2.71,6,8.64,0.88,843300
PROP-11462,1964,3,3,2007,5.25,8,7.83,0.19,1030400
PROP-11463,1547,3,2,1955,1.36,9,6.41,0.1,806700
PROP-11464,1722,3,1,1964,1.54,10,4.13,0.51,838600
PROP-11465,2482,3,2,1953,1.04,7,2.68,0.24,919000
PROP-11466,3185,5,4,2005,1.03,10,4.13,0.76,1368100
PROP-11467,2356,4,3,2013,10.41,5,7.12,0.93,1091900
PROP-11468,1322,2,1,2017,3.53,9,3.37,0.14,694100
PROP-11469,2388,4,3,1983,0.59,4,4.84,0.46,964900
PROP-11470,2877,5,4,2005,4.48,5,4.48,1.0,1229600
PROP-11471,1703,3,2,1981,4.48,5,7.89,0.76,828600
PROP-11472,2012,3,2,1958,3.84,7,8.95,0.96,1060200
PROP-11473,2109,3,2,2012,0.51,10,7.29,0.25,1027400
PROP-11474,1589,2,1,2021,1.83,7,4.07,0.3,776400
PROP-11475,2521,3,3,1982,0.4,2,4.9,0.24,954000
PROP-11476,2021,4,3,1970,5.94,6,2.29,0.37,855700
PROP-11477,2372,3,2,2004,3.73,10,2.51,0.75,1029100
PROP-11478,1523,3,2,2006,2.48,6,2.48,0.25,739600
PROP-11479,1815,4,3,1951,1.47,7,2.18,0.57,815900
PROP-11480,2569,4,4,1962,0.71,4,2.62,0.34,966000
PROP-11481,1857,2,2,1953,0.39,9,2.82,0.85,809600
PROP-11482,3222,5,4,1999,12.19,5,2.01,0.11,1167700
PROP-11483,1840,3,2,1997,0.78,5,6.76,0.3,885100
PROP-11484,2246,3,1,1979,0.22,6,9.91,0.64,1063400
PROP-11485,2706,4,3,1978,11.42,10,8.91,0.19,1250500
PROP-11486,1178,3,2,1957,2.79,9,1.41,0.52,603800
PROP-11487,955,2,2,1961,5.58,8,4.81,0.49,559700
PROP-11488,1108,1,1,1990,0.2,6,8.73,0.87,692200
PROP-11489,2920,4,3,1975,2.93,10,2.21,0.66,1166800
PROP-11490,1741,3,2,1999,1.78,10,8.63,0.68,1017200
PROP-11491,3762,6,5,1951,5.17,3,6.33,0.96,1439600
PROP-11492,1733,3,2,2004,0.2,5,9.38,0.98,1013400
PROP-11493,2219,3,3,2005,1.8,9,8.88,0.69,1160400
PROP-11494,3102,5,4,1963,5.62,2,7.09,0.57,1222400
PROP-11495,3403,6,4,1955,2.59,6,6.92,0.65,1347500
PROP-11496,3439,6,4,2010,2.8,9,2.92,0.44,1382700
PROP-11497,2885,5,3,1961,0.36,3,2.05,0.99,1044100
PROP-11498,2765,4,2,1962,0.5,3,4.74,0.73,1041600
PROP-11499,2485,4,4,1968,3.96,9,2.68,0.36,1017000
PROP-11500,2605,5,4,1993,3.93,10,1.92,0.15,1094300
PROP-11501,1741,3,2,2008,13.54,8,3.72,0.14,805400
PROP-11502,1568,3,2,1986,4.36,9,8.74,0.28,878500
PROP-11503,2097,4,2,1974,2.38,6,1.15,0.31,821800
PROP-11504,1989,3,2,1965,6.82,2,3.63,0.47,756300
PROP-11505,1805,2,2,1987,0.39,5,4.82,0.29,828400
PROP-11506,2552,4,3,1992,2.09,3,5.6,0.67,1071400
PROP-11507,2720,4,2,1963,1.18,4,2.63,0.29,996900
PROP-11508,2157,4,3,1955,0.39,4,9.68,0.27,1039100
PROP-11509,3060,5,4,1972,5.05,10,6.21,0.52,1350300
PROP-11510,1357,3,2,2009,2.5,5,5.7,0.9,785700
PROP-11511,1974,3,3,1961,2.85,3,1.08,0.52,677800
PROP-11512,1634,4,3,1962,1.85,4,5.37,0.47,773500
PROP-11513,886,1,1,1955,2.16,4,8.54,0.62,551600
PROP-11514,2046,4,3,2012,0.43,8,2.98,0.33,962800
PROP-11515,2020,4,2,1987,3.91,9,4.16,0.42,944200
PROP-11516,3083,5,4,1999,1.98,7,1.19,0.29,1197500
PROP-11517,2510,4,3,2001,5.94,5,9.79,0.61,1199400
PROP-11518,1434,3,2,1989,0.76,7,1.6,0.73,681800
PROP-11519,3305,4,2,1957,0.8,2,9.08,0.71,1278600
PROP-11520,2893,5,3,2010,3.63,9,3.82,0.33,1275300
PROP-11521,2478,3,2,1957,6.55,2,6.29,0.8,981300
PROP-11522,1952,3,3,1983,2.24,6,7.11,0.33,948500
PROP-11523,1476,3,2,2009,4.54,3,2.27,0.24,620000
PROP-11524,1858,3,2,2006,20.0,7,4.99,0.41,773800
PROP-11525,2807,4,3,1995,16.21,10,3.93,0.64,1156900
PROP-11526,3324,5,4,1971,4.77,6,1.51,0.23,1228700
PROP-11527,3103,6,5,1989,4.71,5,8.5,0.68,1365000
PROP-11528,1782,2,1,1994,1.0,3,1.41,0.88,690800
PROP-11529,1372,2,1,2004,6.28,4,6.88,0.36,681300
PROP-11530,2191,5,4,2000,1.82,7,3.83,0.51,990100
PROP-11531,950,3,2,1954,11.45,9,2.73,0.31,516700
PROP-11532,2310,4,4,1962,0.3,9,7.0,0.43,1132100
PROP-11533,2004,3,2,1977,2.0,6,6.17,0.12,903000
PROP-11534,1797,4,3,2011,2.84,6,3.84,0.96,937300
PROP-11535,1063,3,3,1973,1.82,4,5.62,0.47,612000
PROP-11536,2433,4,3,1956,0.83,8,3.22,0.81,1022400
PROP-11537,1753,2,1,1987,3.15,7,8.77,0.23,938100
PROP-11538,1339,2,1,1986,4.94,2,3.82,0.83,545700
PROP-11539,750,1,1,2017,3.62,5,3.21,0.87,465800
PROP-11540,2082,4,4,1991,0.94,7,7.77,0.74,1094700
PROP-11541,3251,6,5,1954,4.6,7,1.16,0.91,1281300
PROP-11542,3179,6,5,2013,1.04,4,3.41,0.25,1313500
PROP-11543,1802,2,1,1999,0.67,7,4.38,0.53,805300
PROP-11544,1708,4,3,1964,4.11,7,8.94,0.66,977500
PROP-11545,2404,4,2,2022,6.48,10,9.55,0.64,1248000
PROP-11546,1451,3,3,2002,2.3,10,7.45,0.87,910800
PROP-11547,2296,5,4,1974,2.65,3,5.43,0.29,965700
PROP-11548,2597,4,3,1958,1.26,5,6.77,0.26,1087100
PROP-11549,2897,5,4,1987,2.39,10,4.73,0.33,1334000
PROP-11550,2034,3,2,1971,0.5,5,3.69,0.9,869800
PROP-11551,1967,2,2,1998,10.92,9,9.56,0.95,1085000
PROP-11552,1529,3,2,2017,5.64,4,2.04,0.61,706500
PROP-11553,1562,4,3,1964,3.86,4,4.12,0.55,690900
PROP-11554,1952,2,1,2014,2.7,10,9.09,0.64,1089400
PROP-11555,2338,4,2,2003,5.5,9,7.51,0.65,1109400
PROP-11556,2693,5,4,1979,2.39,2,1.26,0.25,967200
PROP-11557,1577,3,3,1969,1.25,3,1.21,0.72,656100
PROP-11558,3070,5,4,1982,0.61,4,5.65,0.51,1252100
PROP-11559,1923,2,2,1956,3.65,3,5.36,0.57,797800
PROP-11560,2086,4,3,1957,9.28,4,4.99,0.13,850900
PROP-11561,1614,2,1,1977,0.58,9,3.72,0.79,781600
PROP-11562,750,1,1,1994,0.69,7,9.88,0.85,704500
PROP-11563,2674,5,4,2022,1.99,8,3.45,0.66,1197800
PROP-11564,2578,5,4,2023,5.76,7,5.41,0.77,1176000
PROP-11565,1917,3,3,1960,1.22,2,4.64,0.57,802900
PROP-11566,2143,4,3,1980,1.03,4,2.53,0.66,883400
PROP-11567,2435,5,4,1961,3.39,2,2.82,0.46,937300
PROP-11568,1084,2,2,2000,2.68,10,9.26,0.81,846600
PROP-11569,1756,3,2,1993,0.22,10,8.72,0.52,1003300
PROP-11570,2616,4,3,1999,0.3,6,2.79,0.71,1133300
PROP-11571,1284,3,2,1966,3.61,5,8.88,0.66,754900
PROP-11572,2290,4,3,1984,2.19,10,2.88,0.73,1032900
PROP-11573,1218,2,1,1950,12.39,10,6.64,0.81,691800
PROP-11574,2403,3,2,1978,3.97,4,1.73,0.56,878200
PROP-11575,2076,4,2,2000,0.2,6,8.92,0.83,1070600
PROP-11576,1050,1,1,2013,2.3,4,1.46,0.55,464400
PROP-11577,2857,4,3,1953,1.87,3,5.99,0.96,1101300
PROP-11578,1622,2,1,1977,0.39,2,8.02,0.78,790900
PROP-11579,1573,2,2,1965,8.98,3,2.05,0.25,539600
PROP-11580,2230,5,5,2012,5.72,9,4.64,0.85,1130600
PROP-11581,2846,6,5,2002,0.92,9,1.38,0.6,1249400
PROP-11582,1439,4,4,1966,1.03,4,7.14,0.99,852700
PROP-11583,2140,3,2,1989,0.2,8,3.77,0.75,954300
PROP-11584,2378,4,3,1962,1.23,8,6.03,0.18,1080500
PROP-11585,2550,3,2,2001,3.07,3,9.39,0.46,1111400
PROP-11586,2214,3,2,2007,1.91,10,3.75,0.57,973900
PROP-11587,1861,3,1,1986,12.19,4,1.44,0.86,686800
PROP-11588,1562,3,3,2010,0.2,3,7.08,0.76,839900
PROP-11589,2155,3,3,1983,3.13,4,8.08,0.43,999800
PROP-11590,1403,3,2,2019,6.84,3,9.62,0.69,797700
PROP-11591,750,2,1,1966,2.29,9,2.42,0.62,469500
PROP-11592,2383,5,3,1969,0.2,6,4.53,0.21,1050300
PROP-11593,2687,4,3,2022,0.97,4,8.6,0.31,1208300
PROP-11594,750,2,2,2008,1.37,6,8.26,0.41,588300
PROP-11595,1443,3,2,2018,11.83,9,6.62,0.28,831100
PROP-11596,2502,4,3,1982,8.5,8,3.42,0.24,1049200
PROP-11597,3437,6,4,1966,10.43,7,3.56,0.15,1316200
PROP-11598,2113,4,3,2006,6.12,2,2.12,0.89,832800
PROP-11599,1626,3,2,1950,1.52,2,9.3,0.36,776800
PROP-11600,1981,3,2,1962,8.27,2,2.56,0.36,711800
PROP-11601,2993,5,4,1976,14.0,9,6.16,0.29,1280200
PROP-11602,1680,4,3,2019,1.51,9,6.26,0.53,985000
PROP-11603,1580,3,3,2008,1.06,8,4.33,0.56,874700
PROP-11604,1786,3,2,1955,2.77,7,4.17,0.29,767400
PROP-11605,1480,2,2,1972,0.73,5,7.02,0.65,706000
PROP-11606,2179,3,2,1959,0.2,2,4.49,0.75,876900
PROP-11607,3156,6,4,2000,10.2,10,3.3,0.44,1295100
PROP-11608,2310,3,3,1968,9.1,2,4.59,0.63,872700
PROP-11609,1935,3,2,2000,0.62,5,8.27,0.55,985400
PROP-11610,1910,3,3,2017,1.83,4,9.7,0.28,1000000
PROP-11611,1083,2,2,1991,6.22,8,6.72,0.76,719500
PROP-11612,2674,4,3,2006,3.79,6,8.04,0.82,1288100
PROP-11613,2049,4,3,2017,1.76,6,5.8,0.68,1027800
PROP-11614,1982,4,3,1987,4.77,5,6.62,0.39,916100
PROP-11615,4175,6,3,2011,7.96,2,9.89,0.93,1605400
PROP-11616,2294,3,2,1956,9.12,6,4.95,0.51,928100
PROP-11617,1611,3,2,2020,1.67,5,1.6,0.34,726300
PROP-11618,1822,4,3,1999,0.67,9,9.61,0.47,1035300
PROP-11619,2846,5,4,2001,8.54,3,8.14,0.72,1257900
PROP-11620,2173,3,2,1975,0.34,9,4.58,0.86,1018600
PROP-11621,1165,2,1,1975,4.48,2,9.84,0.42,642800
PROP-11622,2697,3,2,1968,0.53,5,4.11,0.31,1084600
PROP-11623,1665,3,2,1958,1.73,4,4.35,0.66,752700
PROP-11624,3317,6,5,2010,1.86,6,6.49,0.93,1437200
PROP-11625,2802,4,3,1969,0.61,6,3.47,0.26,1126900
PROP-11626,1809,3,2,1999,8.96,6,7.29,0.82,904200
PROP-11627,2932,5,4,1971,0.2,5,2.38,0.53,1190600
PROP-11628,2144,3,2,1962,7.85,9,1.97,0.82,902100
PROP-11629,2654,4,3,1961,7.53,4,5.81,0.55,1060700
PROP-11630,2415,4,3,1959,1.33,5,6.0,0.44,1035500
PROP-11631,1549,2,2,2014,4.26,2,1.96,0.73,615500
PROP-11632,1681,3,2,1979,1.02,8,9.68,0.91,958400
PROP-11633,2769,5,4,1957,4.98,2,6.16,0.39,1094900
PROP-11634,1882,3,2,1970,2.88,3,2.36,0.51,690300
PROP-11635,1837,3,3,1971,1.25,8,3.8,0.31,869800
PROP-11636,1479,2,2,1967,1.79,2,8.2,0.27,690800
PROP-11637,2375,4,3,2015,4.1,4,5.71,0.8,1049800
PROP-11638,3440,6,4,1997,8.28,7,2.69,0.28,1345300
PROP-11639,1406,3,2,1993,0.49,7,1.93,0.81,690900
PROP-11640,2115,3,3,1958,2.97,7,4.88,0.49,940300
PROP-11641,3017,5,4,2016,1.02,3,4.04,1.0,1246000
PROP-11642,2048,3,1,2003,5.66,3,6.9,0.28,848300
PROP-11643,2394,4,4,1975,0.25,7,9.33,0.18,1191200
PROP-11644,1409,2,2,1975,4.09,6,3.23,0.17,660600
PROP-11645,2378,3,2,1983,0.67,8,8.7,0.85,1171200
PROP-11646,1978,3,2,1957,3.18,8,9.28,0.49,1037400
PROP-11647,2740,5,4,1959,6.32,6,9.12,0.1,1197700
PROP-11648,2871,5,4,1997,4.92,9,9.57,0.89,1348100
PROP-11649,3783,6,5,2004,4.89,7,8.58,0.89,1621600
PROP-11650,2476,4,3,2003,2.55,6,6.34,0.83,1156900
PROP-11651,2311,4,3,1989,7.75,5,4.69,0.32,963900
PROP-11652,2226,4,3,1964,3.1,8,5.43,0.44,975100
PROP-11653,1870,3,3,1967,8.73,5,8.85,0.77,874700
PROP-11654,2320,4,3,1972,2.77,6,3.71,0.54,1010400
PROP-11655,1907,3,2,2011,2.47,6,2.43,0.24,841400
PROP-11656,2209,4,3,1995,0.88,2,2.27,0.32,851000
PROP-11657,2956,4,3,1988,2.75,2,8.44,0.98,1280600
PROP-11658,1445,3,3,1964,0.53,4,7.85,0.24,831400
PROP-11659,2840,6,4,2002,7.13,4,5.48,0.75,1230700
PROP-11660,2956,5,4,2013,3.94,3,3.47,0.53,1192600
PROP-11661,2023,3,2,2012,17.7,3,7.1,0.77,886400
PROP-11662,750,1,1,1965,0.34,7,1.35,0.7,438800
PROP-11663,1704,3,2,2019,0.96,2,6.11,0.5,862700
PROP-11664,2943,6,4,2015,7.34,7,4.59,0.42,1241800
PROP-11665,2085,3,2,1962,1.76,6,9.8,0.78,1013100
PROP-11666,1450,3,3,1996,2.2,7,5.57,0.39,802300
PROP-11667,1771,3,3,1958,6.9,6,5.97,0.81,851500
PROP-11668,2646,4,2,2012,2.58,8,7.41,0.71,1264600
PROP-11669,2455,4,4,1983,0.75,2,5.36,0.62,1038500
PROP-11670,1944,4,4,1978,7.79,4,3.02,0.43,834300
PROP-11671,1861,4,3,1986,0.2,7,5.84,0.28,949100
PROP-11672,1845,2,1,1992,7.9,2,9.5,0.74,845300
PROP-11673,1500,3,3,2013,0.2,8,4.69,0.18,824000
PROP-11674,3149,5,3,1973,3.84,5,7.12,0.97,1303400
PROP-11675,1890,3,2,2020,0.26,4,9.8,0.98,1000000
PROP-11676,2891,5,4,1983,4.29,10,8.47,0.22,1334000
PROP-11677,3088,5,4,1997,0.2,2,6.93,0.19,1267200
PROP-11678,2748,5,4,1961,6.47,9,7.62,0.47,1234600
PROP-11679,1819,3,2,1972,2.2,2,9.43,0.97,931000
PROP-11680,2362,3,2,1962,0.34,6,9.64,0.46,1091000
PROP-11681,2084,3,2,1994,4.29,9,9.72,0.43,1118600
PROP-11682,1512,3,2,2014,2.35,7,6.63,0.73,829400
PROP-11683,2310,5,4,1996,0.74,8,4.46,0.26,1058000
PROP-11684,1333,3,2,2007,0.2,9,2.2,0.43,725100
PROP-11685,2871,4,2,1954,1.89,7,4.47,0.36,1141100
PROP-11686,1797,4,4,1954,0.31,7,9.49,0.64,988900
PROP-11687,2230,4,3,2009,0.35,7,9.01,0.25,1134600
PROP-11688,2284,5,3,1970,1.09,6,5.71,0.59,1060200
PROP-11689,1931,3,2,1973,3.48,9,5.83,0.87,937000
PROP-11690,2481,4,3,1967,2.64,3,3.78,0.56,944200
PROP-11691,1791,3,2,1970,0.25,8,5.09,0.72,893600
PROP-11692,2666,5,4,2003,12.09,5,7.43,0.17,1126000
PROP-11693,1225,3,2,1959,7.64,2,4.62,0.5,532500
PROP-11694,2182,4,4,1973,1.05,6,2.69,0.19,929800
PROP-11695,3360,5,4,2009,0.46,4,5.87,0.64,1391400
PROP-11696,1449,2,1,2006,9.99,5,3.03,0.35,643000
PROP-11697,1659,3,2,1972,2.16,8,9.77,0.36,953300
PROP-11698,2434,5,4,1971,1.3,6,4.51,0.17,1044200
PROP-11699,2216,4,3,2017,2.36,5,9.19,0.38,1131900
PROP-11700,2327,5,4,1983,5.19,2,3.03,0.56,941400
PROP-11701,2417,5,4,2019,0.65,7,2.7,0.63,1120800
PROP-11702,2512,4,3,1977,5.11,7,6.55,0.16,1077300
PROP-11703,2821,4,3,1988,4.84,8,8.01,0.69,1287600
PROP-11704,2366,4,3,1991,2.71,2,6.1,0.54,992400
PROP-11705,1943,3,1,1972,7.03,5,3.07,0.58,760800
PROP-11706,2537,4,3,2019,0.5,10,1.34,0.85,1135400
PROP-11707,3334,6,5,1951,3.17,7,6.56,0.41,1439200
PROP-11708,2013,4,3,1973,2.09,3,2.18,0.26,767000
PROP-11709,1466,2,2,1966,1.92,5,4.09,0.6,703900
PROP-11710,2819,4,3,2014,1.02,7,7.08,0.95,1326000
PROP-11711,2021,3,2,2019,1.63,5,1.88,0.57,875800
PROP-11712,750,1,1,2018,0.4,8,2.15,0.85,511300
PROP-11713,2650,3,2,2009,1.01,4,1.55,0.78,1048000
PROP-11714,1752,4,3,1999,1.11,7,9.96,0.57,1016800
PROP-11715,2041,3,2,1961,4.46,5,4.48,0.68,862900
PROP-11716,2315,6,5,1996,0.2,4,9.15,0.47,1182300
PROP-11717,2223,5,4,2016,3.69,4,3.64,0.58,988300
PROP-11718,2561,4,3,2014,0.88,3,7.78,0.56,1159500
PROP-11719,1816,3,1,1976,0.3,4,2.97,0.74,792900
PROP-11720,2433,5,4,1997,1.25,2,5.48,0.47,1054100
PROP-11721,1931,4,4,2011,0.89,4,8.42,0.19,1054000
PROP-11722,2580,3,2,1993,2.81,10,8.35,0.81,1226600
PROP-11723,2499,3,2,1968,1.55,5,8.15,0.72,1087300
PROP-11724,1491,2,1,2008,11.83,4,8.41,0.96,736200
PROP-11725,2805,5,3,1957,11.59,9,2.9,0.49,1086300
PROP-11726,1751,3,1,2004,2.05,2,5.34,0.17,743200
PROP-11727,2625,5,4,1996,5.55,6,5.36,0.21,1130100
PROP-11728,2338,3,2,1951,0.2,2,9.01,0.8,972200
PROP-11729,3294,4,3,1988,2.78,8,3.67,0.16,1265600
PROP-11730,1954,4,3,1994,4.76,6,9.38,0.92,1035900
PROP-11731,1872,3,2,1981,0.86,3,5.06,0.35,831300
PROP-11732,2087,2,2,2014,0.22,2,7.03,0.91,906500
PROP-11733,1902,3,2,1987,0.59,8,3.42,0.8,837300
PROP-11734,2619,5,4,1960,2.04,2,4.69,0.88,1007300
PROP-11735,1049,2,1,1959,2.47,4,7.39,0.29,550600
PROP-11736,1415,2,2,2008,1.68,7,5.61,0.64,801600
PROP-11737,1405,2,2,2004,2.03,7,9.38,0.18,837400
PROP-11738,2717,4,3,1969,2.22,8,7.63,0.28,1194000
PROP-11739,3211,5,4,1966,5.14,2,6.08,0.38,1211400
PROP-11740,2032,3,2,2017,0.39,8,8.98,0.77,1047800
PROP-11741,1990,4,3,1954,5.13,3,6.99,0.12,877600
PROP-11742,2145,4,3,2009,4.08,7,6.83,0.91,1106700
PROP-11743,2855,5,3,1972,4.74,9,3.22,0.16,1147600
PROP-11744,1497,2,1,1995,4.64,6,4.55,0.44,707400
PROP-11745,2254,4,3,2001,2.23,4,7.15,0.17,1026500
PROP-11746,2733,3,2,1959,0.83,9,9.03,0.79,1212900
PROP-11747,2425,4,3,1995,2.69,9,3.84,0.23,1064400
PROP-11748,2223,5,4,1977,11.09,5,2.94,0.9,977600
PROP-11749,2750,4,3,1992,3.11,9,6.34,0.58,1236600
PROP-11750,750,1,1,1975,0.2,6,1.6,0.95,434800
PROP-11751,2540,4,3,2004,0.22,6,7.43,0.36,1150200
PROP-11752,1674,4,4,1997,17.3,4,7.33,0.51,819400
PROP-11753,910,1,1,1978,0.26,8,4.19,0.72,581300
PROP-11754,2432,4,3,1976,0.2,10,9.03,0.85,1215200
PROP-11755,2992,4,3,1967,1.52,10,5.52,0.48,1315900
PROP-11756,2010,3,2,2009,12.19,2,6.81,0.9,831300
PROP-11757,2719,6,4,2023,1.34,2,2.89,0.21,1083900
PROP-11758,3147,5,4,2018,1.85,6,4.76,0.74,1300000
PROP-11759,2954,5,4,2023,3.52,2,8.76,0.41,1323700
PROP-11760,3165,5,4,1970,0.2,5,2.92,0.19,1204000
PROP-11761,2582,4,3,1973,7.98,2,4.52,0.45,962200
PROP-11762,2149,3,2,1952,2.56,3,3.86,0.89,842200
PROP-11763,1058,2,1,2011,2.2,3,2.36,0.98,565300
PROP-11764,1940,3,2,1951,6.9,5,3.61,0.45,768600
PROP-11765,1551,3,2,2015,10.71,9,3.09,0.9,822300
PROP-11766,3511,5,4,1991,1.93,3,9.31,0.56,1445900
PROP-11767,1985,4,3,1983,0.66,10,7.67,0.75,1056200
PROP-11768,2180,4,3,1991,5.92,10,3.84,0.14,1007200
PROP-11769,2458,4,2,1969,1.81,3,7.87,0.6,1023300
PROP-11770,2128,4,4,2017,9.6,2,1.2,0.16,834300
PROP-11771,3201,5,4,1994,10.48,10,5.74,0.34,1351700
PROP-11772,1695,2,2,1991,0.43,3,3.25,0.61,717200
PROP-11773,2226,3,2,1996,10.98,9,2.03,0.83,874100
PROP-11774,1617,2,2,1954,1.61,4,8.95,0.6,799000
PROP-11775,1241,2,1,1998,3.64,2,2.79,0.94,543900
PROP-11776,1702,2,2,1986,0.2,2,8.4,0.83,860900
PROP-11777,2075,3,2,1983,7.69,3,4.72,0.24,838800
PROP-11778,1820,2,2,2022,3.59,8,1.13,0.45,809800
PROP-11779,1649,3,3,2019,3.61,7,7.59,0.7,902200
PROP-11780,1185,2,1,1967,8.14,3,6.37,0.94,569700
PROP-11781,2045,3,2,1968,2.48,5,4.1,0.99,898100
PROP-11782,1121,1,1,1989,1.85,3,3.53,0.79,522700
PROP-11783,2594,4,4,1966,7.04,2,1.66,0.62,902900
PROP-11784,2153,4,3,2009,4.75,4,9.47,0.78,1105400
PROP-11785,1152,2,2,1991,10.41,5,5.45,0.35,558900
PROP-11786,1899,3,2,2021,9.85,6,1.77,0.36,789500
PROP-11787,1611,2,2,2014,1.69,6,8.82,0.69,923000
PROP-11788,2307,4,2,2002,2.07,8,3.51,0.88,1038000
PROP-11789,2971,6,5,1956,1.03,9,2.83,0.97,1241000
PROP-11790,881,2,1,1954,3.78,10,3.53,0.41,510400
PROP-11791,2174,3,1,1973,1.59,8,6.08,0.82,969500
PROP-11792,1995,3,2,1977,5.4,6,1.67,0.87,826500
PROP-11793,2536,4,3,2011,0.45,10,5.34,0.66,1213400
PROP-11794,2238,4,3,1966,0.43,9,9.06,0.41,1122100
PROP-11795,1611,2,1,1969,0.8,10,2.69,0.66,770800
PROP-11796,1892,3,3,1952,0.31,9,3.98,0.63,872900
PROP-11797,1582,3,2,1986,3.39,7,4.57,0.65,807300
PROP-11798,2799,4,3,1964,0.56,5,6.28,0.66,1169700
PROP-11799,2113,3,2,2000,0.61,10,9.27,0.86,1137500
PROP-11800,3335,5,4,1997,0.2,10,4.55,0.25,1412700
PROP-11801,2060,2,1,1957,5.33,10,1.62,0.43,806900
PROP-11802,1639,2,1,1962,5.86,4,4.13,0.63,687300
PROP-11803,1116,2,2,1997,0.62,4,2.71,0.35,562300
PROP-11804,927,1,1,1952,4.71,7,6.87,0.98,571300
PROP-11805,1070,2,2,2014,1.99,7,1.26,0.34,552700
PROP-11806,2273,4,2,2022,0.96,7,3.63,0.52,1037800
PROP-11807,2430,3,2,1980,3.4,6,5.91,0.89,1057600
PROP-11808,1072,2,3,1975,0.69,6,3.5,0.17,573600
PROP-11809,2681,5,4,2005,4.95,3,5.96,0.84,1145700
PROP-11810,1786,2,2,1983,0.2,8,2.03,0.61,794000
PROP-11811,2195,4,4,1958,11.19,5,9.49,0.13,980600
PROP-11812,3147,5,4,2011,0.26,4,3.62,0.91,1281900
PROP-11813,2682,5,3,1962,3.03,9,9.31,0.14,1207300
PROP-11814,1925,2,1,2018,8.14,5,3.93,0.56,777500
PROP-11815,1520,1,1,1990,0.2,5,8.04,0.14,750200
PROP-11816,750,1,1,1950,2.42,9,3.22,0.16,430900
PROP-11817,1632,3,2,1996,1.51,2,7.03,0.9,814900
PROP-11818,1962,3,2,1953,3.04,10,3.91,0.79,908700
PROP-11819,1458,2,1,2012,0.89,8,5.58,0.28,819600
PROP-11820,2014,3,2,2001,0.23,3,7.06,0.66,932500
PROP-11821,2149,4,3,1959,3.44,7,6.3,0.82,1006300
PROP-11822,1953,3,2,1977,1.89,9,6.19,0.9,945700
PROP-11823,1677,3,3,1955,3.41,6,1.59,0.52,675800
PROP-11824,2209,3,2,1976,0.83,7,3.24,0.91,945300
PROP-11825,2387,5,3,1961,1.45,9,6.15,0.56,1116900
PROP-11826,1391,2,1,2011,2.89,7,1.16,0.72,659200
PROP-11827,3017,5,4,2001,3.15,10,3.26,0.98,1352900
PROP-11828,2035,4,3,1997,1.63,10,3.06,0.31,948300
PROP-11829,2112,4,4,2016,1.15,10,3.25,0.25,1088900
PROP-11830,2560,4,3,1995,1.12,7,5.82,0.41,1102600
PROP-11831,2251,3,2,2023,0.67,10,6.24,0.25,1118200
PROP-11832,2719,5,3,1964,1.38,4,9.18,0.36,1154300
PROP-11833,2286,3,3,2020,0.78,6,4.47,0.77,1063600
PROP-11834,1701,2,2,1985,3.52,3,9.34,0.53,805400
PROP-11835,2334,4,3,1963,2.95,9,6.87,0.44,1024200
PROP-11836,1356,3,1,1952,1.69,5,9.21,0.43,739500
PROP-11837,2170,4,4,2016,1.38,7,8.5,0.28,1132100
PROP-11838,2078,3,2,1968,0.95,7,7.19,0.5,1000900
PROP-11839,1964,3,2,2003,2.68,6,4.2,0.66,894900
PROP-11840,2016,3,2,2018,8.79,2,3.17,0.23,763300
PROP-11841,876,1,1,1959,4.05,8,3.0,0.98,485500
PROP-11842,1743,3,2,1982,4.77,9,9.57,0.5,1052600
PROP-11843,2160,3,1,1962,6.29,2,9.63,0.95,909900
PROP-11844,2203,5,4,2000,1.52,8,7.52,0.22,1144500
PROP-11845,1432,3,2,1981,0.23,5,8.95,0.79,840500
PROP-11846,2922,6,5,1973,3.41,7,9.27,0.66,1386300
PROP-11847,1536,2,1,1984,0.73,10,5.6,0.84,847500
PROP-11848,2730,4,3,2019,2.95,6,6.66,0.64,1213900
PROP-11849,2377,3,2,1989,4.71,9,4.77,0.97,1020200
PROP-11850,1679,2,2,2003,5.36,6,4.77,0.66,803700
PROP-11851,3253,6,4,1993,1.26,3,1.35,0.81,1221300
PROP-11852,1324,3,2,2011,2.51,5,4.9,0.89,736400
PROP-11853,2697,4,3,2017,3.4,3,7.06,0.74,1181100
PROP-11854,2750,4,2,1982,5.99,8,4.8,0.57,1124000
PROP-11855,1664,3,2,2005,5.02,8,8.85,0.35,919000
PROP-11856,3005,4,2,1985,15.47,4,3.99,0.87,1111200
PROP-11857,1937,4,3,2003,0.2,8,2.19,0.53,907200
PROP-11858,2287,3,2,1968,2.01,2,8.3,0.66,958500
PROP-11859,2269,4,3,1992,1.04,2,7.07,0.17,969900
PROP-11860,2012,3,3,1961,0.45,10,3.18,0.55,945500
PROP-11861,2627,4,3,1960,8.49,7,5.83,0.73,1092900
PROP-11862,2615,4,3,2019,20.0,6,4.62,0.63,1117600
PROP-11863,963,1,1,1961,0.7,7,9.45,0.5,657400
PROP-11864,2947,5,4,1990,0.2,7,6.47,0.3,1263900
PROP-11865,1019,1,1,1974,1.13,2,2.43,0.38,410500
PROP-11866,2771,5,3,1952,6.3,6,5.52,0.73,1144600
PROP-11867,2832,6,4,1952,1.22,10,8.76,0.3,1320600
PROP-11868,1390,2,1,1977,0.21,5,7.04,0.66,724900
PROP-11869,1832,4,3,1972,0.2,4,8.58,0.63,959200
PROP-11870,1381,1,1,1997,1.95,2,3.25,0.97,621200
PROP-11871,1960,3,2,2016,9.4,3,9.0,0.15,902300
PROP-11872,1899,3,2,1991,1.18,4,7.8,0.2,890400
PROP-11873,2606,3,2,1989,1.95,5,7.56,0.56,1119800
PROP-11874,2951,4,4,1955,0.38,8,4.12,0.57,1244700
PROP-11875,3007,6,4,1969,2.38,7,8.99,0.14,1316600
PROP-11876,1734,3,2,1960,4.17,9,6.74,0.84,902300
PROP-11877,1964,3,2,1976,1.11,10,8.67,0.55,1043300
PROP-11878,1005,1,1,1970,1.23,7,4.25,0.41,524900
PROP-11879,1576,3,2,1962,6.46,8,2.31,0.39,727500
PROP-11880,2727,5,3,1984,0.2,5,3.99,0.88,1158600
PROP-11881,3150,5,4,1996,3.54,3,5.1,0.28,1275700
PROP-11882,1297,1,1,1977,1.75,10,5.8,0.24,748200
PROP-11883,1714,2,1,1970,1.24,10,5.6,0.29,842000
PROP-11884,2082,3,2,1967,3.75,5,5.91,0.66,916500
PROP-11885,2282,4,4,1980,6.3,4,8.58,0.83,1082200
PROP-11886,1573,1,1,2009,2.86,7,2.53,0.4,681400
PROP-11887,2375,4,3,1986,0.2,4,3.84,0.26,940500
PROP-11888,1792,3,1,1970,2.17,2,9.0,0.29,821300
PROP-11889,2090,4,3,1963,2.17,5,6.04,0.66,948100
PROP-11890,2455,5,4,2009,2.75,2,6.25,0.32,1064800
PROP-11891,2104,4,3,1972,3.89,3,5.3,0.89,907000
PROP-11892,1816,3,2,1978,0.2,4,5.94,0.19,861500
PROP-11893,2028,2,1,1996,2.44,9,2.78,0.13,808100
PROP-11894,2042,3,2,1979,3.11,5,5.92,0.18,901700
PROP-11895,1859,4,3,1987,1.47,5,9.97,0.86,1037300
PROP-11896,1931,4,2,1976,3.86,10,6.09,0.69,1003900
PROP-11897,3139,6,5,1964,0.91,8,1.4,0.96,1242000
PROP-11898,2464,4,3,2008,1.34,3,8.17,0.4,1104200
PROP-11899,1907,3,3,1952,11.52,4,4.57,0.29,745700
PROP-11900,2553,4,3,1959,1.5,5,2.38,0.61,990800
PROP-11901,1883,3,1,1966,1.49,5,8.76,0.58,868800
PROP-11902,2862,6,4,1960,3.17,9,2.78,0.63,1207600
PROP-11903,2340,3,3,1997,12.39,7,9.29,0.41,1076100
PROP-11904,2030,4,3,1954,14.28,4,4.98,0.11,788000
PROP-11905,2391,4,3,2018,3.03,10,7.69,0.13,1231500
PROP-11906,1078,3,2,2013,0.2,9,5.92,0.7,786200
PROP-11907,1367,1,1,1963,8.08,10,3.31,0.57,651200
PROP-11908,1323,3,3,1999,2.96,6,7.04,0.84,770900
PROP-11909,2192,3,2,1975,1.59,4,9.62,0.37,1017400
PROP-11910,3226,5,4,2021,6.19,5,7.93,0.83,1415300
PROP-11911,3550,6,4,2018,1.79,6,6.44,0.48,1441200
PROP-11912,2514,5,4,1956,0.2,10,9.92,0.19,1272600
PROP-11913,2425,4,3,1965,6.02,10,3.39,0.98,1038500
PROP-11914,929,1,1,2004,2.76,4,1.56,0.56,411200
PROP-11915,1747,3,2,2005,1.44,8,1.29,0.67,778700
PROP-11916,1587,3,3,1953,1.01,7,7.4,0.7,799500
PROP-11917,1696,3,2,1997,3.15,5,8.47,0.43,872500
PROP-11918,1990,4,3,1966,0.82,6,6.72,0.77,941500
PROP-11919,1793,3,2,1985,1.37,3,9.15,0.88,932600
PROP-11920,813,2,2,2019,3.54,8,7.28,0.45,662500
PROP-11921,2586,4,3,1987,7.47,5,4.34,0.69,1032100
PROP-11922,1402,2,2,2011,2.66,3,2.63,0.78,604200
PROP-11923,2255,3,2,1997,4.98,7,9.32,0.27,1069500
PROP-11924,3448,6,4,1959,5.04,3,1.93,0.4,1247700
PROP-11925,1502,2,1,1985,3.82,3,5.89,0.2,704400
PROP-11926,750,2,2,1978,0.99,8,3.83,0.64,532700
PROP-11927,1914,3,2,1953,7.06,2,3.44,0.82,714500
PROP-11928,2815,4,3,1993,2.01,8,6.81,0.65,1275000
PROP-11929,3372,6,5,2005,0.2,6,3.08,0.26,1341200
PROP-11930,1300,3,2,1991,0.98,2,9.25,0.59,755600
PROP-11931,2422,5,3,1962,5.08,7,4.65,0.85,1109700
PROP-11932,1797,4,3,1995,0.25,8,7.1,0.37,996200
PROP-11933,2031,4,2,1982,0.56,2,7.55,0.85,946300
PROP-11934,3818,6,5,1970,4.15,10,7.15,0.81,1660000
PROP-11935,1123,2,2,2006,7.81,8,9.13,0.12,775600
PROP-11936,2264,5,4,2018,3.52,2,3.08,0.32,944700
PROP-11937,2404,3,2,2019,0.88,4,1.77,0.59,916500
PROP-11938,2805,4,3,2016,0.2,6,1.5,0.75,1128100
PROP-11939,2163,3,3,1997,3.34,5,8.9,0.89,1041400
PROP-11940,2300,4,2,1982,0.2,3,9.76,0.68,1061300
PROP-11941,1845,4,3,1985,3.32,2,3.72,0.44,757000
PROP-11942,2274,3,2,1982,0.89,5,7.24,0.27,990300
PROP-11943,1876,2,1,1980,8.23,8,1.08,0.78,708100
PROP-11944,2504,4,3,1970,2.26,5,2.7,0.29,955500
PROP-11945,1859,4,3,1976,0.89,10,7.2,0.73,1033500
PROP-11946,2345,4,3,2021,6.71,9,1.59,0.26,1029900
PROP-11947,2080,4,3,2011,1.03,9,5.22,0.18,1047400
PROP-11948,2831,5,3,1975,1.28,6,6.96,0.33,1202400
PROP-11949,2066,3,2,2015,6.29,2,7.89,0.36,925900
PROP-11950,947,2,2,1961,1.29,10,5.08,0.68,691700
PROP-11951,2920,4,3,1971,1.85,3,6.67,0.24,1131300
PROP-11952,1511,4,3,1966,1.5,7,5.86,0.94,874600
PROP-11953,1675,3,3,1956,0.43,6,1.47,0.6,683400
PROP-11954,1712,3,2,2017,0.2,9,7.69,0.54,940000
PROP-11955,2993,5,4,1986,4.51,4,2.55,0.49,1139500
PROP-11956,750,1,1,1987,3.63,7,1.29,0.61,422500
PROP-11957,4139,6,5,1960,1.16,7,5.06,0.12,1554300
PROP-11958,2786,5,4,1950,1.23,4,8.79,0.99,1220800
PROP-11959,2245,4,4,1974,10.15,8,2.36,0.6,961400
PROP-11960,2064,3,2,1991,15.39,5,1.12,0.13,709200
PROP-11961,2285,5,5,2001,2.24,6,1.99,0.63,1049400
PROP-11962,2438,4,3,1973,5.68,10,4.27,0.49,1107300
PROP-11963,2519,5,3,2002,4.67,7,6.22,0.12,1163500
PROP-11964,2461,4,4,2005,1.23,5,2.74,0.93,1036500
PROP-11965,2158,4,3,2012,0.21,9,8.22,0.11,1112500
PROP-11966,1971,3,3,1957,0.54,10,7.78,0.62,1023100
PROP-11967,2001,2,2,2008,6.38,6,7.26,0.97,958300
PROP-11968,1973,4,3,1994,4.6,3,5.39,0.31,863700
PROP-11969,2836,6,4,1976,3.82,7,4.29,0.33,1212800
PROP-11970,2485,4,3,2001,0.49,9,4.38,0.1,1131700
PROP-11971,750,1,1,1967,3.58,6,5.53,0.16,441300
PROP-11972,2526,4,3,1965,5.18,2,1.7,0.14,846500
PROP-11973,2226,4,2,2015,6.9,9,7.14,0.84,1078400
PROP-11974,2087,4,3,1954,0.2,10,4.16,0.85,974400
PROP-11975,1847,3,2,1952,4.04,2,3.02,0.75,717800
PROP-11976,2830,5,4,2019,0.2,9,3.5,0.42,1269800
PROP-11977,2715,5,4,1956,4.3,3,2.62,0.84,1052900
PROP-11978,1597,3,2,1999,3.53,5,9.11,0.59,835800
PROP-11979,2364,3,2,1963,0.56,3,2.52,0.37,866000
PROP-11980,1468,3,2,1987,5.09,3,8.95,0.49,782900
PROP-11981,1203,3,3,1996,0.25,4,6.15,0.16,722700
PROP-11982,1692,5,5,1982,6.13,9,8.81,0.95,1039500
PROP-11983,2660,4,3,1992,1.06,5,5.27,0.66,1114600
PROP-11984,2719,5,4,1978,4.09,8,9.35,0.76,1343800
PROP-11985,2433,3,2,2006,9.01,4,2.9,0.71,930200
PROP-11986,2571,5,3,1954,1.45,4,5.99,0.7,1074800
PROP-11987,2435,4,3,2009,2.45,3,2.13,0.12,954000
PROP-11988,1683,4,3,2019,2.18,7,5.02,0.57,864700
PROP-11989,2380,4,3,1951,0.6,7,6.13,0.84,1066800
PROP-11990,2620,3,2,2019,3.12,2,6.45,0.14,1021300
PROP-11991,2590,4,3,1992,4.76,8,4.29,0.96,1132100
PROP-11992,2872,4,3,1953,8.71,5,1.69,0.48,1003400
PROP-11993,2560,5,4,2005,6.66,4,6.9,0.36,1121000
PROP-11994,2328,3,3,2008,2.5,9,5.4,0.58,1118600
PROP-11995,2795,5,4,1958,4.44,3,2.23,0.82,1046100
PROP-11996,2082,2,2,1952,5.65,10,9.42,0.53,1001300
PROP-11997,1526,2,1,1997,2.38,9,9.6,0.68,884600
PROP-11998,1994,4,3,1992,0.43,9,8.71,0.55,1113600
PROP-11999,1615,3,2,1950,2.02,4,8.59,0.67,803500
