customer_id,recency_days,frequency_orders,monetary_value_usd,true_segment
CUST-1000,16,11,910.8,Loyal
CUST-1001,407,1,116.84,Hibernating
CUST-1002,132,11,1306.1,At-Risk
CUST-1003,62,6,489.02,Potential
CUST-1004,35,12,1674.99,Loyal
CUST-1005,29,14,1352.08,Loyal
CUST-1006,4,22,2469.62,Champions
CUST-1007,230,9,779.49,At-Risk
CUST-1008,38,3,496.85,Potential
CUST-1009,206,7,622.49,At-Risk
CUST-1010,14,26,4673.47,Champions
CUST-1011,285,2,149.16,Hibernating
CUST-1012,235,5,749.17,At-Risk
CUST-1013,39,12,923.96,Loyal
CUST-1014,45,15,1237.9,Loyal
CUST-1015,56,15,1554.06,Loyal
CUST-1016,50,9,1819.22,Loyal
CUST-1017,20,5,440.98,Potential
CUST-1018,64,3,479.7,Potential
CUST-1019,42,14,2075.14,Loyal
CUST-1020,45,2,322.87,Potential
CUST-1021,10,19,3486.53,Champions
CUST-1022,38,6,1624.15,Loyal
CUST-1023,38,8,1189.75,Loyal
CUST-1024,79,3,520.4,Potential
CUST-1025,158,10,1070.25,At-Risk
CUST-1026,49,7,2140.42,Loyal
CUST-1027,41,6,222.94,Potential
CUST-1028,34,4,565.67,Potential
CUST-1029,10,20,4526.31,Champions
CUST-1030,76,2,353.56,Potential
CUST-1031,53,14,1891.74,Loyal
CUST-1032,17,22,3381.61,Champions
CUST-1033,221,2,88.63,Hibernating
CUST-1034,346,1,65.97,Hibernating
CUST-1035,102,4,722.18,At-Risk
CUST-1036,16,10,1458.85,Loyal
CUST-1037,8,17,2838.87,Champions
CUST-1038,69,4,210.75,Potential
CUST-1039,22,3,494.89,Potential
CUST-1040,12,13,2029.33,Champions
CUST-1041,41,5,374.53,Potential
CUST-1042,4,16,3523.25,Champions
CUST-1043,387,2,73.17,Hibernating
CUST-1044,44,14,699.33,Loyal
CUST-1045,42,5,390.08,Potential
CUST-1046,54,11,1763.93,Loyal
CUST-1047,40,5,467.01,Potential
CUST-1048,89,3,501.02,Potential
CUST-1049,30,11,1500.7,Loyal
CUST-1050,405,1,78.56,Hibernating
CUST-1051,174,5,567.19,At-Risk
CUST-1052,428,1,162.4,Hibernating
CUST-1053,369,1,111.57,Hibernating
CUST-1054,45,5,493.84,Potential
CUST-1055,280,2,166.08,Hibernating
CUST-1056,10,23,2936.85,Champions
CUST-1057,38,15,1749.89,Loyal
CUST-1058,14,17,2983.17,Champions
CUST-1059,28,14,1264.97,Loyal
CUST-1060,29,10,1613.68,Loyal
CUST-1061,16,14,1436.07,Loyal
CUST-1062,143,4,893.74,At-Risk
CUST-1063,30,11,1645.33,Loyal
CUST-1064,17,8,1080.47,Loyal
CUST-1065,27,6,413.37,Potential
CUST-1066,2,15,3504.65,Champions
CUST-1067,185,7,913.5,At-Risk
CUST-1068,13,25,2975.7,Champions
CUST-1069,339,1,135.3,Hibernating
CUST-1070,132,9,485.89,At-Risk
CUST-1071,45,8,1776.93,Loyal
CUST-1072,5,30,2862.44,Champions
CUST-1073,215,6,749.6,At-Risk
CUST-1074,145,10,746.65,At-Risk
CUST-1075,169,11,824.38,At-Risk
CUST-1076,186,7,581.41,At-Risk
CUST-1077,5,18,3575.65,Champions
CUST-1078,43,9,1685.16,Loyal
CUST-1079,18,16,3455.2,Champions
CUST-1080,205,10,558.28,At-Risk
CUST-1081,26,4,423.03,Potential
CUST-1082,42,11,1562.44,Loyal
CUST-1083,5,34,3655.49,Champions
CUST-1084,16,10,1236.13,Loyal
CUST-1085,53,10,1517.54,Loyal
CUST-1086,154,8,896.17,At-Risk
CUST-1087,79,4,519.51,Potential
CUST-1088,370,1,62.28,Hibernating
CUST-1089,71,5,445.19,Potential
CUST-1090,18,19,3465.68,Champions
CUST-1091,131,8,1201.48,At-Risk
CUST-1092,131,8,1016.26,At-Risk
CUST-1093,21,5,470.0,Potential
CUST-1094,137,8,981.29,At-Risk
CUST-1095,79,6,429.99,Potential
CUST-1096,47,4,158.19,Potential
CUST-1097,68,2,438.32,Potential
CUST-1098,13,30,2837.4,Champions
CUST-1099,8,34,3154.51,Champions
CUST-1100,11,12,2718.5,Champions
CUST-1101,30,5,605.86,Potential
CUST-1102,29,8,1085.93,Loyal
CUST-1103,77,6,514.4,Potential
CUST-1104,440,2,78.08,Hibernating
CUST-1105,42,6,1356.58,Loyal
CUST-1106,27,2,424.64,Potential
CUST-1107,211,10,870.65,At-Risk
CUST-1108,24,10,1378.08,Loyal
CUST-1109,2,33,2559.79,Champions
CUST-1110,27,10,1412.3,Loyal
CUST-1111,46,7,1648.84,Loyal
CUST-1112,190,2,132.27,Hibernating
CUST-1113,148,9,847.41,At-Risk
CUST-1114,41,5,391.94,Potential
CUST-1115,121,6,817.14,At-Risk
CUST-1116,202,11,1086.55,At-Risk
CUST-1117,26,14,1291.94,Loyal
CUST-1118,197,1,100.05,Hibernating
CUST-1119,27,5,642.88,Potential
CUST-1120,175,9,999.92,At-Risk
CUST-1121,229,1,83.95,Hibernating
CUST-1122,29,8,1272.74,Loyal
CUST-1123,11,16,2635.91,Champions
CUST-1124,47,13,1142.35,Loyal
CUST-1125,42,6,479.28,Potential
CUST-1126,119,10,1150.49,At-Risk
CUST-1127,200,11,951.26,At-Risk
CUST-1128,10,27,3557.99,Champions
CUST-1129,22,2,542.34,Potential
CUST-1130,23,4,604.56,Potential
CUST-1131,57,14,1273.16,Loyal
CUST-1132,10,32,3631.9,Champions
CUST-1133,41,7,1833.95,Loyal
CUST-1134,291,1,175.56,Hibernating
CUST-1135,56,15,2187.53,Loyal
CUST-1136,77,5,355.81,Potential
CUST-1137,210,7,1062.07,At-Risk
CUST-1138,25,8,1368.18,Loyal
CUST-1139,390,1,158.88,Hibernating
CUST-1140,365,2,172.55,Hibernating
CUST-1141,24,13,1024.93,Loyal
CUST-1142,45,6,402.72,Potential
CUST-1143,59,9,1276.45,Loyal
CUST-1144,31,12,1408.71,Loyal
CUST-1145,3,16,3845.19,Champions
CUST-1146,77,5,697.38,Potential
CUST-1147,53,3,595.0,Potential
CUST-1148,19,30,2709.08,Champions
CUST-1149,36,13,1398.99,Loyal
CUST-1150,288,2,137.86,Hibernating
CUST-1151,45,9,1686.59,Loyal
CUST-1152,19,27,2657.29,Champions
CUST-1153,74,2,413.63,Potential
CUST-1154,325,1,129.2,Hibernating
CUST-1155,25,14,990.36,Loyal
CUST-1156,64,2,673.42,Potential
CUST-1157,136,6,630.83,At-Risk
CUST-1158,29,11,1491.13,Loyal
CUST-1159,227,5,555.83,At-Risk
CUST-1160,17,6,1906.1,Loyal
CUST-1161,89,2,650.87,Potential
CUST-1162,70,6,379.99,Potential
CUST-1163,83,6,293.89,Potential
CUST-1164,17,32,2498.05,Champions
CUST-1165,159,5,181.93,At-Risk
CUST-1166,18,12,1317.73,Loyal
CUST-1167,34,13,1100.21,Loyal
CUST-1168,4,32,2614.17,Champions
CUST-1169,54,5,342.91,Potential
CUST-1170,33,3,559.63,Potential
CUST-1171,10,24,2718.09,Champions
CUST-1172,89,5,470.87,Potential
CUST-1173,57,9,1349.22,Loyal
CUST-1174,76,6,159.09,Potential
CUST-1175,21,11,1665.21,Loyal
CUST-1176,34,3,492.15,Potential
CUST-1177,38,12,1906.97,Loyal
CUST-1178,333,2,131.7,Hibernating
CUST-1179,5,32,3952.61,Champions
CUST-1180,32,10,1066.88,Loyal
CUST-1181,17,30,3540.23,Champions
CUST-1182,340,2,85.71,Hibernating
CUST-1183,160,9,1307.33,At-Risk
CUST-1184,47,6,1703.62,Loyal
CUST-1185,58,2,175.9,Potential
CUST-1186,106,5,879.34,At-Risk
CUST-1187,84,3,350.52,Potential
CUST-1188,24,3,315.08,Potential
CUST-1189,24,7,1595.06,Loyal
CUST-1190,16,27,4179.59,Champions
CUST-1191,255,2,99.56,Hibernating
CUST-1192,238,2,24.67,Hibernating
CUST-1193,40,5,445.62,Potential
CUST-1194,40,9,1436.8,Loyal
CUST-1195,54,10,1887.4,Loyal
CUST-1196,168,9,775.63,At-Risk
CUST-1197,347,2,82.46,Hibernating
CUST-1198,205,1,145.32,Hibernating
CUST-1199,186,5,880.54,At-Risk
CUST-1200,25,5,185.52,Potential
CUST-1201,11,30,2577.53,Champions
CUST-1202,19,8,1241.81,Loyal
CUST-1203,187,2,89.51,Hibernating
CUST-1204,60,5,336.79,Potential
CUST-1205,9,26,2525.66,Champions
CUST-1206,15,27,3229.2,Champions
CUST-1207,79,5,564.82,Potential
CUST-1208,6,23,3428.05,Champions
CUST-1209,59,8,1064.41,Loyal
CUST-1210,46,3,453.28,Potential
CUST-1211,20,6,296.02,Potential
CUST-1212,51,5,383.92,Potential
CUST-1213,44,11,1683.29,Loyal
CUST-1214,199,9,685.16,At-Risk
CUST-1215,15,12,1742.72,Loyal
CUST-1216,35,7,1043.3,Loyal
CUST-1217,116,8,836.19,At-Risk
CUST-1218,44,4,665.15,Potential
CUST-1219,215,9,955.99,At-Risk
CUST-1220,24,4,490.62,Potential
CUST-1221,69,4,414.55,Potential
CUST-1222,12,22,3366.03,Champions
CUST-1223,23,10,1619.64,Loyal
CUST-1224,38,7,1440.26,Loyal
CUST-1225,44,15,1433.84,Loyal
CUST-1226,335,2,119.75,Hibernating
CUST-1227,49,9,1262.27,Loyal
CUST-1228,213,1,78.64,Hibernating
CUST-1229,76,2,523.04,Potential
CUST-1230,158,7,1000.93,At-Risk
CUST-1231,54,2,447.1,Potential
CUST-1232,35,3,593.36,Potential
CUST-1233,47,2,315.43,Potential
CUST-1234,34,6,1247.24,Loyal
CUST-1235,156,7,1094.38,At-Risk
CUST-1236,39,11,1221.69,Loyal
CUST-1237,14,31,3084.61,Champions
CUST-1238,33,5,492.08,Potential
CUST-1239,49,7,1546.76,Loyal
CUST-1240,294,1,94.83,Hibernating
CUST-1241,225,2,64.45,Hibernating
CUST-1242,321,2,71.93,Hibernating
CUST-1243,33,9,1308.91,Loyal
CUST-1244,17,19,3399.19,Champions
CUST-1245,394,2,117.62,Hibernating
CUST-1246,67,2,511.57,Potential
CUST-1247,380,2,99.62,Hibernating
CUST-1248,352,1,150.13,Hibernating
CUST-1249,213,10,1414.21,At-Risk
CUST-1250,33,9,1501.85,Loyal
CUST-1251,50,13,1206.27,Loyal
CUST-1252,119,4,895.15,At-Risk
CUST-1253,39,10,1309.05,Loyal
CUST-1254,49,14,1715.03,Loyal
CUST-1255,87,4,346.33,Potential
CUST-1256,247,2,127.13,Hibernating
CUST-1257,60,6,557.9,Potential
CUST-1258,81,2,383.03,Potential
CUST-1259,11,25,2184.73,Champions
CUST-1260,69,6,361.95,Potential
CUST-1261,351,1,111.44,Hibernating
CUST-1262,9,20,3785.12,Champions
CUST-1263,84,6,510.13,Potential
CUST-1264,176,10,619.89,At-Risk
CUST-1265,236,5,872.52,At-Risk
CUST-1266,71,6,621.86,Potential
CUST-1267,221,10,832.12,At-Risk
CUST-1268,21,9,1323.02,Loyal
CUST-1269,36,7,679.17,Loyal
CUST-1270,180,10,1126.71,At-Risk
CUST-1271,234,8,846.13,At-Risk
CUST-1272,101,9,844.95,At-Risk
CUST-1273,321,1,27.29,Hibernating
CUST-1274,67,6,748.14,Potential
CUST-1275,80,2,365.64,Potential
CUST-1276,135,4,822.7,At-Risk
CUST-1277,68,3,359.74,Potential
CUST-1278,196,9,859.97,At-Risk
CUST-1279,126,4,1067.84,At-Risk
CUST-1280,220,1,97.24,Hibernating
CUST-1281,53,12,1161.19,Loyal
CUST-1282,55,12,1970.36,Loyal
CUST-1283,19,22,3163.6,Champions
CUST-1284,65,6,284.68,Potential
CUST-1285,12,19,2085.2,Champions
CUST-1286,80,6,550.98,Potential
CUST-1287,52,6,310.15,Potential
CUST-1288,40,12,1643.21,Loyal
CUST-1289,68,5,514.22,Potential
CUST-1290,18,29,3038.88,Champions
CUST-1291,4,29,2665.28,Champions
CUST-1292,236,10,1280.35,At-Risk
CUST-1293,47,15,1252.72,Loyal
CUST-1294,19,26,2884.22,Champions
CUST-1295,48,2,630.7,Potential
CUST-1296,140,6,913.89,At-Risk
CUST-1297,23,14,2164.05,Loyal
CUST-1298,58,5,504.2,Potential
CUST-1299,2,17,2555.06,Champions
CUST-1300,3,27,3390.17,Champions
CUST-1301,84,6,678.11,Potential
CUST-1302,81,2,429.04,Potential
CUST-1303,43,2,271.8,Potential
CUST-1304,127,7,1161.99,At-Risk
CUST-1305,278,1,96.58,Hibernating
CUST-1306,72,3,280.84,Potential
CUST-1307,46,8,1539.49,Loyal
CUST-1308,168,4,445.17,At-Risk
CUST-1309,46,15,1192.04,Loyal
CUST-1310,76,5,519.22,Potential
CUST-1311,2,16,1764.97,Champions
CUST-1312,7,15,3107.32,Champions
CUST-1313,381,2,127.22,Hibernating
CUST-1314,235,7,1009.11,At-Risk
CUST-1315,57,6,609.16,Potential
CUST-1316,27,3,482.62,Potential
CUST-1317,52,6,1747.43,Loyal
CUST-1318,45,9,1065.58,Loyal
CUST-1319,40,11,1429.3,Loyal
CUST-1320,83,4,418.94,Potential
CUST-1321,119,5,1299.66,At-Risk
CUST-1322,56,3,393.03,Potential
CUST-1323,20,9,713.98,Loyal
CUST-1324,380,1,118.08,Hibernating
CUST-1325,215,7,705.52,At-Risk
CUST-1326,36,6,447.8,Potential
CUST-1327,32,3,497.67,Potential
CUST-1328,72,4,398.01,Potential
CUST-1329,48,8,1705.98,Loyal
CUST-1330,35,10,1418.33,Loyal
CUST-1331,218,7,1023.49,At-Risk
CUST-1332,3,24,3076.83,Champions
CUST-1333,19,28,4600.5,Champions
CUST-1334,3,29,3860.58,Champions
CUST-1335,19,16,4375.01,Champions
CUST-1336,174,11,892.46,At-Risk
CUST-1337,207,6,758.07,At-Risk
CUST-1338,83,4,480.45,Potential
CUST-1339,13,26,3480.62,Champions
CUST-1340,31,6,489.22,Potential
CUST-1341,24,2,645.48,Potential
CUST-1342,34,14,1362.61,Loyal
CUST-1343,67,5,309.29,Potential
CUST-1344,58,9,1476.58,Loyal
CUST-1345,52,4,575.51,Potential
CUST-1346,83,2,613.52,Potential
CUST-1347,14,29,2701.1,Champions
CUST-1348,42,8,1855.26,Loyal
CUST-1349,26,6,653.44,Potential
CUST-1350,54,2,283.84,Potential
CUST-1351,161,6,1140.77,At-Risk
CUST-1352,82,4,521.23,Potential
CUST-1353,45,12,517.88,Loyal
CUST-1354,16,29,4374.24,Champions
CUST-1355,62,4,421.03,Potential
CUST-1356,10,21,4055.56,Champions
CUST-1357,85,2,606.99,Potential
CUST-1358,331,1,148.13,Hibernating
CUST-1359,49,4,511.57,Potential
CUST-1360,15,9,1554.51,Loyal
CUST-1361,56,6,535.88,Potential
CUST-1362,27,6,506.01,Potential
CUST-1363,20,5,508.32,Potential
CUST-1364,214,2,101.1,Hibernating
CUST-1365,48,9,1138.25,Loyal
CUST-1366,254,1,194.38,Hibernating
CUST-1367,352,2,141.38,Hibernating
CUST-1368,48,8,831.92,Loyal
CUST-1369,8,28,3327.98,Champions
CUST-1370,2,21,3118.13,Champions
CUST-1371,2,13,2229.3,Champions
CUST-1372,13,26,3455.9,Champions
CUST-1373,86,4,409.31,Potential
CUST-1374,7,32,3303.27,Champions
CUST-1375,44,10,1760.79,Loyal
CUST-1376,102,8,798.38,At-Risk
CUST-1377,17,34,2370.28,Champions
CUST-1378,112,11,1446.87,At-Risk
CUST-1379,22,11,1012.89,Loyal
CUST-1380,18,25,2261.05,Champions
CUST-1381,72,5,423.94,Potential
CUST-1382,78,3,315.23,Potential
CUST-1383,123,5,818.94,At-Risk
CUST-1384,187,10,743.45,At-Risk
CUST-1385,185,9,903.84,At-Risk
CUST-1386,52,6,1142.47,Loyal
CUST-1387,25,14,1737.68,Loyal
CUST-1388,154,6,1082.17,At-Risk
CUST-1389,189,5,777.95,At-Risk
CUST-1390,320,1,100.95,Hibernating
CUST-1391,70,6,540.73,Potential
CUST-1392,31,15,1423.5,Loyal
CUST-1393,149,6,761.28,At-Risk
CUST-1394,39,13,1147.28,Loyal
CUST-1395,392,1,126.42,Hibernating
CUST-1396,102,8,922.16,At-Risk
CUST-1397,40,5,473.68,Potential
CUST-1398,229,8,865.14,At-Risk
CUST-1399,137,10,787.45,At-Risk
CUST-1400,9,14,2335.11,Champions
CUST-1401,406,2,101.62,Hibernating
CUST-1402,32,3,190.23,Potential
CUST-1403,219,11,1234.66,At-Risk
CUST-1404,23,14,1517.74,Loyal
CUST-1405,279,1,135.18,Hibernating
CUST-1406,37,7,1601.87,Loyal
CUST-1407,4,29,3101.35,Champions
CUST-1408,182,2,96.26,Hibernating
CUST-1409,1,15,4378.82,Champions
CUST-1410,35,8,1700.63,Loyal
CUST-1411,233,2,130.69,Hibernating
CUST-1412,232,2,121.94,Hibernating
CUST-1413,32,6,373.81,Potential
CUST-1414,43,3,423.84,Potential
CUST-1415,36,5,133.34,Potential
CUST-1416,38,14,1406.74,Loyal
CUST-1417,52,6,1564.14,Loyal
CUST-1418,47,2,502.62,Potential
CUST-1419,116,9,904.9,At-Risk
CUST-1420,223,10,925.46,At-Risk
CUST-1421,146,9,1287.26,At-Risk
CUST-1422,12,27,4329.42,Champions
CUST-1423,26,5,544.36,Potential
CUST-1424,15,30,3602.13,Champions
CUST-1425,64,4,531.24,Potential
CUST-1426,23,4,487.45,Potential
CUST-1427,405,2,116.0,Hibernating
CUST-1428,27,12,1654.73,Loyal
CUST-1429,8,20,4263.67,Champions
CUST-1430,5,31,3522.25,Champions
CUST-1431,117,9,912.91,At-Risk
CUST-1432,36,4,542.2,Potential
CUST-1433,10,24,4068.72,Champions
CUST-1434,19,22,3212.83,Champions
CUST-1435,157,10,994.43,At-Risk
CUST-1436,11,22,3945.91,Champions
CUST-1437,146,10,675.3,At-Risk
CUST-1438,115,4,898.79,At-Risk
CUST-1439,9,22,3663.81,Champions
CUST-1440,1,29,3821.35,Champions
CUST-1441,403,1,78.57,Hibernating
CUST-1442,35,10,1596.4,Loyal
CUST-1443,32,15,1455.4,Loyal
CUST-1444,135,8,1472.24,At-Risk
CUST-1445,185,1,47.73,Hibernating
CUST-1446,187,2,122.06,Hibernating
CUST-1447,164,8,1071.99,At-Risk
CUST-1448,25,11,1485.78,Loyal
CUST-1449,16,23,2708.6,Champions
CUST-1450,228,8,1406.08,At-Risk
CUST-1451,74,3,286.42,Potential
CUST-1452,45,5,514.22,Potential
CUST-1453,304,2,140.38,Hibernating
CUST-1454,17,22,3515.59,Champions
CUST-1455,53,6,435.4,Potential
CUST-1456,10,19,2762.55,Champions
CUST-1457,84,4,575.75,Potential
CUST-1458,7,28,3339.29,Champions
CUST-1459,12,20,2478.12,Champions
CUST-1460,5,21,2870.51,Champions
CUST-1461,47,3,602.36,Potential
CUST-1462,193,5,1246.91,At-Risk
CUST-1463,41,6,457.93,Potential
CUST-1464,334,1,145.35,Hibernating
CUST-1465,59,15,1334.67,Loyal
CUST-1466,50,14,1397.84,Loyal
CUST-1467,178,8,1053.76,At-Risk
CUST-1468,21,6,1180.68,Loyal
CUST-1469,273,1,119.68,Hibernating
CUST-1470,3,28,2177.18,Champions
CUST-1471,196,2,93.1,Hibernating
CUST-1472,13,31,3946.81,Champions
CUST-1473,261,2,33.35,Hibernating
CUST-1474,84,3,508.46,Potential
CUST-1475,372,1,136.3,Hibernating
CUST-1476,2,24,2981.27,Champions
CUST-1477,30,4,274.61,Potential
CUST-1478,328,1,147.05,Hibernating
CUST-1479,79,3,393.17,Potential
CUST-1480,59,6,619.33,Potential
CUST-1481,34,3,401.35,Potential
CUST-1482,27,2,539.53,Potential
CUST-1483,65,5,255.0,Potential
CUST-1484,87,3,451.34,Potential
CUST-1485,374,1,138.39,Hibernating
CUST-1486,8,15,3822.23,Champions
CUST-1487,56,9,1622.18,Loyal
CUST-1488,360,2,124.74,Hibernating
CUST-1489,433,1,102.82,Hibernating
CUST-1490,81,2,368.92,Potential
CUST-1491,29,6,454.1,Potential
CUST-1492,34,8,1221.86,Loyal
CUST-1493,50,14,1110.27,Loyal
CUST-1494,88,6,242.9,Potential
CUST-1495,51,14,1196.73,Loyal
CUST-1496,46,4,394.77,Potential
CUST-1497,15,33,2518.72,Champions
CUST-1498,407,1,138.21,Hibernating
CUST-1499,328,2,79.95,Hibernating
CUST-1500,35,4,629.68,Potential
CUST-1501,51,4,389.45,Potential
CUST-1502,48,14,1632.58,Loyal
CUST-1503,106,7,551.17,At-Risk
CUST-1504,67,5,339.06,Potential
CUST-1505,51,11,1499.05,Loyal
CUST-1506,420,1,76.1,Hibernating
CUST-1507,170,4,1034.7,At-Risk
CUST-1508,267,2,153.28,Hibernating
CUST-1509,212,9,1148.88,At-Risk
CUST-1510,20,3,529.91,Potential
CUST-1511,53,4,500.59,Potential
CUST-1512,348,1,95.27,Hibernating
CUST-1513,173,7,785.07,At-Risk
CUST-1514,3,28,3834.92,Champions
CUST-1515,15,24,3762.54,Champions
CUST-1516,15,6,1072.49,Loyal
CUST-1517,121,11,803.23,At-Risk
CUST-1518,307,2,98.24,Hibernating
CUST-1519,49,13,1378.52,Loyal
CUST-1520,77,2,442.77,Potential
CUST-1521,18,13,1536.44,Loyal
CUST-1522,347,1,38.87,Hibernating
CUST-1523,169,9,736.26,At-Risk
CUST-1524,102,11,960.91,At-Risk
CUST-1525,62,3,616.41,Potential
CUST-1526,39,5,271.3,Potential
CUST-1527,36,8,1704.48,Loyal
CUST-1528,5,19,3610.14,Champions
CUST-1529,203,11,558.51,At-Risk
CUST-1530,172,6,917.44,At-Risk
CUST-1531,305,1,84.41,Hibernating
CUST-1532,319,1,105.51,Hibernating
CUST-1533,47,6,534.35,Potential
CUST-1534,207,11,724.09,At-Risk
CUST-1535,198,2,147.28,Hibernating
CUST-1536,212,5,774.23,At-Risk
CUST-1537,47,9,1024.98,Loyal
CUST-1538,73,4,506.8,Potential
CUST-1539,18,21,4001.39,Champions
CUST-1540,236,2,111.31,Hibernating
CUST-1541,36,3,358.98,Potential
CUST-1542,20,15,1330.88,Loyal
CUST-1543,88,3,339.09,Potential
CUST-1544,60,2,317.01,Potential
CUST-1545,17,15,901.63,Loyal
CUST-1546,2,14,2646.88,Champions
CUST-1547,57,3,329.53,Potential
CUST-1548,62,4,384.4,Potential
CUST-1549,197,6,832.09,At-Risk
CUST-1550,85,6,547.37,Potential
CUST-1551,185,11,612.93,At-Risk
CUST-1552,89,2,252.26,Potential
CUST-1553,21,6,470.33,Potential
CUST-1554,154,6,846.27,At-Risk
CUST-1555,41,5,483.22,Potential
CUST-1556,2,24,3062.37,Champions
CUST-1557,4,18,3173.91,Champions
CUST-1558,138,4,1043.01,At-Risk
CUST-1559,55,2,442.54,Potential
CUST-1560,135,5,692.15,At-Risk
CUST-1561,52,6,1609.28,Loyal
CUST-1562,10,29,2699.38,Champions
CUST-1563,15,26,3902.86,Champions
CUST-1564,18,14,1479.16,Loyal
CUST-1565,60,3,267.07,Potential
CUST-1566,34,13,1717.84,Loyal
CUST-1567,71,2,511.5,Potential
CUST-1568,248,1,178.2,Hibernating
CUST-1569,47,7,1309.76,Loyal
CUST-1570,67,3,417.53,Potential
CUST-1571,152,8,1123.15,At-Risk
CUST-1572,17,15,896.93,Loyal
CUST-1573,27,4,461.1,Potential
CUST-1574,162,8,1168.24,At-Risk
CUST-1575,361,1,204.55,Hibernating
CUST-1576,9,29,3061.48,Champions
CUST-1577,237,1,168.13,Hibernating
CUST-1578,79,3,841.26,Potential
CUST-1579,57,10,1384.13,Loyal
CUST-1580,37,3,629.88,Potential
CUST-1581,365,1,110.02,Hibernating
CUST-1582,23,6,393.22,Potential
CUST-1583,42,6,1390.83,Loyal
CUST-1584,74,4,659.91,Potential
CUST-1585,15,11,1094.53,Loyal
CUST-1586,6,32,3525.62,Champions
CUST-1587,7,14,2576.68,Champions
CUST-1588,13,26,2783.39,Champions
CUST-1589,19,6,1498.99,Loyal
CUST-1590,4,23,3259.76,Champions
CUST-1591,42,2,250.83,Potential
CUST-1592,35,15,1544.56,Loyal
CUST-1593,46,12,1564.18,Loyal
CUST-1594,215,2,113.44,Hibernating
CUST-1595,58,2,183.68,Potential
CUST-1596,80,2,486.99,Potential
CUST-1597,19,15,753.02,Loyal
CUST-1598,37,6,1247.04,Loyal
CUST-1599,9,26,1955.55,Champions
CUST-1600,51,12,1566.65,Loyal
CUST-1601,37,6,1124.39,Loyal
CUST-1602,54,10,1692.75,Loyal
CUST-1603,18,33,3751.07,Champions
CUST-1604,1,28,4143.35,Champions
CUST-1605,29,5,380.35,Potential
CUST-1606,50,7,2128.01,Loyal
CUST-1607,28,12,1529.89,Loyal
CUST-1608,66,4,593.86,Potential
CUST-1609,43,4,355.21,Potential
CUST-1610,9,26,3521.83,Champions
CUST-1611,163,11,991.64,At-Risk
CUST-1612,66,3,450.05,Potential
CUST-1613,19,24,2421.7,Champions
CUST-1614,218,5,889.45,At-Risk
CUST-1615,307,2,187.26,Hibernating
CUST-1616,17,18,3375.06,Champions
CUST-1617,17,12,1272.5,Loyal
CUST-1618,147,4,1156.92,At-Risk
CUST-1619,220,10,980.06,At-Risk
CUST-1620,43,10,1617.8,Loyal
CUST-1621,30,14,1117.81,Loyal
CUST-1622,42,14,1773.35,Loyal
CUST-1623,60,4,465.84,Potential
CUST-1624,70,2,575.3,Potential
CUST-1625,33,7,2336.57,Loyal
CUST-1626,60,6,410.89,Potential
CUST-1627,119,4,897.38,At-Risk
CUST-1628,8,29,3174.31,Champions
CUST-1629,46,13,1417.41,Loyal
CUST-1630,111,9,1112.11,At-Risk
CUST-1631,399,2,20.12,Hibernating
CUST-1632,76,2,426.73,Potential
CUST-1633,64,5,370.4,Potential
CUST-1634,10,14,2818.78,Champions
CUST-1635,83,4,307.24,Potential
CUST-1636,74,5,661.4,Potential
CUST-1637,45,7,1315.15,Loyal
CUST-1638,23,7,1480.56,Loyal
CUST-1639,39,9,1853.9,Loyal
CUST-1640,8,20,4037.96,Champions
CUST-1641,59,12,1524.39,Loyal
CUST-1642,46,15,1600.59,Loyal
CUST-1643,21,14,1124.6,Loyal
CUST-1644,6,28,3583.56,Champions
CUST-1645,243,2,51.35,Hibernating
CUST-1646,55,3,673.76,Potential
CUST-1647,61,5,583.19,Potential
CUST-1648,102,6,688.09,At-Risk
CUST-1649,78,2,371.75,Potential
CUST-1650,8,24,2977.7,Champions
CUST-1651,29,5,281.33,Potential
CUST-1652,30,2,325.16,Potential
CUST-1653,204,5,960.11,At-Risk
CUST-1654,42,3,440.2,Potential
CUST-1655,6,26,3526.03,Champions
CUST-1656,17,11,1156.1,Loyal
CUST-1657,44,10,1620.2,Loyal
CUST-1658,32,4,266.89,Potential
CUST-1659,72,5,524.14,Potential
CUST-1660,46,12,1621.79,Loyal
CUST-1661,340,2,142.65,Hibernating
CUST-1662,27,2,246.0,Potential
CUST-1663,35,8,1322.18,Loyal
CUST-1664,15,16,3788.06,Champions
CUST-1665,20,14,1506.77,Loyal
CUST-1666,54,12,1259.26,Loyal
CUST-1667,52,9,1593.39,Loyal
CUST-1668,26,15,1396.05,Loyal
CUST-1669,45,6,1342.84,Loyal
CUST-1670,49,9,1342.75,Loyal
CUST-1671,265,2,108.52,Hibernating
CUST-1672,14,29,2580.96,Champions
CUST-1673,74,4,583.6,Potential
CUST-1674,77,4,434.62,Potential
CUST-1675,304,2,136.39,Hibernating
CUST-1676,19,15,4261.26,Champions
CUST-1677,57,14,1252.36,Loyal
CUST-1678,227,1,97.42,Hibernating
CUST-1679,117,8,1139.57,At-Risk
CUST-1680,148,8,1179.61,At-Risk
CUST-1681,34,11,1564.79,Loyal
CUST-1682,39,7,1681.47,Loyal
CUST-1683,40,5,407.41,Potential
CUST-1684,312,1,154.52,Hibernating
CUST-1685,73,3,579.32,Potential
CUST-1686,41,4,540.03,Potential
CUST-1687,15,13,1579.77,Loyal
CUST-1688,239,9,569.79,At-Risk
CUST-1689,28,7,2070.89,Loyal
CUST-1690,34,7,1556.92,Loyal
CUST-1691,62,5,609.7,Potential
CUST-1692,59,5,455.22,Potential
CUST-1693,40,7,1567.44,Loyal
CUST-1694,5,28,3431.79,Champions
CUST-1695,45,4,425.46,Potential
CUST-1696,22,13,1888.44,Loyal
CUST-1697,48,3,540.71,Potential
CUST-1698,44,6,1679.47,Loyal
CUST-1699,35,4,481.35,Potential
CUST-1700,26,6,595.54,Potential
CUST-1701,9,14,2897.94,Champions
CUST-1702,34,10,1475.95,Loyal
CUST-1703,8,26,3692.21,Champions
CUST-1704,14,31,2707.93,Champions
CUST-1705,447,1,32.57,Hibernating
CUST-1706,31,15,1200.11,Loyal
CUST-1707,197,5,855.58,At-Risk
CUST-1708,48,9,1366.52,Loyal
CUST-1709,22,6,357.48,Potential
CUST-1710,215,4,884.56,At-Risk
CUST-1711,75,4,507.53,Potential
CUST-1712,83,6,391.54,Potential
CUST-1713,58,5,407.77,Potential
CUST-1714,50,9,1578.51,Loyal
CUST-1715,402,2,87.7,Hibernating
CUST-1716,216,11,420.48,At-Risk
CUST-1717,275,2,104.0,Hibernating
CUST-1718,5,17,2776.67,Champions
CUST-1719,188,7,1152.0,At-Risk
CUST-1720,291,2,76.13,Hibernating
CUST-1721,45,15,1392.6,Loyal
CUST-1722,10,32,2488.48,Champions
CUST-1723,230,4,319.51,At-Risk
CUST-1724,67,3,585.54,Potential
CUST-1725,232,5,1070.42,At-Risk
CUST-1726,15,26,3934.31,Champions
CUST-1727,170,11,934.21,At-Risk
CUST-1728,23,13,1044.69,Loyal
CUST-1729,32,14,1250.18,Loyal
CUST-1730,26,11,1272.67,Loyal
CUST-1731,137,5,1158.96,At-Risk
CUST-1732,35,5,502.07,Potential
CUST-1733,32,6,134.79,Potential
CUST-1734,31,6,1478.59,Loyal
CUST-1735,179,9,586.22,At-Risk
CUST-1736,45,11,1488.69,Loyal
CUST-1737,114,8,520.84,At-Risk
CUST-1738,51,4,476.01,Potential
CUST-1739,42,10,1070.81,Loyal
CUST-1740,86,5,141.13,Potential
CUST-1741,30,11,1323.69,Loyal
CUST-1742,185,8,1290.24,At-Risk
CUST-1743,81,2,694.2,Potential
CUST-1744,20,8,1771.47,Loyal
CUST-1745,434,1,74.92,Hibernating
CUST-1746,39,14,1440.62,Loyal
CUST-1747,41,5,249.79,Potential
CUST-1748,192,1,121.85,Hibernating
CUST-1749,39,5,495.03,Potential
CUST-1750,13,28,3114.92,Champions
CUST-1751,237,2,62.64,Hibernating
CUST-1752,42,4,485.06,Potential
CUST-1753,53,10,1343.8,Loyal
CUST-1754,17,27,4023.27,Champions
CUST-1755,234,9,1051.81,At-Risk
CUST-1756,32,3,590.6,Potential
CUST-1757,32,4,406.16,Potential
CUST-1758,273,1,115.26,Hibernating
CUST-1759,205,10,798.13,At-Risk
CUST-1760,23,9,1552.48,Loyal
CUST-1761,37,9,2577.87,Loyal
CUST-1762,44,6,1166.78,Loyal
CUST-1763,121,10,1073.33,At-Risk
CUST-1764,12,12,3278.71,Champions
CUST-1765,27,4,460.37,Potential
CUST-1766,101,4,586.57,At-Risk
CUST-1767,204,6,1015.67,At-Risk
CUST-1768,53,6,1483.59,Loyal
CUST-1769,174,11,543.17,At-Risk
CUST-1770,6,33,3258.84,Champions
CUST-1771,204,6,1223.97,At-Risk
CUST-1772,17,32,3255.05,Champions
CUST-1773,33,12,1475.67,Loyal
CUST-1774,106,9,606.93,At-Risk
CUST-1775,2,17,3888.13,Champions
CUST-1776,51,8,741.73,Loyal
CUST-1777,132,7,923.21,At-Risk
CUST-1778,147,8,1119.01,At-Risk
CUST-1779,77,5,626.72,Potential
CUST-1780,75,4,452.3,Potential
CUST-1781,23,5,477.56,Potential
CUST-1782,41,14,1639.28,Loyal
CUST-1783,45,13,1103.92,Loyal
CUST-1784,28,14,1479.29,Loyal
CUST-1785,189,1,139.01,Hibernating
CUST-1786,86,6,426.52,Potential
CUST-1787,72,5,627.45,Potential
CUST-1788,45,3,403.96,Potential
CUST-1789,319,1,148.16,Hibernating
CUST-1790,18,12,1211.48,Loyal
CUST-1791,85,4,411.4,Potential
CUST-1792,40,2,477.18,Potential
CUST-1793,81,6,480.61,Potential
CUST-1794,1,31,3162.4,Champions
CUST-1795,199,7,437.34,At-Risk
CUST-1796,204,1,37.78,Hibernating
CUST-1797,89,2,614.86,Potential
CUST-1798,66,5,340.51,Potential
CUST-1799,406,2,117.54,Hibernating
CUST-1800,193,10,714.65,At-Risk
CUST-1801,24,14,1898.24,Loyal
CUST-1802,71,2,428.31,Potential
CUST-1803,83,6,413.21,Potential
CUST-1804,72,6,631.97,Potential
CUST-1805,140,9,1050.53,At-Risk
CUST-1806,446,2,127.39,Hibernating
CUST-1807,384,1,97.09,Hibernating
CUST-1808,82,6,394.84,Potential
CUST-1809,9,18,2284.56,Champions
CUST-1810,402,2,33.69,Hibernating
CUST-1811,120,7,684.9,At-Risk
CUST-1812,12,12,2287.68,Champions
CUST-1813,290,1,100.64,Hibernating
CUST-1814,154,4,433.61,At-Risk
CUST-1815,40,2,573.44,Potential
CUST-1816,41,4,295.54,Potential
CUST-1817,31,6,980.86,Loyal
CUST-1818,13,28,2935.64,Champions
CUST-1819,59,11,1712.19,Loyal
CUST-1820,199,9,1200.07,At-Risk
CUST-1821,13,28,2922.1,Champions
CUST-1822,45,10,1240.01,Loyal
CUST-1823,37,14,1467.71,Loyal
CUST-1824,53,3,428.91,Potential
CUST-1825,377,1,126.33,Hibernating
CUST-1826,32,9,1917.04,Loyal
CUST-1827,27,12,1549.73,Loyal
CUST-1828,217,7,966.67,At-Risk
CUST-1829,54,2,341.16,Potential
CUST-1830,49,8,1621.18,Loyal
CUST-1831,67,5,319.01,Potential
CUST-1832,8,28,4157.63,Champions
CUST-1833,20,15,1292.98,Loyal
CUST-1834,33,6,430.14,Potential
CUST-1835,87,4,368.47,Potential
CUST-1836,387,2,113.96,Hibernating
CUST-1837,16,8,944.81,Loyal
CUST-1838,27,4,344.77,Potential
CUST-1839,85,5,316.23,Potential
CUST-1840,19,18,4022.25,Champions
CUST-1841,49,3,621.53,Potential
CUST-1842,52,7,1050.13,Loyal
CUST-1843,352,1,25.37,Hibernating
CUST-1844,5,17,3352.55,Champions
CUST-1845,25,3,405.35,Potential
CUST-1846,18,26,4610.12,Champions
CUST-1847,408,2,20.0,Hibernating
CUST-1848,25,4,600.11,Potential
CUST-1849,62,2,477.15,Potential
CUST-1850,4,15,2766.58,Champions
CUST-1851,124,9,733.78,At-Risk
CUST-1852,15,9,1846.47,Loyal
CUST-1853,430,2,51.27,Hibernating
CUST-1854,17,14,1894.84,Loyal
CUST-1855,47,7,1721.18,Loyal
CUST-1856,17,20,3082.09,Champions
CUST-1857,49,2,563.9,Potential
CUST-1858,47,3,413.9,Potential
CUST-1859,10,25,2474.31,Champions
CUST-1860,147,9,1162.18,At-Risk
CUST-1861,29,4,648.65,Potential
CUST-1862,30,6,405.16,Potential
CUST-1863,83,3,389.13,Potential
CUST-1864,61,3,220.88,Potential
CUST-1865,78,3,608.2,Potential
CUST-1866,30,11,1192.59,Loyal
CUST-1867,56,9,1713.54,Loyal
CUST-1868,219,5,1137.89,At-Risk
CUST-1869,251,1,69.15,Hibernating
CUST-1870,54,6,1190.0,Loyal
CUST-1871,50,10,1079.77,Loyal
CUST-1872,27,6,467.01,Potential
CUST-1873,49,3,389.53,Potential
CUST-1874,7,24,3417.91,Champions
CUST-1875,43,8,1555.86,Loyal
CUST-1876,232,7,1025.43,At-Risk
CUST-1877,40,6,671.15,Potential
CUST-1878,6,15,2606.23,Champions
CUST-1879,32,10,1326.83,Loyal
CUST-1880,50,8,1116.28,Loyal
CUST-1881,81,6,522.99,Potential
CUST-1882,4,33,2441.51,Champions
CUST-1883,9,18,2543.94,Champions
CUST-1884,236,9,1090.33,At-Risk
CUST-1885,34,14,1056.23,Loyal
CUST-1886,51,5,506.14,Potential
CUST-1887,36,15,2024.38,Loyal
CUST-1888,4,23,3735.77,Champions
CUST-1889,45,8,1948.89,Loyal
CUST-1890,184,8,808.29,At-Risk
CUST-1891,227,5,1274.44,At-Risk
CUST-1892,149,11,1186.15,At-Risk
CUST-1893,53,10,1462.91,Loyal
CUST-1894,50,4,371.01,Potential
CUST-1895,35,9,1282.27,Loyal
CUST-1896,21,15,899.21,Loyal
CUST-1897,388,1,116.4,Hibernating
CUST-1898,11,12,3906.32,Champions
CUST-1899,7,13,3582.41,Champions
CUST-1900,56,13,1183.93,Loyal
CUST-1901,11,19,3211.46,Champions
CUST-1902,57,8,1755.05,Loyal
CUST-1903,73,3,308.64,Potential
CUST-1904,68,3,243.55,Potential
CUST-1905,345,2,183.11,Hibernating
CUST-1906,114,11,1082.23,At-Risk
CUST-1907,54,6,1088.82,Loyal
CUST-1908,27,13,1157.53,Loyal
CUST-1909,51,11,1612.98,Loyal
CUST-1910,41,2,348.38,Potential
CUST-1911,40,14,1774.89,Loyal
CUST-1912,85,5,399.85,Potential
CUST-1913,29,2,206.9,Potential
CUST-1914,67,5,633.52,Potential
CUST-1915,70,5,438.57,Potential
CUST-1916,50,13,2088.19,Loyal
CUST-1917,236,2,104.91,Hibernating
CUST-1918,118,10,946.18,At-Risk
CUST-1919,7,32,3762.75,Champions
CUST-1920,227,9,949.08,At-Risk
CUST-1921,33,3,354.26,Potential
CUST-1922,307,2,67.29,Hibernating
CUST-1923,125,8,830.11,At-Risk
CUST-1924,55,6,463.35,Potential
CUST-1925,1,24,3291.46,Champions
CUST-1926,50,9,1365.3,Loyal
CUST-1927,35,4,480.31,Potential
CUST-1928,88,5,353.74,Potential
CUST-1929,53,11,1287.39,Loyal
CUST-1930,12,27,3149.96,Champions
CUST-1931,94,8,103.05,At-Risk
CUST-1932,283,2,94.9,Hibernating
CUST-1933,50,4,483.21,Potential
CUST-1934,31,8,1799.66,Loyal
CUST-1935,45,11,1467.98,Loyal
CUST-1936,2,24,2938.18,Champions
CUST-1937,275,1,20.0,Hibernating
CUST-1938,7,26,3160.69,Champions
CUST-1939,73,3,489.34,Potential
CUST-1940,30,8,1372.89,Loyal
CUST-1941,77,6,567.28,Potential
CUST-1942,20,2,587.65,Potential
CUST-1943,97,8,891.26,At-Risk
CUST-1944,47,8,1652.85,Loyal
CUST-1945,12,23,3923.89,Champions
CUST-1946,13,31,3519.2,Champions
CUST-1947,281,1,124.47,Hibernating
CUST-1948,230,8,1421.51,At-Risk
CUST-1949,62,4,328.23,Potential
CUST-1950,61,3,443.53,Potential
CUST-1951,62,6,332.12,Potential
CUST-1952,42,14,1458.84,Loyal
CUST-1953,446,2,73.84,Hibernating
CUST-1954,61,4,454.87,Potential
CUST-1955,33,11,1626.95,Loyal
CUST-1956,65,5,559.65,Potential
CUST-1957,1,14,2272.56,Champions
CUST-1958,54,13,1876.95,Loyal
CUST-1959,209,10,1043.52,At-Risk
CUST-1960,11,18,2380.51,Champions
CUST-1961,45,5,432.12,Potential
CUST-1962,57,8,1287.75,Loyal
CUST-1963,39,11,1353.33,Loyal
CUST-1964,18,6,1042.94,Loyal
CUST-1965,42,11,1726.21,Loyal
CUST-1966,112,5,1007.08,At-Risk
CUST-1967,40,14,1423.15,Loyal
CUST-1968,73,6,459.43,Potential
CUST-1969,54,5,194.55,Potential
CUST-1970,36,4,202.21,Potential
CUST-1971,272,1,82.56,Hibernating
CUST-1972,168,9,846.67,At-Risk
CUST-1973,56,10,1687.99,Loyal
CUST-1974,6,34,4149.02,Champions
CUST-1975,31,7,1224.93,Loyal
CUST-1976,60,3,743.35,Potential
CUST-1977,18,17,2874.63,Champions
CUST-1978,71,2,416.42,Potential
CUST-1979,53,5,334.26,Potential
CUST-1980,31,9,2049.52,Loyal
CUST-1981,124,11,1197.64,At-Risk
CUST-1982,19,15,2710.27,Champions
CUST-1983,14,29,3246.89,Champions
CUST-1984,105,6,844.58,At-Risk
CUST-1985,23,6,312.08,Potential
CUST-1986,36,3,483.18,Potential
CUST-1987,49,4,49.26,Potential
CUST-1988,16,9,1187.98,Loyal
CUST-1989,90,10,1124.66,At-Risk
CUST-1990,179,10,654.22,At-Risk
CUST-1991,63,4,255.74,Potential
CUST-1992,51,7,1604.62,Loyal
CUST-1993,61,2,465.14,Potential
CUST-1994,24,10,1558.56,Loyal
CUST-1995,7,20,3968.84,Champions
CUST-1996,425,1,32.74,Hibernating
CUST-1997,2,31,3722.15,Champions
CUST-1998,351,2,101.18,Hibernating
CUST-1999,57,6,418.25,Potential
CUST-2000,47,15,987.8,Loyal
CUST-2001,87,2,417.72,Potential
CUST-2002,187,8,885.73,At-Risk
CUST-2003,174,10,1083.41,At-Risk
CUST-2004,233,10,1468.11,At-Risk
CUST-2005,70,2,556.68,Potential
CUST-2006,28,3,618.05,Potential
CUST-2007,163,6,1038.56,At-Risk
CUST-2008,53,15,1366.55,Loyal
CUST-2009,22,4,353.4,Potential
CUST-2010,24,8,1361.7,Loyal
CUST-2011,256,1,87.58,Hibernating
CUST-2012,326,1,153.55,Hibernating
CUST-2013,15,15,2974.22,Champions
CUST-2014,174,6,931.63,At-Risk
CUST-2015,374,2,80.62,Hibernating
CUST-2016,23,10,2031.1,Loyal
CUST-2017,20,3,521.57,Potential
CUST-2018,387,2,27.4,Hibernating
CUST-2019,18,23,2030.46,Champions
CUST-2020,79,3,544.2,Potential
CUST-2021,50,14,1734.88,Loyal
CUST-2022,350,2,122.77,Hibernating
CUST-2023,197,2,115.24,Hibernating
CUST-2024,320,1,78.43,Hibernating
CUST-2025,79,2,462.25,Potential
CUST-2026,181,6,1186.88,At-Risk
CUST-2027,226,11,717.87,At-Risk
CUST-2028,46,9,1294.53,Loyal
CUST-2029,156,5,914.65,At-Risk
CUST-2030,8,17,2650.45,Champions
CUST-2031,64,6,586.12,Potential
CUST-2032,19,14,1441.44,Loyal
CUST-2033,18,13,2883.36,Champions
CUST-2034,10,34,3004.13,Champions
CUST-2035,74,4,359.62,Potential
CUST-2036,33,8,1758.23,Loyal
CUST-2037,103,9,620.95,At-Risk
CUST-2038,13,23,4584.21,Champions
CUST-2039,57,12,1346.37,Loyal
CUST-2040,42,4,596.5,Potential
CUST-2041,181,7,680.81,At-Risk
CUST-2042,47,8,1171.95,Loyal
CUST-2043,68,6,454.62,Potential
CUST-2044,278,2,87.98,Hibernating
CUST-2045,57,6,699.32,Potential
CUST-2046,37,11,1449.72,Loyal
CUST-2047,3,24,2869.92,Champions
CUST-2048,135,11,1242.02,At-Risk
CUST-2049,11,22,2498.76,Champions
CUST-2050,185,9,855.52,At-Risk
CUST-2051,40,2,512.38,Potential
CUST-2052,282,1,67.47,Hibernating
CUST-2053,177,6,721.44,At-Risk
CUST-2054,347,1,158.19,Hibernating
CUST-2055,34,11,1212.77,Loyal
CUST-2056,180,4,763.72,At-Risk
CUST-2057,40,3,632.76,Potential
CUST-2058,59,6,316.61,Potential
CUST-2059,36,5,445.7,Potential
CUST-2060,114,5,899.57,At-Risk
CUST-2061,428,1,100.88,Hibernating
CUST-2062,127,9,916.04,At-Risk
CUST-2063,59,4,406.79,Potential
CUST-2064,43,4,552.31,Potential
CUST-2065,214,11,1430.14,At-Risk
CUST-2066,59,8,1388.56,Loyal
CUST-2067,13,28,3229.88,Champions
CUST-2068,57,7,1467.3,Loyal
CUST-2069,33,12,1671.21,Loyal
CUST-2070,33,14,1496.24,Loyal
CUST-2071,15,15,1458.22,Loyal
CUST-2072,19,12,2700.83,Champions
CUST-2073,18,13,2817.03,Champions
CUST-2074,224,2,82.45,Hibernating
CUST-2075,67,4,467.13,Potential
CUST-2076,53,15,1624.31,Loyal
CUST-2077,37,5,563.84,Potential
CUST-2078,38,9,1769.53,Loyal
CUST-2079,183,1,44.38,Hibernating
CUST-2080,98,8,873.16,At-Risk
CUST-2081,15,29,3799.65,Champions
CUST-2082,21,6,333.19,Potential
CUST-2083,97,6,1151.78,At-Risk
CUST-2084,370,2,37.47,Hibernating
CUST-2085,71,3,322.97,Potential
CUST-2086,75,5,517.16,Potential
CUST-2087,28,15,1456.26,Loyal
CUST-2088,358,1,140.4,Hibernating
CUST-2089,34,12,1716.32,Loyal
CUST-2090,388,1,157.79,Hibernating
CUST-2091,89,4,557.36,Potential
CUST-2092,77,4,677.73,Potential
CUST-2093,83,6,336.25,Potential
CUST-2094,33,11,937.16,Loyal
CUST-2095,30,13,1210.17,Loyal
CUST-2096,55,9,1211.61,Loyal
CUST-2097,49,12,1715.36,Loyal
CUST-2098,103,4,1209.43,At-Risk
CUST-2099,44,8,1813.67,Loyal
CUST-2100,17,27,2606.03,Champions
CUST-2101,251,2,108.6,Hibernating
CUST-2102,399,2,120.35,Hibernating
CUST-2103,370,1,118.51,Hibernating
CUST-2104,186,1,81.97,Hibernating
CUST-2105,20,13,1664.79,Loyal
CUST-2106,32,12,1271.16,Loyal
CUST-2107,170,9,1120.76,At-Risk
CUST-2108,43,4,324.44,Potential
CUST-2109,48,8,1408.73,Loyal
CUST-2110,164,9,896.41,At-Risk
CUST-2111,35,11,1360.96,Loyal
CUST-2112,53,13,1282.24,Loyal
CUST-2113,78,2,533.05,Potential
CUST-2114,20,6,551.46,Potential
CUST-2115,87,4,588.15,Potential
CUST-2116,3,33,3676.55,Champions
CUST-2117,90,6,793.53,At-Risk
CUST-2118,30,11,1561.74,Loyal
CUST-2119,1,29,3787.02,Champions
CUST-2120,242,2,40.42,Hibernating
CUST-2121,388,1,138.18,Hibernating
CUST-2122,222,11,1033.34,At-Risk
CUST-2123,188,7,1109.87,At-Risk
CUST-2124,33,6,356.29,Potential
CUST-2125,69,3,399.15,Potential
CUST-2126,15,26,3243.63,Champions
CUST-2127,55,4,472.48,Potential
CUST-2128,27,14,1373.43,Loyal
CUST-2129,48,14,1439.27,Loyal
CUST-2130,182,5,864.58,At-Risk
CUST-2131,50,6,298.87,Potential
CUST-2132,6,25,3328.9,Champions
CUST-2133,44,9,1231.47,Loyal
CUST-2134,80,6,501.77,Potential
CUST-2135,11,28,3726.92,Champions
CUST-2136,169,5,1204.93,At-Risk
CUST-2137,88,6,545.53,Potential
CUST-2138,39,4,280.91,Potential
CUST-2139,28,4,400.96,Potential
CUST-2140,189,9,1019.7,At-Risk
CUST-2141,43,11,1603.87,Loyal
CUST-2142,37,2,541.41,Potential
CUST-2143,23,5,330.76,Potential
CUST-2144,32,6,1224.22,Loyal
CUST-2145,159,9,982.28,At-Risk
CUST-2146,123,10,689.67,At-Risk
CUST-2147,32,3,562.05,Potential
CUST-2148,202,8,1140.18,At-Risk
CUST-2149,168,5,1042.18,At-Risk
CUST-2150,119,5,762.97,At-Risk
CUST-2151,160,11,910.36,At-Risk
CUST-2152,37,3,246.06,Potential
CUST-2153,84,5,507.73,Potential
CUST-2154,68,5,400.14,Potential
CUST-2155,167,4,1061.85,At-Risk
CUST-2156,26,15,1599.41,Loyal
CUST-2157,307,2,87.88,Hibernating
CUST-2158,161,4,565.21,At-Risk
CUST-2159,3,33,3295.85,Champions
CUST-2160,215,8,965.98,At-Risk
CUST-2161,1,27,4214.96,Champions
CUST-2162,32,12,1672.69,Loyal
CUST-2163,111,6,1014.85,At-Risk
CUST-2164,33,14,1545.5,Loyal
CUST-2165,154,6,783.04,At-Risk
CUST-2166,218,6,740.79,At-Risk
CUST-2167,80,3,500.36,Potential
CUST-2168,16,12,3205.54,Champions
CUST-2169,31,14,1777.67,Loyal
CUST-2170,78,5,460.46,Potential
CUST-2171,341,2,209.58,Hibernating
CUST-2172,87,4,337.9,Potential
CUST-2173,31,10,1584.19,Loyal
CUST-2174,31,2,330.74,Potential
CUST-2175,77,4,500.42,Potential
CUST-2176,235,9,774.12,At-Risk
CUST-2177,13,18,3143.23,Champions
CUST-2178,168,7,1099.25,At-Risk
CUST-2179,76,6,504.09,Potential
CUST-2180,309,1,111.28,Hibernating
CUST-2181,52,12,1787.7,Loyal
CUST-2182,48,3,524.87,Potential
CUST-2183,213,1,162.02,Hibernating
CUST-2184,9,20,3909.13,Champions
CUST-2185,284,1,129.24,Hibernating
CUST-2186,80,5,281.77,Potential
CUST-2187,7,13,3992.11,Champions
CUST-2188,44,9,928.99,Loyal
CUST-2189,186,5,978.96,At-Risk
CUST-2190,19,26,3787.33,Champions
CUST-2191,75,2,285.39,Potential
CUST-2192,46,6,1361.14,Loyal
CUST-2193,77,3,283.77,Potential
CUST-2194,4,29,3003.23,Champions
CUST-2195,111,11,1100.27,At-Risk
CUST-2196,382,2,76.43,Hibernating
CUST-2197,296,2,164.18,Hibernating
CUST-2198,130,8,542.79,At-Risk
CUST-2199,1,28,3333.13,Champions
CUST-2200,146,5,540.86,At-Risk
CUST-2201,9,15,2852.02,Champions
CUST-2202,17,28,3597.64,Champions
CUST-2203,35,7,1157.86,Loyal
CUST-2204,74,6,635.43,Potential
CUST-2205,107,5,1503.55,At-Risk
CUST-2206,64,3,475.02,Potential
CUST-2207,48,5,430.85,Potential
CUST-2208,32,9,1901.47,Loyal
CUST-2209,287,1,180.39,Hibernating
CUST-2210,46,5,539.27,Potential
CUST-2211,71,3,350.08,Potential
CUST-2212,39,15,1489.22,Loyal
CUST-2213,171,11,874.57,At-Risk
CUST-2214,72,4,533.8,Potential
CUST-2215,31,6,1324.11,Loyal
CUST-2216,12,28,3873.25,Champions
CUST-2217,68,3,337.66,Potential
CUST-2218,71,5,469.16,Potential
CUST-2219,50,13,1571.42,Loyal
CUST-2220,368,2,87.76,Hibernating
CUST-2221,24,11,1360.98,Loyal
CUST-2222,35,3,326.38,Potential
CUST-2223,313,2,206.03,Hibernating
CUST-2224,39,2,409.09,Potential
CUST-2225,52,3,420.32,Potential
CUST-2226,59,9,1134.75,Loyal
CUST-2227,26,15,623.48,Loyal
CUST-2228,223,1,69.45,Hibernating
CUST-2229,45,6,551.75,Potential
CUST-2230,245,2,148.41,Hibernating
CUST-2231,16,9,1538.75,Loyal
CUST-2232,34,8,1972.34,Loyal
CUST-2233,4,25,3156.47,Champions
CUST-2234,35,4,599.94,Potential
CUST-2235,20,9,1000.17,Loyal
CUST-2236,111,5,1152.0,At-Risk
CUST-2237,70,4,384.05,Potential
CUST-2238,441,2,131.51,Hibernating
CUST-2239,25,8,1528.46,Loyal
CUST-2240,211,8,978.62,At-Risk
CUST-2241,104,6,1359.53,At-Risk
CUST-2242,182,9,1057.54,At-Risk
CUST-2243,161,5,430.82,At-Risk
CUST-2244,214,6,628.34,At-Risk
CUST-2245,29,5,342.47,Potential
CUST-2246,6,23,3242.53,Champions
CUST-2247,10,28,2662.38,Champions
CUST-2248,324,1,122.44,Hibernating
CUST-2249,31,5,223.24,Potential
CUST-2250,230,5,1264.51,At-Risk
CUST-2251,23,3,270.46,Potential
CUST-2252,5,30,3246.19,Champions
CUST-2253,2,17,3274.44,Champions
CUST-2254,27,6,583.95,Potential
CUST-2255,31,2,630.97,Potential
CUST-2256,16,13,1193.42,Loyal
CUST-2257,29,6,399.92,Potential
CUST-2258,16,19,2866.99,Champions
CUST-2259,33,3,609.7,Potential
CUST-2260,35,11,807.35,Loyal
CUST-2261,109,11,1087.77,At-Risk
CUST-2262,37,12,1702.67,Loyal
CUST-2263,57,6,335.71,Potential
CUST-2264,12,33,3558.12,Champions
CUST-2265,6,28,3060.62,Champions
CUST-2266,52,13,1754.41,Loyal
CUST-2267,40,6,306.07,Potential
CUST-2268,76,2,358.75,Potential
CUST-2269,46,15,1361.98,Loyal
CUST-2270,46,3,639.05,Potential
CUST-2271,121,5,907.2,At-Risk
CUST-2272,115,4,1194.39,At-Risk
CUST-2273,18,26,3072.45,Champions
CUST-2274,52,6,442.67,Potential
CUST-2275,18,33,2868.77,Champions
CUST-2276,32,13,1667.67,Loyal
CUST-2277,356,1,120.87,Hibernating
CUST-2278,2,15,2104.0,Champions
CUST-2279,87,3,466.92,Potential
CUST-2280,38,3,311.86,Potential
CUST-2281,112,6,190.23,At-Risk
CUST-2282,73,2,429.34,Potential
CUST-2283,8,29,2683.46,Champions
CUST-2284,19,15,915.23,Loyal
CUST-2285,48,4,485.96,Potential
CUST-2286,8,23,3343.69,Champions
CUST-2287,32,10,1519.89,Loyal
CUST-2288,12,13,2951.23,Champions
CUST-2289,8,20,3766.4,Champions
CUST-2290,46,10,988.59,Loyal
CUST-2291,13,20,3299.74,Champions
CUST-2292,72,3,440.02,Potential
CUST-2293,26,5,595.41,Potential
CUST-2294,188,10,638.96,At-Risk
CUST-2295,20,6,1513.88,Loyal
CUST-2296,18,15,913.66,Loyal
CUST-2297,17,18,3004.56,Champions
CUST-2298,59,6,415.2,Potential
CUST-2299,157,11,809.59,At-Risk
CUST-2300,16,32,2292.63,Champions
CUST-2301,399,1,74.03,Hibernating
CUST-2302,12,16,3076.33,Champions
CUST-2303,75,4,541.24,Potential
CUST-2304,199,5,625.34,At-Risk
CUST-2305,131,9,1255.13,At-Risk
CUST-2306,157,8,1208.69,At-Risk
CUST-2307,190,11,642.01,At-Risk
CUST-2308,24,14,1170.79,Loyal
CUST-2309,172,9,633.75,At-Risk
CUST-2310,19,21,4010.64,Champions
CUST-2311,394,2,145.45,Hibernating
CUST-2312,55,6,576.58,Potential
CUST-2313,235,6,853.28,At-Risk
CUST-2314,54,2,587.52,Potential
CUST-2315,23,6,356.72,Potential
CUST-2316,60,6,353.11,Potential
CUST-2317,169,7,650.51,At-Risk
CUST-2318,5,13,2437.15,Champions
CUST-2319,17,27,3140.96,Champions
CUST-2320,41,13,1687.34,Loyal
CUST-2321,53,15,1462.28,Loyal
CUST-2322,138,9,679.81,At-Risk
CUST-2323,23,9,1939.62,Loyal
CUST-2324,378,1,98.73,Hibernating
CUST-2325,45,13,1429.55,Loyal
CUST-2326,57,7,1368.0,Loyal
CUST-2327,169,4,1187.31,At-Risk
CUST-2328,34,4,267.73,Potential
CUST-2329,49,5,134.31,Potential
CUST-2330,86,2,358.1,Potential
CUST-2331,144,8,891.37,At-Risk
CUST-2332,18,15,1466.93,Loyal
CUST-2333,386,1,160.5,Hibernating
CUST-2334,335,2,35.52,Hibernating
CUST-2335,56,6,463.48,Potential
CUST-2336,33,7,1416.03,Loyal
CUST-2337,71,4,292.38,Potential
CUST-2338,13,23,2841.58,Champions
CUST-2339,4,13,2907.4,Champions
CUST-2340,16,10,1394.61,Loyal
CUST-2341,60,6,425.45,Potential
CUST-2342,211,5,707.11,At-Risk
CUST-2343,217,6,580.62,At-Risk
CUST-2344,238,11,1219.66,At-Risk
CUST-2345,68,2,528.44,Potential
CUST-2346,31,10,1602.62,Loyal
CUST-2347,57,8,1360.21,Loyal
CUST-2348,340,1,125.83,Hibernating
CUST-2349,11,28,3358.13,Champions
CUST-2350,125,5,916.16,At-Risk
CUST-2351,76,2,249.94,Potential
CUST-2352,77,4,531.26,Potential
CUST-2353,145,9,945.63,At-Risk
CUST-2354,39,2,252.38,Potential
CUST-2355,182,6,1051.15,At-Risk
CUST-2356,372,1,114.42,Hibernating
CUST-2357,59,4,374.84,Potential
CUST-2358,39,11,1947.05,Loyal
CUST-2359,89,4,421.45,Potential
CUST-2360,266,1,97.18,Hibernating
CUST-2361,16,9,1407.43,Loyal
CUST-2362,38,2,500.23,Potential
CUST-2363,58,5,410.76,Potential
CUST-2364,221,9,770.6,At-Risk
CUST-2365,5,29,3021.04,Champions
CUST-2366,146,6,507.28,At-Risk
CUST-2367,382,1,164.22,Hibernating
CUST-2368,37,6,1453.21,Loyal
CUST-2369,41,8,770.04,Loyal
CUST-2370,255,2,79.62,Hibernating
CUST-2371,15,15,1183.64,Loyal
CUST-2372,136,6,173.88,At-Risk
CUST-2373,65,4,520.97,Potential
CUST-2374,42,7,1657.08,Loyal
CUST-2375,171,7,988.76,At-Risk
CUST-2376,73,3,359.14,Potential
CUST-2377,57,4,421.47,Potential
CUST-2378,23,14,1627.85,Loyal
CUST-2379,83,2,414.99,Potential
CUST-2380,42,7,1985.26,Loyal
CUST-2381,37,9,1481.33,Loyal
CUST-2382,345,1,104.71,Hibernating
CUST-2383,15,12,1242.88,Loyal
CUST-2384,76,5,459.46,Potential
CUST-2385,56,11,1450.21,Loyal
CUST-2386,213,7,1280.57,At-Risk
CUST-2387,15,23,3246.04,Champions
CUST-2388,301,1,141.16,Hibernating
CUST-2389,53,3,316.75,Potential
CUST-2390,52,15,1183.92,Loyal
CUST-2391,15,25,2283.74,Champions
CUST-2392,20,7,883.82,Loyal
CUST-2393,22,3,360.39,Potential
CUST-2394,17,6,1644.33,Loyal
CUST-2395,93,5,1446.43,At-Risk
CUST-2396,36,5,399.17,Potential
CUST-2397,24,14,990.31,Loyal
CUST-2398,40,5,423.07,Potential
CUST-2399,157,4,1155.28,At-Risk
CUST-2400,51,13,1133.8,Loyal
CUST-2401,58,14,1807.97,Loyal
CUST-2402,8,24,3261.01,Champions
CUST-2403,95,4,926.41,At-Risk
CUST-2404,55,2,468.54,Potential
CUST-2405,71,3,409.61,Potential
CUST-2406,141,7,1161.67,At-Risk
CUST-2407,200,6,1090.05,At-Risk
CUST-2408,74,4,394.12,Potential
CUST-2409,158,7,452.98,At-Risk
CUST-2410,53,12,1742.09,Loyal
CUST-2411,10,12,4699.32,Champions
CUST-2412,54,11,901.67,Loyal
CUST-2413,3,16,3501.95,Champions
CUST-2414,30,6,683.8,Potential
CUST-2415,341,1,151.0,Hibernating
CUST-2416,8,22,2114.85,Champions
CUST-2417,6,20,2929.55,Champions
CUST-2418,82,5,311.55,Potential
CUST-2419,378,1,76.19,Hibernating
CUST-2420,31,11,1219.11,Loyal
CUST-2421,89,3,488.15,Potential
CUST-2422,15,28,3365.96,Champions
CUST-2423,1,33,3917.29,Champions
CUST-2424,293,1,138.64,Hibernating
CUST-2425,422,1,88.04,Hibernating
CUST-2426,10,26,3442.06,Champions
CUST-2427,261,1,79.13,Hibernating
CUST-2428,35,4,821.12,Potential
CUST-2429,230,4,533.89,At-Risk
CUST-2430,78,6,556.65,Potential
CUST-2431,64,5,493.34,Potential
CUST-2432,43,6,401.25,Potential
CUST-2433,57,6,375.98,Potential
CUST-2434,2,32,3508.93,Champions
CUST-2435,19,20,3691.96,Champions
CUST-2436,43,11,980.85,Loyal
CUST-2437,93,9,1205.52,At-Risk
CUST-2438,17,13,1496.26,Loyal
CUST-2439,77,4,430.25,Potential
CUST-2440,200,1,163.22,Hibernating
CUST-2441,3,14,3992.64,Champions
CUST-2442,50,5,385.02,Potential
CUST-2443,70,3,441.4,Potential
CUST-2444,215,7,1200.88,At-Risk
CUST-2445,23,7,1502.97,Loyal
CUST-2446,53,5,366.68,Potential
CUST-2447,174,4,517.54,At-Risk
CUST-2448,356,1,22.36,Hibernating
CUST-2449,80,6,409.79,Potential
CUST-2450,45,6,492.04,Potential
CUST-2451,20,6,348.68,Potential
CUST-2452,92,7,898.84,At-Risk
CUST-2453,85,4,494.5,Potential
CUST-2454,6,17,3386.51,Champions
CUST-2455,200,2,46.85,Hibernating
CUST-2456,82,6,424.5,Potential
CUST-2457,28,3,591.47,Potential
CUST-2458,24,11,1251.51,Loyal
CUST-2459,56,2,390.29,Potential
CUST-2460,54,11,1428.72,Loyal
CUST-2461,33,6,378.8,Potential
CUST-2462,1,20,3162.59,Champions
CUST-2463,68,4,508.91,Potential
CUST-2464,399,2,143.72,Hibernating
CUST-2465,7,21,3897.7,Champions
CUST-2466,343,1,144.0,Hibernating
CUST-2467,20,3,500.12,Potential
CUST-2468,214,6,490.81,At-Risk
CUST-2469,142,5,1135.5,At-Risk
CUST-2470,77,3,578.09,Potential
CUST-2471,239,8,1038.42,At-Risk
CUST-2472,237,10,875.46,At-Risk
CUST-2473,84,2,476.51,Potential
CUST-2474,15,10,1423.67,Loyal
CUST-2475,22,4,394.64,Potential
CUST-2476,134,5,814.67,At-Risk
CUST-2477,124,11,897.11,At-Risk
CUST-2478,117,7,590.87,At-Risk
CUST-2479,35,2,531.06,Potential
CUST-2480,100,4,698.71,At-Risk
CUST-2481,11,16,3846.11,Champions
CUST-2482,32,3,430.96,Potential
CUST-2483,12,18,3951.42,Champions
CUST-2484,40,6,1487.98,Loyal
CUST-2485,55,12,1177.17,Loyal
CUST-2486,46,9,1973.5,Loyal
CUST-2487,51,5,506.94,Potential
CUST-2488,27,6,1167.73,Loyal
CUST-2489,49,5,443.3,Potential
CUST-2490,39,15,1105.74,Loyal
CUST-2491,36,13,1409.93,Loyal
CUST-2492,57,9,1448.31,Loyal
CUST-2493,4,15,3930.37,Champions
CUST-2494,71,6,297.31,Potential
CUST-2495,63,6,374.33,Potential
CUST-2496,73,3,566.71,Potential
CUST-2497,50,4,436.74,Potential
CUST-2498,23,6,1550.25,Loyal
CUST-2499,231,6,680.38,At-Risk
