player_id,age,nominal_position,minutes_played,expected_goals_xg,expected_assists_xa,pass_completion_pct,progressive_carries_p90,tackles_p90,sprint_speed_kmh,market_value_eur_mil
PLY-8000,24,Midfielder,3029,0.33,0.09,83.1,3.6,4.4,31.9,35.69
PLY-8001,32,Midfielder,2880,0.3,0.08,85.6,7.5,2.6,28.9,8.27
PLY-8002,28,Midfielder,2400,0.35,0.06,89.9,5.3,1.3,31.9,32.03
PLY-8003,25,Midfielder,1967,0.16,0.24,90.1,5.5,1.8,33.6,37.13
PLY-8004,24,Midfielder,2172,0.52,0.22,89.3,5.4,3.3,33.9,57.56
PLY-8005,28,Winger,1416,0.06,0.38,74.3,7.1,1.3,30.4,27.33
PLY-8006,28,Winger,1152,0.03,0.72,81.9,10.1,3.5,32.0,57.26
PLY-8007,21,Midfielder,1455,0.08,0.08,82.2,0.5,1.6,34.7,17.53
PLY-8008,25,Defender,2412,0.19,0.05,86.0,4.8,3.3,30.5,31.97
PLY-8009,20,Defender,782,0.18,0.19,77.4,6.8,3.8,30.1,37.98
PLY-8010,19,Forward,2174,0.78,0.04,84.7,0.7,0.3,33.2,23.24
PLY-8011,29,Winger,996,0.13,0.29,80.3,8.7,0.2,32.9,37.47
PLY-8012,23,Winger,2327,0.17,0.27,70.7,5.5,2.1,29.7,34.68
PLY-8013,19,Midfielder,2117,0.01,0.01,91.6,4.7,2.1,28.4,1.66
PLY-8014,18,Midfielder,1506,0.13,0.32,85.8,2.9,2.5,32.0,4.69
PLY-8015,29,Midfielder,1956,0.26,0.05,93.7,6.4,2.1,30.6,16.39
PLY-8016,29,Midfielder,2774,0.01,0.12,76.0,3.9,5.0,27.8,0.5
PLY-8017,34,Forward,600,0.43,0.01,80.3,6.2,2.4,28.5,0.5
PLY-8018,27,Winger,618,0.06,0.44,80.7,7.9,0.5,32.8,38.75
PLY-8019,33,Forward,1183,0.36,0.07,83.6,2.9,0.9,29.7,0.5
PLY-8020,32,Midfielder,1055,0.16,0.25,78.0,5.5,2.2,33.4,10.27
PLY-8021,32,Winger,2636,0.05,0.32,85.3,5.7,1.7,25.4,0.5
PLY-8022,29,Defender,1732,0.34,0.04,93.5,4.6,2.9,34.4,33.14
PLY-8023,20,Midfielder,3092,0.47,0.13,88.8,3.9,2.1,30.7,30.65
PLY-8024,22,Midfielder,2552,0.2,0.03,86.6,6.3,2.1,30.4,31.55
PLY-8025,24,Forward,2750,1.2,0.1,73.7,5.6,4.1,28.1,67.92
PLY-8026,26,Defender,1587,0.15,0.07,77.4,4.4,3.3,32.5,37.34
PLY-8027,24,Forward,1119,0.53,0.44,81.7,3.1,1.7,27.5,28.35
PLY-8028,35,Midfielder,1458,1.13,0.01,82.8,2.0,4.1,31.8,0.5
PLY-8029,21,Winger,773,0.07,0.43,88.2,7.3,2.6,28.2,38.8
PLY-8030,31,Forward,1966,1.06,0.04,85.2,3.2,1.1,27.0,28.63
PLY-8031,35,Winger,3078,0.01,0.29,95.0,3.2,1.3,27.4,0.5
PLY-8032,26,Winger,1326,0.15,0.32,76.1,4.3,0.7,29.9,25.51
PLY-8033,19,Forward,2310,0.37,0.43,82.2,7.8,2.3,33.6,57.8
PLY-8034,32,Winger,2475,0.33,0.27,73.7,5.7,3.4,33.3,21.37
PLY-8035,24,Midfielder,2281,0.23,0.02,72.7,6.7,4.2,30.2,38.9
PLY-8036,29,Winger,1947,0.31,0.29,86.3,6.3,0.4,31.4,36.99
PLY-8037,25,Midfielder,1589,0.12,0.02,89.0,7.0,3.2,32.6,40.11
PLY-8038,32,Defender,1019,0.12,0.02,76.9,6.8,4.6,29.3,10.3
PLY-8039,20,Midfielder,1193,0.01,0.15,86.6,2.8,1.9,32.5,19.44
PLY-8040,31,Winger,3132,0.11,0.23,78.2,3.0,1.7,30.0,0.5
PLY-8041,34,Defender,2374,0.66,0.01,79.0,0.7,2.1,29.4,0.5
PLY-8042,21,Midfielder,3059,0.12,0.23,84.1,2.9,3.0,28.4,5.99
PLY-8043,35,Winger,1535,0.45,0.3,76.6,10.8,0.6,30.3,0.5
PLY-8044,25,Forward,1707,0.81,0.02,77.7,3.7,1.3,33.6,45.92
PLY-8045,21,Forward,1736,0.47,0.05,77.9,4.8,2.7,29.8,31.93
PLY-8046,19,Forward,931,0.6,0.18,84.5,7.1,0.2,27.2,34.14
PLY-8047,23,Midfielder,2688,0.03,0.06,69.4,4.7,0.6,30.8,16.33
PLY-8048,27,Forward,2393,0.38,0.12,80.6,4.7,3.7,34.8,43.27
PLY-8049,21,Winger,1558,0.01,0.24,75.5,8.2,2.3,34.2,39.67
PLY-8050,35,Forward,704,0.57,0.16,75.7,5.1,1.4,28.7,0.5
PLY-8051,29,Defender,801,0.14,0.07,78.8,4.3,4.6,32.5,18.84
PLY-8052,19,Forward,3097,0.55,0.18,81.9,3.1,3.0,32.8,25.04
PLY-8053,27,Winger,2442,0.18,0.52,80.7,7.2,3.5,34.8,59.53
PLY-8054,21,Winger,2466,0.11,0.39,75.6,9.2,0.9,28.1,33.8
PLY-8055,31,Midfielder,2596,0.28,0.06,90.3,8.1,1.0,27.6,12.39
PLY-8056,33,Winger,1889,0.36,0.27,76.6,7.6,2.9,25.6,1.87
PLY-8057,32,Forward,1509,0.35,0.07,77.6,6.0,3.0,28.5,11.39
PLY-8058,25,Defender,809,0.06,0.03,83.7,5.0,2.8,33.8,23.97
PLY-8059,31,Forward,1162,0.66,0.04,83.9,4.3,1.0,28.8,1.65
PLY-8060,25,Winger,2163,0.12,0.5,78.3,8.0,2.0,28.6,49.81
PLY-8061,33,Forward,1370,0.62,0.09,64.4,6.9,2.2,30.5,16.12
PLY-8062,30,Midfielder,3101,0.11,0.1,80.7,2.7,2.3,32.1,12.53
PLY-8063,35,Defender,1228,0.12,0.16,83.0,1.6,2.8,27.8,0.5
PLY-8064,32,Midfielder,2228,0.04,0.16,90.1,3.4,2.3,28.9,0.5
PLY-8065,30,Forward,2301,0.42,0.01,81.5,4.9,1.3,31.8,20.57
PLY-8066,26,Forward,986,0.58,0.32,79.1,6.2,0.8,33.1,56.05
PLY-8067,32,Midfielder,2535,0.14,0.04,95.0,2.5,2.2,28.6,0.5
PLY-8068,30,Midfielder,2943,0.37,0.23,83.8,0.5,2.1,29.8,6.38
PLY-8069,18,Forward,2905,0.83,0.27,85.7,3.5,3.2,35.7,46.39
PLY-8070,24,Midfielder,1704,0.2,0.23,78.0,4.1,1.2,30.9,35.31
PLY-8071,26,Forward,867,0.7,0.16,75.5,2.2,2.5,32.0,41.04
PLY-8072,18,Defender,3066,0.09,0.01,85.9,3.0,2.5,32.9,10.02
PLY-8073,29,Forward,2882,0.48,0.08,88.3,6.2,1.9,27.6,28.6
PLY-8074,25,Midfielder,2456,0.31,0.17,83.7,4.7,2.8,31.5,33.17
PLY-8075,28,Forward,2598,0.47,0.09,70.9,5.2,2.9,27.9,31.67
PLY-8076,34,Midfielder,1980,0.22,0.36,85.0,3.8,2.9,29.7,0.5
PLY-8077,25,Defender,1836,0.05,0.07,83.1,3.0,5.4,34.5,33.56
PLY-8078,20,Midfielder,1173,0.23,0.06,86.6,3.8,1.7,29.3,21.11
PLY-8079,20,Forward,648,0.84,0.06,78.6,5.5,2.8,27.8,48.55
PLY-8080,18,Defender,1750,0.51,0.07,81.1,1.5,6.6,35.7,26.9
PLY-8081,22,Defender,822,0.32,0.15,77.5,7.8,3.8,29.0,41.23
PLY-8082,27,Forward,2031,0.69,0.22,75.3,5.6,3.9,28.2,49.5
PLY-8083,24,Defender,2128,0.2,0.2,86.5,3.4,5.5,35.1,40.68
PLY-8084,26,Winger,2419,0.22,0.52,82.6,8.6,1.9,28.9,38.6
PLY-8085,24,Forward,2924,0.39,0.39,81.1,6.9,2.0,35.1,55.95
PLY-8086,26,Defender,2061,0.15,0.3,79.0,3.8,4.5,32.1,37.29
PLY-8087,25,Defender,1730,0.15,0.01,80.9,4.1,5.4,34.3,42.05
PLY-8088,29,Midfielder,2281,0.8,0.24,87.0,7.5,2.7,31.9,64.02
PLY-8089,19,Forward,3067,0.49,0.04,92.4,8.7,1.6,33.9,45.58
PLY-8090,18,Forward,974,0.55,0.03,85.9,4.6,0.2,29.5,20.85
PLY-8091,33,Winger,2720,0.19,0.4,78.0,4.7,3.0,28.7,3.7
PLY-8092,22,Winger,2621,0.25,0.29,78.1,6.1,0.2,26.8,18.11
PLY-8093,20,Defender,1653,0.34,0.01,77.1,6.6,2.8,33.6,33.05
PLY-8094,29,Midfielder,2489,0.06,0.03,84.8,2.4,1.7,32.4,7.51
PLY-8095,25,Defender,2423,0.19,0.01,77.1,4.1,2.9,29.3,31.89
PLY-8096,20,Midfielder,2074,0.44,0.42,88.8,5.1,2.6,27.7,39.23
PLY-8097,18,Midfielder,2842,0.16,0.01,70.1,2.7,1.8,32.1,7.32
PLY-8098,20,Forward,1779,0.43,0.04,85.2,6.7,3.1,35.2,44.71
PLY-8099,22,Defender,1664,0.27,0.1,83.7,5.9,2.5,31.2,38.32
PLY-8100,32,Midfielder,2670,0.43,0.08,93.6,8.5,1.4,28.6,12.75
PLY-8101,31,Defender,959,0.02,0.44,87.3,6.1,4.4,27.9,10.29
PLY-8102,20,Midfielder,2641,0.37,0.01,81.9,2.6,2.3,34.2,23.02
PLY-8103,18,Forward,1741,0.78,0.13,86.6,5.6,3.0,29.8,44.61
PLY-8104,22,Forward,2235,0.5,0.21,81.0,6.5,1.1,30.7,41.01
PLY-8105,31,Midfielder,2003,1.02,0.48,74.4,6.6,1.6,32.3,52.12
PLY-8106,24,Winger,2543,0.39,0.39,83.0,5.4,2.8,32.9,53.86
PLY-8107,26,Forward,1278,0.72,0.29,78.3,2.7,0.2,30.8,36.73
PLY-8108,32,Winger,3087,0.34,0.24,82.0,4.7,2.7,28.5,7.97
PLY-8109,32,Midfielder,606,0.04,0.09,95.0,7.7,3.1,33.2,12.58
PLY-8110,27,Defender,3068,0.06,0.08,83.3,5.7,2.8,29.0,18.97
PLY-8111,30,Midfielder,2191,0.16,0.39,79.9,2.9,1.8,31.0,12.54
PLY-8112,24,Defender,1432,0.08,0.03,87.8,4.8,6.2,28.2,23.35
PLY-8113,34,Defender,2410,0.13,0.03,84.2,4.3,5.2,32.6,0.5
PLY-8114,21,Forward,1513,0.9,0.07,75.2,2.6,2.7,30.5,45.11
PLY-8115,22,Forward,2611,0.78,0.01,72.4,4.6,3.4,30.0,42.03
PLY-8116,24,Winger,2042,0.25,0.26,76.1,7.4,4.4,33.0,53.76
PLY-8117,30,Winger,2050,0.49,0.8,87.0,10.9,2.2,28.4,58.21
PLY-8118,32,Forward,2102,0.73,0.1,80.2,3.2,1.7,31.4,4.19
PLY-8119,28,Defender,725,0.14,0.18,82.5,1.1,5.6,30.7,24.88
PLY-8120,21,Winger,3042,0.06,0.45,74.0,4.9,2.0,28.8,21.87
PLY-8121,30,Winger,1416,0.18,0.3,87.2,5.2,1.1,29.3,25.63
PLY-8122,24,Winger,2429,0.33,0.25,69.9,6.1,1.6,30.0,44.5
PLY-8123,19,Defender,1175,0.14,0.04,78.1,2.4,4.8,30.5,7.2
PLY-8124,27,Midfielder,2972,0.27,0.07,88.5,6.1,1.7,28.9,26.52
PLY-8125,30,Midfielder,2015,0.02,0.18,79.3,2.3,1.8,32.1,8.35
PLY-8126,23,Midfielder,1529,0.34,0.09,89.7,4.5,1.0,28.8,26.75
PLY-8127,29,Defender,2063,0.42,0.01,76.8,8.5,6.1,26.3,42.33
PLY-8128,29,Defender,1432,0.31,0.13,74.6,5.6,4.0,35.7,37.15
PLY-8129,28,Forward,1654,1.2,0.46,89.7,5.4,1.3,31.9,69.21
PLY-8130,24,Winger,2248,0.44,0.52,82.9,10.7,1.5,35.9,81.01
PLY-8131,18,Defender,2500,0.58,0.31,85.1,7.0,5.4,29.2,46.63
PLY-8132,18,Midfielder,2057,0.68,0.29,92.1,5.6,2.9,32.6,38.62
PLY-8133,30,Midfielder,1999,0.4,0.07,70.3,3.9,1.6,33.5,23.7
PLY-8134,26,Midfielder,1042,0.28,0.26,89.8,4.5,2.2,31.1,36.12
PLY-8135,20,Forward,2722,0.35,0.03,77.4,4.4,2.5,28.3,17.26
PLY-8136,24,Forward,1156,0.51,0.19,78.2,3.7,1.4,30.9,31.91
PLY-8137,23,Forward,1778,0.56,0.18,84.6,4.9,0.4,32.9,35.69
PLY-8138,25,Forward,2637,0.44,0.01,79.8,5.2,2.8,32.8,41.01
PLY-8139,26,Midfielder,962,0.1,0.28,89.6,2.0,1.4,31.5,20.33
PLY-8140,22,Midfielder,3095,0.81,0.42,85.8,7.8,2.7,33.5,76.23
PLY-8141,18,Forward,1857,0.91,0.06,83.0,5.3,2.6,33.4,49.53
PLY-8142,27,Defender,2441,0.47,0.3,79.1,4.0,4.5,30.3,40.17
PLY-8143,29,Midfielder,2909,0.13,0.02,79.6,4.9,1.7,28.2,9.22
PLY-8144,32,Winger,2450,0.01,0.38,77.6,8.9,1.4,30.4,9.26
PLY-8145,26,Winger,2772,0.02,0.34,81.4,4.1,0.8,29.9,22.38
PLY-8146,34,Forward,1510,0.44,0.14,93.0,4.3,1.5,30.3,0.5
PLY-8147,34,Midfielder,844,0.01,0.47,94.8,2.1,2.9,33.0,0.5
PLY-8148,29,Forward,1141,0.35,0.37,78.1,9.8,3.9,32.5,59.73
PLY-8149,24,Midfielder,3132,0.62,0.28,86.4,4.8,3.7,34.4,64.14
PLY-8150,19,Defender,2769,0.31,0.06,80.3,2.1,4.6,29.3,23.05
PLY-8151,20,Forward,2772,0.44,0.44,82.8,11.7,3.9,33.9,72.11
PLY-8152,34,Midfielder,2172,0.04,0.02,87.6,3.4,1.8,33.7,0.5
PLY-8153,22,Forward,2817,0.53,0.35,85.2,4.1,0.7,31.6,46.01
PLY-8154,34,Forward,723,0.35,0.07,64.6,4.2,4.5,35.1,0.5
PLY-8155,34,Defender,2331,0.7,0.01,84.2,2.8,5.0,28.1,0.5
PLY-8156,34,Midfielder,1385,0.13,0.2,83.6,5.0,0.4,28.6,0.5
PLY-8157,19,Midfielder,2643,0.13,0.05,81.8,0.5,4.1,32.9,5.43
PLY-8158,19,Midfielder,2848,0.12,0.05,90.8,6.7,1.3,31.6,27.2
PLY-8159,22,Winger,3016,0.02,0.29,90.8,4.7,1.6,29.9,19.15
PLY-8160,18,Forward,1396,0.6,0.01,86.1,3.7,3.4,32.9,34.02
PLY-8161,18,Midfielder,676,0.33,0.04,82.9,6.0,3.8,32.3,30.22
PLY-8162,19,Defender,658,0.28,0.01,75.5,4.1,3.2,30.2,19.15
PLY-8163,29,Midfielder,3078,0.04,0.11,68.0,4.2,4.0,31.9,8.3
PLY-8164,23,Winger,2123,0.22,0.24,83.1,5.0,3.2,33.2,48.84
PLY-8165,21,Defender,2536,0.21,0.21,85.5,8.7,3.4,30.2,38.88
PLY-8166,28,Defender,2756,0.51,0.05,81.4,5.6,4.1,32.6,47.47
PLY-8167,34,Defender,1901,0.12,0.52,87.6,2.3,6.2,28.1,0.5
PLY-8168,23,Winger,667,0.12,0.59,74.1,7.4,0.3,30.0,38.92
PLY-8169,22,Winger,2952,0.24,0.28,81.0,4.7,3.9,33.9,46.8
PLY-8170,19,Defender,2532,0.25,0.28,80.5,7.9,5.4,32.9,48.49
PLY-8171,23,Defender,964,0.16,0.29,81.3,4.9,5.0,27.3,27.49
PLY-8172,28,Forward,1420,0.5,0.78,89.0,2.5,2.4,30.7,51.04
PLY-8173,33,Forward,2002,0.52,0.16,81.4,5.9,4.6,31.1,14.78
PLY-8174,33,Midfielder,2990,0.49,0.02,84.2,3.9,4.7,30.3,3.96
PLY-8175,18,Forward,1546,0.5,0.19,76.4,1.9,1.5,32.9,18.86
PLY-8176,26,Midfielder,2177,0.7,0.18,94.0,5.3,2.9,31.8,47.69
PLY-8177,23,Forward,1977,0.53,0.18,73.4,5.2,4.4,31.2,53.88
PLY-8178,33,Midfielder,2039,0.74,0.07,82.7,6.8,1.3,29.6,16.29
PLY-8179,20,Defender,1361,0.45,0.35,92.2,4.6,4.7,33.9,44.41
PLY-8180,21,Winger,940,0.11,0.8,84.8,7.2,3.4,33.0,59.76
PLY-8181,20,Forward,982,0.85,0.04,81.9,4.8,0.2,32.4,43.9
PLY-8182,24,Midfielder,1603,0.03,0.02,86.1,7.7,3.2,31.7,36.03
PLY-8183,26,Winger,2156,0.65,0.26,76.3,6.4,0.9,30.3,59.15
PLY-8184,18,Forward,899,0.6,0.31,81.6,5.4,2.4,30.8,28.03
PLY-8185,25,Defender,738,0.01,0.2,79.9,5.7,5.8,33.8,33.47
PLY-8186,24,Midfielder,958,0.26,0.18,87.1,5.2,0.2,33.6,30.14
PLY-8187,35,Midfielder,1435,0.91,0.09,77.0,3.8,3.1,28.6,0.5
PLY-8188,25,Winger,2122,0.02,0.38,84.4,7.2,4.6,31.7,43.25
PLY-8189,18,Forward,2227,0.55,0.07,88.1,4.3,1.6,32.6,25.04
PLY-8190,28,Defender,2582,0.34,0.12,80.8,8.4,5.1,32.5,44.57
PLY-8191,35,Defender,1903,0.42,0.28,85.9,3.6,6.0,30.9,0.72
PLY-8192,27,Forward,3130,0.48,0.72,83.9,2.7,0.3,29.1,48.38
PLY-8193,20,Defender,1508,0.06,0.49,78.4,4.5,5.3,28.9,34.66
PLY-8194,24,Winger,1734,0.01,0.71,75.6,6.8,3.4,34.1,46.5
PLY-8195,33,Forward,2786,0.57,0.09,76.5,4.9,3.0,33.3,10.94
PLY-8196,33,Winger,1595,0.15,0.33,83.8,6.1,2.3,26.7,0.5
PLY-8197,34,Midfielder,3082,0.74,0.22,85.7,4.7,1.0,29.9,3.03
PLY-8198,19,Defender,3156,0.02,0.46,89.7,4.8,6.1,33.3,38.96
PLY-8199,18,Defender,2920,0.29,0.03,86.7,6.3,4.4,26.7,23.96
PLY-8200,33,Midfielder,2751,0.01,0.07,90.7,4.7,1.1,27.6,0.5
PLY-8201,29,Winger,1837,0.05,0.25,83.6,7.2,1.8,31.3,22.46
PLY-8202,22,Winger,2384,0.15,0.39,76.2,8.0,2.6,30.2,44.77
PLY-8203,22,Defender,764,0.15,0.07,84.0,6.2,2.5,32.0,31.44
PLY-8204,26,Defender,1598,0.29,0.07,82.4,2.5,4.4,34.7,25.36
PLY-8205,26,Defender,3167,0.6,0.01,75.2,2.0,3.9,29.6,36.44
PLY-8206,20,Midfielder,1907,0.25,0.08,93.3,7.9,3.8,31.6,42.13
PLY-8207,33,Defender,3164,0.77,0.36,88.6,5.9,2.2,29.2,18.61
PLY-8208,33,Midfielder,1256,0.53,0.05,79.1,4.1,3.3,30.3,0.5
PLY-8209,20,Midfielder,2811,0.22,0.21,82.2,4.5,3.9,31.5,28.73
PLY-8210,18,Defender,2509,0.45,0.18,78.7,3.7,2.2,37.0,36.55
PLY-8211,28,Midfielder,2646,0.26,0.36,89.7,4.9,0.2,34.8,42.31
PLY-8212,34,Forward,2711,0.37,0.03,85.0,2.6,4.3,26.5,0.5
PLY-8213,25,Forward,1740,0.69,0.68,82.3,6.2,1.1,29.5,67.38
PLY-8214,21,Midfielder,2489,0.02,0.16,87.6,4.9,5.9,29.8,30.88
PLY-8215,23,Defender,866,0.23,0.8,74.3,4.9,2.2,28.8,47.59
PLY-8216,25,Midfielder,2445,0.3,0.44,88.3,2.7,2.4,28.5,25.32
PLY-8217,20,Defender,2308,0.02,0.05,81.4,5.5,4.4,31.1,16.88
PLY-8218,33,Midfielder,2893,0.07,0.01,81.9,2.8,2.0,28.4,0.5
PLY-8219,20,Defender,3042,0.62,0.05,72.8,3.1,5.0,29.5,33.14
PLY-8220,35,Midfielder,2110,0.24,0.13,86.2,4.7,2.8,34.4,0.5
PLY-8221,31,Midfielder,1075,0.07,0.03,88.1,9.5,2.0,28.5,9.54
PLY-8222,35,Defender,1576,0.29,0.03,71.8,4.8,3.2,29.0,0.5
PLY-8223,19,Winger,1807,0.23,0.33,82.1,1.9,3.5,33.1,21.39
PLY-8224,20,Midfielder,1643,0.17,0.01,86.7,3.2,3.0,30.5,18.5
PLY-8225,33,Forward,2560,1.2,0.02,78.7,5.9,2.3,27.4,24.54
PLY-8226,26,Forward,1157,0.64,0.1,84.3,2.2,2.9,30.9,38.45
PLY-8227,21,Forward,1617,0.47,0.01,81.2,6.2,3.1,35.9,51.16
PLY-8228,18,Defender,2205,0.4,0.09,83.7,4.8,3.5,30.4,21.88
PLY-8229,21,Midfielder,1482,0.54,0.12,89.2,6.5,2.9,29.5,45.42
PLY-8230,18,Midfielder,2794,0.03,0.11,89.2,3.4,1.5,32.4,11.97
PLY-8231,31,Midfielder,1265,0.06,0.37,92.1,3.2,3.2,29.3,0.91
PLY-8232,33,Forward,2371,0.41,0.14,84.0,5.6,2.0,36.0,20.05
PLY-8233,25,Midfielder,1463,0.29,0.11,83.1,4.5,2.9,29.8,30.96
PLY-8234,24,Forward,1181,0.58,0.1,78.1,4.4,1.7,35.3,47.97
PLY-8235,20,Midfielder,1294,0.24,0.31,79.6,7.6,3.0,34.1,50.15
PLY-8236,34,Forward,1851,1.06,0.41,82.9,5.7,1.0,29.2,19.44
PLY-8237,18,Defender,2210,0.37,0.35,89.9,0.5,4.4,31.5,20.2
PLY-8238,33,Forward,1839,0.38,0.2,79.8,6.1,3.4,27.7,5.16
PLY-8239,29,Winger,3054,0.11,0.25,84.7,8.4,2.8,30.3,21.45
PLY-8240,31,Midfielder,998,0.14,0.06,81.5,6.9,2.4,29.1,11.7
PLY-8241,23,Defender,2546,0.13,0.01,83.2,2.6,6.6,31.8,21.9
PLY-8242,23,Defender,1314,0.28,0.48,89.6,5.1,5.6,28.4,39.17
PLY-8243,30,Defender,1303,0.56,0.19,86.1,4.7,5.4,32.2,39.78
PLY-8244,25,Defender,3146,0.09,0.25,72.6,2.6,5.2,31.2,32.51
PLY-8245,19,Midfielder,2314,0.2,0.07,89.4,6.4,3.1,32.4,34.53
PLY-8246,18,Midfielder,2572,0.39,0.34,89.7,4.0,4.2,32.7,26.56
PLY-8247,32,Midfielder,681,0.13,0.05,87.0,6.8,1.7,29.5,0.5
PLY-8248,18,Midfielder,1203,0.05,0.01,90.0,3.0,3.4,32.6,9.2
PLY-8249,22,Forward,2570,0.51,0.09,77.0,1.6,2.6,31.3,37.08
PLY-8250,33,Midfielder,2310,0.01,0.15,86.4,4.0,1.7,31.6,0.5
PLY-8251,21,Defender,2646,0.71,0.12,88.7,5.0,4.3,32.2,47.97
PLY-8252,20,Midfielder,1502,0.02,0.36,92.1,3.4,2.5,31.9,29.33
PLY-8253,34,Defender,964,0.14,0.02,85.3,0.5,3.4,29.8,0.5
PLY-8254,34,Defender,762,0.19,0.15,76.7,5.3,5.4,32.9,0.5
PLY-8255,29,Winger,3158,1.06,0.35,75.8,7.8,2.1,32.4,60.9
PLY-8256,31,Midfielder,2463,0.05,0.06,86.7,5.9,2.3,27.1,3.08
PLY-8257,23,Midfielder,715,0.03,0.31,87.1,3.7,3.8,30.5,32.95
PLY-8258,20,Midfielder,2984,0.01,0.25,85.4,3.6,2.4,31.0,13.99
PLY-8259,26,Midfielder,1480,0.04,0.24,81.2,7.4,4.1,31.5,48.94
PLY-8260,22,Defender,1439,0.06,0.38,84.6,1.3,3.8,31.9,22.04
PLY-8261,34,Forward,2794,0.6,0.23,82.7,4.0,0.9,27.9,0.5
PLY-8262,31,Defender,1946,0.06,0.05,83.7,4.8,4.1,29.9,5.8
PLY-8263,20,Midfielder,3090,0.01,0.22,89.6,5.7,0.2,30.8,8.6
PLY-8264,18,Defender,1636,0.44,0.07,80.4,4.8,5.5,33.9,37.05
PLY-8265,18,Defender,1542,0.11,0.05,79.1,2.7,3.2,29.3,4.95
PLY-8266,20,Midfielder,2324,0.11,0.01,92.6,6.8,1.5,31.5,15.53
PLY-8267,35,Midfielder,2934,0.09,0.25,81.5,4.5,3.1,28.5,0.5
PLY-8268,27,Midfielder,1737,0.93,0.22,83.2,1.2,2.3,35.6,54.81
PLY-8269,20,Forward,3127,0.4,0.05,89.4,4.9,1.7,34.3,41.07
PLY-8270,25,Midfielder,621,0.57,0.25,82.7,5.5,0.2,27.9,31.39
PLY-8271,31,Forward,2349,0.72,0.45,81.4,8.4,3.8,28.2,43.59
PLY-8272,35,Midfielder,1282,0.02,0.02,83.5,5.3,3.1,31.9,0.5
PLY-8273,32,Midfielder,2433,1.08,0.05,75.3,1.5,4.7,31.0,18.41
PLY-8274,19,Midfielder,2967,0.08,0.25,85.3,1.6,1.5,32.4,8.33
PLY-8275,27,Defender,725,0.03,0.06,75.9,7.0,2.7,31.9,31.75
PLY-8276,19,Forward,876,0.79,0.18,83.5,2.9,3.4,33.6,33.99
PLY-8277,34,Defender,2599,0.31,0.02,88.6,1.4,4.2,31.7,0.5
PLY-8278,25,Midfielder,1827,0.24,0.11,72.7,6.5,3.0,30.9,46.03
PLY-8279,18,Midfielder,2841,0.04,0.24,83.6,3.5,4.1,28.9,8.92
PLY-8280,26,Winger,1295,0.16,0.43,84.7,8.9,2.7,27.8,50.35
PLY-8281,28,Forward,1909,0.73,0.3,68.9,2.7,2.4,31.3,42.54
PLY-8282,33,Midfielder,656,0.09,0.38,94.0,7.4,2.5,26.0,9.96
PLY-8283,24,Midfielder,618,0.09,0.27,88.3,6.2,0.2,32.1,36.11
PLY-8284,27,Midfielder,2911,0.01,0.2,92.5,3.1,3.5,30.8,26.01
PLY-8285,20,Forward,712,0.4,0.01,78.6,1.2,3.6,35.8,27.3
PLY-8286,35,Forward,1141,0.87,0.14,79.3,9.1,2.8,30.8,16.71
PLY-8287,30,Winger,1178,0.15,0.23,81.0,6.6,0.4,31.4,22.45
PLY-8288,24,Midfielder,1688,1.04,0.3,95.0,3.0,2.1,27.9,57.96
PLY-8289,21,Midfielder,624,0.13,0.07,93.9,7.3,3.9,28.7,30.88
PLY-8290,30,Midfielder,2172,0.31,0.15,86.8,6.4,1.5,33.0,27.29
PLY-8291,18,Defender,2648,0.08,0.06,83.5,6.9,5.8,30.8,25.73
PLY-8292,25,Forward,2172,0.46,0.27,85.8,4.3,2.3,37.0,55.87
PLY-8293,31,Midfielder,740,0.05,0.39,95.0,8.3,3.1,29.8,16.72
PLY-8294,33,Midfielder,2367,0.11,0.09,88.3,1.9,1.7,30.4,0.5
PLY-8295,31,Winger,1247,0.2,0.58,82.3,5.9,2.3,27.1,19.31
PLY-8296,29,Midfielder,2835,1.2,0.06,84.0,5.3,2.7,33.6,56.21
PLY-8297,32,Midfielder,800,0.27,0.14,87.4,6.8,0.9,28.0,8.64
PLY-8298,19,Midfielder,856,0.06,0.35,82.5,5.8,2.5,32.7,30.08
PLY-8299,19,Defender,1146,0.01,0.07,85.0,4.3,1.2,33.3,24.6
PLY-8300,34,Midfielder,2841,0.03,0.55,77.4,3.5,1.5,30.2,0.5
PLY-8301,27,Midfielder,1401,0.21,0.02,84.4,6.8,2.9,35.4,46.76
PLY-8302,23,Defender,1541,0.36,0.01,86.4,6.0,5.7,30.2,46.06
PLY-8303,32,Defender,1013,0.71,0.42,84.2,2.8,5.0,33.7,41.78
PLY-8304,28,Midfielder,2614,0.01,0.01,83.2,2.7,0.5,28.7,0.5
PLY-8305,22,Winger,1981,0.18,0.8,80.6,5.9,3.4,33.3,53.64
PLY-8306,18,Midfielder,1698,0.16,0.54,92.2,3.2,0.8,31.2,12.22
PLY-8307,25,Midfielder,1509,0.27,0.03,78.7,6.6,2.9,29.9,36.1
PLY-8308,29,Forward,787,0.56,0.14,74.8,5.4,0.9,27.8,21.35
PLY-8309,29,Winger,2615,0.29,0.26,76.4,8.1,1.3,30.9,27.91
PLY-8310,22,Forward,1913,0.62,0.1,81.9,4.9,1.1,30.8,31.05
PLY-8311,24,Forward,2692,0.38,0.01,73.9,5.0,2.4,31.9,26.78
PLY-8312,21,Forward,2730,0.75,0.05,87.7,1.3,2.0,33.1,40.47
PLY-8313,23,Defender,1746,0.03,0.08,76.5,6.1,5.0,29.7,29.3
PLY-8314,30,Forward,957,0.65,0.1,83.3,3.4,2.2,35.4,27.88
PLY-8315,32,Forward,2151,0.48,0.68,78.5,4.4,0.4,28.8,14.42
PLY-8316,20,Forward,1689,0.53,0.3,81.6,3.6,2.5,32.8,37.77
PLY-8317,25,Forward,2280,0.93,0.24,72.4,4.8,0.2,31.7,52.1
PLY-8318,33,Midfielder,3022,0.55,0.14,92.0,5.6,1.1,29.6,13.73
PLY-8319,30,Defender,761,0.43,0.33,76.2,2.5,4.0,31.6,33.06
PLY-8320,35,Midfielder,2969,0.18,0.07,79.6,5.0,1.7,27.9,0.5
PLY-8321,27,Midfielder,1049,0.33,0.22,95.0,3.6,0.2,30.6,26.9
PLY-8322,34,Defender,2097,0.18,0.8,85.3,7.1,6.0,27.1,12.2
PLY-8323,22,Forward,1636,0.86,0.07,87.8,2.3,4.2,30.3,43.09
PLY-8324,26,Midfielder,2831,0.13,0.2,88.8,2.5,4.9,30.5,22.21
PLY-8325,29,Winger,2758,0.88,0.55,79.3,6.3,3.6,33.4,66.89
PLY-8326,18,Midfielder,2550,0.67,0.45,78.2,2.6,1.7,30.8,34.92
PLY-8327,18,Midfielder,3155,0.34,0.23,84.2,4.1,1.7,30.5,24.85
PLY-8328,32,Midfielder,1913,0.08,0.06,80.1,3.4,1.6,30.5,0.5
PLY-8329,19,Midfielder,2942,0.04,0.07,80.5,4.7,4.6,31.9,13.3
PLY-8330,33,Midfielder,1838,0.48,0.01,76.5,6.5,2.1,28.7,6.93
PLY-8331,25,Forward,1573,0.4,0.26,82.7,4.6,3.7,32.4,37.4
PLY-8332,30,Forward,1231,0.83,0.01,91.4,4.8,3.6,31.1,37.44
PLY-8333,18,Forward,2190,0.52,0.36,85.3,2.4,2.4,30.2,24.29
PLY-8334,33,Winger,1650,0.13,0.24,81.4,6.7,0.5,28.9,0.5
PLY-8335,24,Defender,2188,0.58,0.03,81.8,3.7,4.3,33.6,40.24
PLY-8336,22,Forward,2968,0.58,0.12,63.7,5.9,2.4,30.5,44.25
PLY-8337,20,Forward,2293,0.56,0.24,79.5,3.0,3.7,32.1,47.39
PLY-8338,29,Defender,1036,0.2,0.03,73.4,2.8,4.4,28.7,14.88
PLY-8339,33,Forward,2156,0.47,0.1,82.8,5.1,0.7,32.5,10.53
PLY-8340,22,Forward,1676,0.74,0.12,80.4,8.5,3.4,30.2,55.37
PLY-8341,31,Winger,1904,0.07,0.26,76.8,6.6,1.9,30.9,14.72
PLY-8342,22,Midfielder,2678,0.7,0.02,86.7,4.8,0.2,30.9,41.02
PLY-8343,32,Defender,2984,0.56,0.33,82.6,6.4,4.8,30.9,31.29
PLY-8344,34,Winger,782,0.1,0.35,91.1,8.0,2.8,31.0,3.03
PLY-8345,31,Midfielder,3191,0.33,0.01,90.1,5.5,1.2,29.7,9.95
PLY-8346,22,Forward,2069,0.56,0.29,83.3,4.3,2.0,27.4,32.18
PLY-8347,29,Forward,2079,0.45,0.71,76.3,4.3,3.0,33.9,52.1
PLY-8348,33,Defender,2189,1.12,0.17,75.6,3.0,4.8,29.7,29.86
PLY-8349,33,Winger,2187,0.01,0.35,85.6,8.0,0.3,30.8,6.89
PLY-8350,24,Defender,1259,0.07,0.38,80.8,5.4,5.9,33.0,53.25
PLY-8351,21,Forward,759,0.53,0.55,83.5,5.9,4.2,30.5,58.81
PLY-8352,18,Defender,3059,0.18,0.25,87.9,3.5,3.8,32.6,14.12
PLY-8353,22,Winger,1611,0.22,0.33,72.9,8.7,0.2,29.9,34.56
PLY-8354,27,Defender,652,0.35,0.16,90.4,6.8,5.3,32.4,47.74
PLY-8355,22,Winger,3055,0.24,0.44,87.8,4.6,1.4,31.5,42.42
PLY-8356,21,Defender,1645,0.23,0.04,69.7,3.9,5.0,30.6,32.84
PLY-8357,19,Defender,1653,0.01,0.11,95.0,6.9,7.0,31.6,32.18
PLY-8358,27,Midfielder,2907,0.12,0.32,87.9,3.2,0.3,29.2,17.37
PLY-8359,18,Midfielder,1828,0.07,0.19,83.1,5.6,1.2,32.2,24.8
PLY-8360,22,Forward,2094,0.43,0.1,85.1,4.5,2.0,32.4,41.34
PLY-8361,30,Defender,2089,0.2,0.2,76.1,5.2,6.0,32.3,28.14
PLY-8362,21,Midfielder,1635,0.06,0.02,89.3,4.6,6.5,34.8,31.68
PLY-8363,33,Winger,2550,0.09,0.31,77.2,8.5,2.5,29.8,1.25
PLY-8364,33,Winger,1449,0.07,0.5,94.1,5.0,0.2,29.9,0.5
PLY-8365,19,Defender,953,0.74,0.04,82.4,2.7,4.0,28.9,25.27
PLY-8366,34,Forward,1698,1.07,0.04,85.9,7.4,1.3,33.5,27.43
PLY-8367,29,Midfielder,2339,0.24,0.54,81.3,8.7,3.1,28.2,41.36
PLY-8368,35,Forward,2064,1.0,0.04,86.9,4.5,2.7,30.5,0.62
PLY-8369,20,Defender,1590,0.39,0.05,81.9,7.9,3.1,30.1,43.04
PLY-8370,18,Defender,1864,0.22,0.63,73.5,3.0,3.4,31.6,35.58
PLY-8371,18,Winger,2484,0.01,0.46,80.6,5.9,1.8,28.6,11.49
PLY-8372,28,Midfielder,2409,0.37,0.22,95.0,7.4,1.9,33.5,41.66
PLY-8373,22,Winger,2941,0.3,0.57,87.2,8.6,2.1,29.4,42.5
PLY-8374,29,Winger,2856,0.24,0.24,79.7,10.2,2.3,34.1,47.64
PLY-8375,20,Midfielder,1711,0.36,0.22,74.8,5.4,3.7,29.5,34.04
PLY-8376,18,Winger,1417,0.18,0.35,77.0,5.0,1.7,33.6,29.19
PLY-8377,18,Midfielder,2399,0.3,0.32,77.6,4.9,1.5,29.7,20.01
PLY-8378,25,Midfielder,2560,0.68,0.13,74.9,6.9,0.6,30.1,47.12
PLY-8379,27,Defender,3037,0.12,0.17,86.7,4.2,4.1,31.5,29.7
PLY-8380,28,Midfielder,2972,0.31,0.12,86.4,3.9,2.5,29.6,26.2
PLY-8381,29,Defender,1488,0.16,0.12,92.8,5.5,2.3,29.6,10.74
PLY-8382,30,Defender,2455,0.28,0.26,76.0,3.4,4.0,29.7,23.47
PLY-8383,29,Midfielder,1780,0.36,0.18,86.0,5.1,3.6,32.2,39.86
PLY-8384,31,Midfielder,1267,0.01,0.18,77.6,4.6,3.0,30.0,6.26
PLY-8385,19,Midfielder,1232,0.26,0.11,82.4,3.5,2.6,31.6,15.21
PLY-8386,35,Midfielder,2242,0.06,0.14,84.7,6.5,2.9,29.3,0.5
PLY-8387,20,Midfielder,736,0.28,0.25,83.8,5.8,1.5,32.7,41.18
PLY-8388,34,Midfielder,2546,0.16,0.31,86.3,3.8,1.4,32.3,0.5
PLY-8389,25,Forward,2297,0.72,0.21,87.8,4.5,3.7,32.8,59.98
PLY-8390,27,Midfielder,1027,0.03,0.46,91.2,4.0,3.2,31.0,29.25
PLY-8391,19,Forward,2075,0.6,0.31,77.4,3.2,1.3,28.8,28.98
PLY-8392,26,Defender,1418,0.08,0.15,81.8,1.1,2.1,27.2,3.25
PLY-8393,24,Defender,2788,0.48,0.2,86.8,3.5,3.5,31.4,44.17
PLY-8394,21,Midfielder,1706,0.66,0.47,92.2,3.3,2.9,27.1,43.24
PLY-8395,35,Midfielder,2824,1.2,0.17,82.0,4.7,1.4,29.6,1.37
PLY-8396,30,Winger,797,0.4,0.53,86.2,7.9,2.6,34.6,49.79
PLY-8397,28,Defender,2595,0.35,0.21,84.0,2.9,6.1,29.0,33.05
PLY-8398,21,Winger,3048,0.06,0.36,75.6,7.7,2.1,28.7,31.62
PLY-8399,21,Defender,1070,0.1,0.05,86.8,2.6,4.7,32.9,11.4
PLY-8400,27,Forward,2865,0.51,0.1,82.9,4.2,3.0,25.3,26.71
PLY-8401,22,Forward,2548,0.72,0.62,71.6,3.3,0.9,32.3,62.73
PLY-8402,26,Midfielder,1528,0.62,0.19,84.2,6.0,1.3,34.7,53.19
PLY-8403,20,Forward,2610,0.4,0.15,82.2,4.7,3.1,29.6,38.21
PLY-8404,34,Midfielder,1505,0.64,0.49,82.4,4.3,2.2,27.7,0.5
PLY-8405,20,Midfielder,2822,0.3,0.16,93.4,3.2,2.3,32.8,21.38
PLY-8406,33,Midfielder,622,0.24,0.13,93.6,3.8,2.2,27.4,0.5
PLY-8407,21,Defender,834,0.06,0.26,79.7,8.2,5.6,33.3,43.82
PLY-8408,35,Defender,1724,0.01,0.22,79.0,3.5,4.9,27.6,0.5
PLY-8409,34,Midfielder,1528,0.21,0.04,85.2,5.5,2.7,33.9,0.5
PLY-8410,24,Defender,1122,0.26,0.11,80.8,4.3,5.9,33.0,50.18
PLY-8411,22,Midfielder,2408,0.06,0.12,82.4,5.4,4.1,31.6,29.45
PLY-8412,29,Winger,1030,0.2,0.31,60.0,8.7,4.9,35.3,51.13
PLY-8413,34,Forward,1392,0.84,0.13,92.5,3.8,1.5,32.3,9.93
PLY-8414,30,Winger,2229,0.45,0.32,82.0,8.4,5.2,32.3,53.75
PLY-8415,20,Defender,2336,0.66,0.04,80.9,10.0,3.1,27.4,57.82
PLY-8416,26,Midfielder,1132,0.11,0.1,88.0,5.6,4.5,30.0,30.3
PLY-8417,34,Forward,2346,0.45,0.01,81.5,7.7,1.4,32.4,0.76
PLY-8418,34,Midfielder,2275,0.35,0.15,83.4,5.5,2.1,27.1,0.5
PLY-8419,33,Forward,1916,0.49,0.35,76.0,2.6,2.2,28.3,9.32
PLY-8420,30,Forward,1512,0.37,0.23,71.0,5.1,1.2,29.3,21.76
PLY-8421,34,Defender,1724,0.08,0.08,73.9,3.8,4.5,30.9,0.5
PLY-8422,21,Midfielder,2125,0.14,0.02,79.3,3.3,1.2,33.6,23.57
PLY-8423,29,Defender,1927,0.09,0.04,85.9,4.4,2.9,33.6,19.51
PLY-8424,26,Winger,3187,0.1,0.36,86.3,6.7,2.2,29.6,37.57
PLY-8425,29,Midfielder,1623,0.09,0.04,80.7,2.4,4.1,32.4,10.3
PLY-8426,26,Midfielder,2176,0.01,0.14,70.0,9.9,1.9,29.5,35.12
PLY-8427,24,Forward,1978,0.6,0.05,82.1,6.1,3.3,31.0,45.42
PLY-8428,31,Defender,2119,0.23,0.34,79.5,5.0,3.4,31.1,27.07
PLY-8429,32,Midfielder,2281,0.26,0.09,83.3,4.7,0.7,32.3,5.94
PLY-8430,33,Winger,2597,0.05,0.27,87.7,9.4,2.7,25.3,8.95
PLY-8431,22,Defender,826,0.09,0.3,82.8,8.7,6.5,31.7,64.23
PLY-8432,20,Midfielder,1859,0.24,0.08,80.1,5.9,2.5,34.6,28.34
PLY-8433,29,Forward,1472,0.58,0.02,74.8,4.7,3.2,32.0,39.52
PLY-8434,21,Winger,1491,0.18,0.37,80.4,9.9,4.0,31.7,47.45
PLY-8435,33,Defender,2078,0.11,0.16,76.6,4.8,4.4,28.8,0.5
PLY-8436,24,Forward,1636,0.96,0.23,81.6,5.4,2.0,34.5,70.3
PLY-8437,30,Midfielder,2857,0.1,0.05,92.2,6.5,2.8,30.4,9.23
PLY-8438,27,Defender,996,0.15,0.11,73.7,3.7,5.2,31.3,24.84
PLY-8439,24,Forward,1723,0.63,0.06,82.5,0.5,0.5,30.5,28.85
PLY-8440,31,Winger,2678,0.2,0.24,87.5,6.1,2.6,30.2,16.91
PLY-8441,22,Midfielder,1248,0.11,0.38,85.5,6.0,2.2,34.6,38.34
PLY-8442,20,Forward,928,0.49,0.23,86.3,5.9,1.3,29.5,32.79
PLY-8443,28,Defender,2082,0.4,0.06,80.3,7.2,4.3,31.7,35.54
PLY-8444,28,Midfielder,1551,0.08,0.16,87.0,3.7,0.8,32.4,11.35
PLY-8445,35,Midfielder,2605,0.04,0.04,88.6,7.7,0.4,28.2,0.5
PLY-8446,32,Forward,2616,0.44,0.4,78.6,4.9,2.3,29.9,21.64
PLY-8447,29,Forward,2478,0.82,0.02,93.9,5.7,3.3,35.6,58.44
PLY-8448,26,Defender,1796,0.02,0.01,85.5,6.3,4.0,27.6,32.16
PLY-8449,27,Midfielder,2372,1.2,0.13,93.8,1.7,1.0,30.6,51.84
PLY-8450,29,Midfielder,761,0.19,0.16,92.4,2.5,1.2,32.1,14.52
PLY-8451,34,Defender,2351,1.05,0.16,84.0,2.4,5.1,29.2,14.67
PLY-8452,23,Defender,1375,0.7,0.01,90.3,6.6,6.4,37.0,73.25
PLY-8453,24,Forward,2427,0.5,0.07,83.1,3.9,3.1,32.7,34.71
PLY-8454,31,Midfielder,2921,0.06,0.12,81.6,8.6,3.8,27.7,23.47
PLY-8455,30,Winger,1651,0.05,0.26,82.1,7.0,0.9,26.4,0.5
PLY-8456,25,Defender,2973,0.07,0.37,76.0,1.6,4.3,32.2,34.67
PLY-8457,27,Midfielder,1539,0.31,0.02,73.4,3.2,3.4,29.8,24.26
PLY-8458,26,Midfielder,1139,0.08,0.12,80.9,4.7,0.5,34.3,22.33
PLY-8459,35,Midfielder,3135,0.1,0.21,86.4,5.5,1.4,29.4,0.5
PLY-8460,19,Defender,1421,0.15,0.05,88.4,2.5,5.5,30.2,14.02
PLY-8461,22,Winger,2061,0.61,0.4,76.9,8.1,2.5,30.2,57.42
PLY-8462,22,Defender,1688,0.05,0.32,88.1,6.2,3.2,33.7,33.94
PLY-8463,23,Defender,955,0.01,0.04,74.7,3.2,2.4,32.4,12.93
PLY-8464,25,Defender,834,0.02,0.45,76.5,8.4,6.0,35.4,57.05
PLY-8465,33,Forward,2874,0.94,0.15,90.7,3.4,0.2,29.5,8.65
PLY-8466,30,Midfielder,2148,0.26,0.06,86.3,2.5,3.0,33.4,8.47
PLY-8467,18,Forward,2696,0.43,0.1,81.0,1.4,1.6,33.4,15.34
PLY-8468,34,Forward,717,0.4,0.07,83.4,6.9,3.5,31.5,0.5
PLY-8469,24,Winger,2701,0.09,0.45,74.8,7.0,0.9,30.4,41.12
PLY-8470,30,Midfielder,2273,0.03,0.29,84.0,3.5,5.3,32.5,24.56
PLY-8471,21,Midfielder,1667,0.71,0.32,86.0,1.6,2.7,31.3,43.11
PLY-8472,21,Forward,2700,0.73,0.77,89.4,3.7,2.9,31.2,60.08
PLY-8473,23,Midfielder,1157,0.16,0.28,76.0,9.3,1.3,29.7,41.3
PLY-8474,29,Forward,2415,0.85,0.17,92.6,0.5,2.0,26.8,29.82
PLY-8475,24,Forward,2605,0.42,0.07,81.3,3.2,2.1,34.2,37.48
PLY-8476,27,Defender,997,0.32,0.14,75.3,8.1,6.6,32.4,66.54
PLY-8477,24,Midfielder,1274,0.48,0.01,78.3,7.0,2.7,28.5,36.23
PLY-8478,20,Defender,986,0.11,0.25,83.6,3.4,5.1,33.1,31.01
PLY-8479,30,Forward,2758,0.7,0.11,73.9,4.9,2.8,34.3,47.13
PLY-8480,30,Forward,2664,0.44,0.01,78.6,5.4,3.0,33.2,25.04
PLY-8481,35,Midfielder,1483,0.09,0.01,84.5,4.8,0.5,28.0,0.5
PLY-8482,25,Midfielder,1140,0.03,0.09,92.9,8.1,4.7,29.9,41.12
PLY-8483,26,Defender,770,0.14,0.16,88.1,5.2,3.3,30.3,32.82
PLY-8484,24,Midfielder,3056,0.33,0.11,82.1,6.8,2.2,33.4,49.38
PLY-8485,18,Midfielder,1339,0.7,0.17,84.7,4.9,4.0,32.6,46.71
PLY-8486,20,Defender,2001,0.23,0.12,72.4,0.5,6.7,37.0,29.72
PLY-8487,30,Forward,2877,0.85,0.2,69.8,2.1,3.2,27.9,35.08
PLY-8488,34,Midfielder,718,0.43,0.04,78.6,2.5,1.6,29.9,0.5
PLY-8489,18,Defender,3112,0.05,0.02,88.7,4.0,4.6,27.3,8.58
PLY-8490,23,Defender,2751,0.17,0.16,86.7,8.7,4.6,32.8,57.32
PLY-8491,23,Midfielder,2595,0.03,0.12,88.3,5.2,2.4,33.8,28.01
PLY-8492,29,Winger,2305,0.29,0.22,73.3,6.8,0.7,34.7,28.77
PLY-8493,30,Defender,2322,0.75,0.09,77.7,7.0,5.9,31.9,48.76
PLY-8494,30,Midfielder,2822,0.04,0.02,80.9,1.6,2.4,27.3,0.5
PLY-8495,32,Defender,2297,0.33,0.14,81.0,3.5,3.5,29.9,2.59
PLY-8496,33,Midfielder,2044,0.25,0.09,84.6,3.2,1.6,31.0,0.5
PLY-8497,28,Midfielder,2359,0.22,0.17,80.0,5.3,2.5,29.3,35.14
PLY-8498,22,Midfielder,2124,0.12,0.29,88.1,6.3,0.5,30.9,25.61
PLY-8499,21,Midfielder,1264,0.11,0.06,87.4,5.4,3.3,28.7,13.07
PLY-8500,20,Defender,632,0.01,0.59,77.6,5.5,4.7,30.2,34.91
PLY-8501,35,Midfielder,2702,0.06,0.14,87.8,3.8,4.1,32.0,0.5
PLY-8502,32,Defender,3166,0.01,0.17,88.7,5.1,4.5,31.5,1.42
PLY-8503,26,Defender,2659,0.22,0.21,90.6,2.8,3.1,28.4,29.76
PLY-8504,34,Forward,2151,0.38,0.2,84.9,5.8,0.8,28.4,0.5
PLY-8505,31,Defender,1319,0.52,0.13,84.8,3.5,3.9,30.1,18.44
PLY-8506,32,Midfielder,3020,0.19,0.1,84.6,2.3,1.9,30.5,0.5
PLY-8507,18,Midfielder,1083,0.3,0.01,92.2,4.6,1.5,30.0,12.08
PLY-8508,20,Defender,1572,0.13,0.01,75.6,0.7,4.6,32.5,14.88
PLY-8509,33,Forward,906,0.56,0.08,87.5,7.4,1.5,29.9,25.57
PLY-8510,28,Midfielder,1056,0.71,0.07,84.3,6.1,2.5,25.8,37.76
PLY-8511,29,Forward,2807,0.37,0.09,90.9,5.2,1.6,30.2,29.96
PLY-8512,27,Forward,930,0.42,0.03,85.5,1.3,3.0,30.2,22.85
PLY-8513,33,Midfielder,824,0.38,0.24,85.6,3.1,1.8,31.5,0.5
PLY-8514,25,Midfielder,2079,0.03,0.35,84.6,4.6,3.7,33.0,34.03
PLY-8515,23,Winger,1682,0.02,0.72,85.2,6.5,3.0,27.8,42.48
PLY-8516,29,Midfielder,1243,0.11,0.12,88.9,1.1,2.4,32.5,12.04
PLY-8517,25,Midfielder,1215,0.02,0.22,83.6,1.9,2.0,31.3,19.22
PLY-8518,21,Midfielder,794,0.22,0.35,86.6,3.9,0.4,31.8,33.52
PLY-8519,25,Forward,1088,0.41,0.1,87.4,1.9,3.9,30.1,23.16
PLY-8520,35,Winger,2804,0.57,0.29,73.8,9.7,1.4,29.9,6.65
PLY-8521,22,Defender,1849,0.38,0.5,86.4,5.5,4.5,34.0,64.44
PLY-8522,26,Defender,3059,0.3,0.13,85.1,2.9,4.8,31.7,29.03
PLY-8523,21,Forward,1702,0.59,0.12,89.1,6.8,2.0,31.4,53.48
PLY-8524,34,Midfielder,1747,0.5,0.04,81.7,6.4,3.8,28.9,4.94
PLY-8525,26,Midfielder,3118,0.06,0.02,86.0,5.1,0.7,33.8,19.17
PLY-8526,18,Defender,1841,0.52,0.33,83.2,4.4,6.5,28.7,36.68
PLY-8527,30,Forward,1115,0.74,0.17,86.4,3.9,3.0,29.7,32.68
PLY-8528,33,Midfielder,2225,0.34,0.07,88.6,3.4,1.9,27.1,0.5
PLY-8529,30,Winger,1727,0.21,0.26,74.6,4.3,1.9,31.9,11.0
PLY-8530,31,Midfielder,992,0.07,0.15,87.7,7.6,0.2,32.6,12.23
PLY-8531,20,Midfielder,1230,0.14,0.16,95.0,3.5,1.2,30.8,15.96
PLY-8532,23,Forward,2447,0.74,0.04,85.7,4.6,1.8,29.1,34.66
PLY-8533,35,Winger,1579,0.01,0.56,91.8,5.2,2.4,33.6,0.5
PLY-8534,22,Forward,1033,0.73,0.02,88.3,4.0,3.7,32.5,44.32
PLY-8535,32,Defender,3187,0.07,0.08,90.2,10.2,6.8,30.6,17.73
PLY-8536,19,Defender,877,0.04,0.21,83.9,3.0,4.7,31.1,18.01
PLY-8537,27,Forward,832,0.38,0.06,85.1,7.4,2.4,33.0,49.19
PLY-8538,35,Defender,2152,0.01,0.32,83.5,4.4,3.8,30.6,0.5
PLY-8539,30,Forward,2194,0.54,0.24,82.0,5.9,0.2,30.4,32.53
PLY-8540,22,Midfielder,1713,0.06,0.28,90.5,7.0,1.5,30.8,38.9
PLY-8541,18,Defender,3009,1.14,0.02,78.9,5.0,4.2,29.3,46.91
PLY-8542,18,Winger,625,0.21,0.25,93.3,6.3,3.4,29.0,24.6
PLY-8543,35,Defender,2017,0.04,0.06,76.4,4.1,5.0,29.3,0.5
PLY-8544,32,Midfielder,3154,0.29,0.13,90.9,4.2,2.5,32.5,1.93
PLY-8545,34,Forward,2914,0.92,0.25,90.3,8.2,1.5,27.7,14.82
PLY-8546,28,Forward,1060,0.69,0.33,80.9,1.5,0.2,33.3,37.97
PLY-8547,34,Forward,3103,0.37,0.22,75.3,1.0,0.2,28.2,0.5
PLY-8548,30,Forward,1691,0.92,0.48,88.9,1.1,0.2,27.6,31.29
PLY-8549,18,Midfielder,1606,0.39,0.24,87.2,2.7,1.8,32.7,11.12
PLY-8550,19,Midfielder,2594,0.04,0.07,90.9,5.9,3.4,35.1,18.53
PLY-8551,26,Midfielder,1090,0.01,0.06,85.3,6.0,3.4,29.6,17.69
PLY-8552,20,Forward,1672,0.55,0.21,92.4,3.3,3.2,28.0,31.49
PLY-8553,18,Midfielder,815,0.04,0.04,73.3,4.4,1.6,32.5,1.09
PLY-8554,33,Defender,2323,0.45,0.02,84.3,2.3,5.8,28.0,0.5
PLY-8555,23,Midfielder,2192,0.11,0.14,94.1,2.5,1.1,32.7,25.73
PLY-8556,34,Winger,758,0.61,0.53,82.6,8.2,3.2,32.5,34.32
PLY-8557,22,Winger,3136,0.21,0.24,83.8,9.1,0.2,32.2,52.06
PLY-8558,22,Forward,1285,0.4,0.28,79.4,3.5,0.8,33.3,34.46
PLY-8559,23,Defender,2376,0.04,0.3,82.1,7.8,6.4,33.3,43.8
PLY-8560,20,Midfielder,2652,0.21,0.12,76.0,6.4,2.0,33.7,31.13
PLY-8561,22,Midfielder,2443,0.36,0.01,81.7,7.7,1.4,31.6,46.25
PLY-8562,22,Midfielder,3008,0.38,0.03,81.3,3.9,3.5,33.2,35.54
PLY-8563,27,Midfielder,3106,0.08,0.22,90.0,7.5,3.7,31.9,38.95
PLY-8564,27,Midfielder,2895,0.06,0.22,82.6,8.9,1.7,32.4,36.96
PLY-8565,34,Midfielder,2189,0.01,0.41,82.7,3.7,2.5,36.7,2.41
PLY-8566,31,Defender,2296,0.28,0.16,79.7,4.2,4.6,30.5,10.22
PLY-8567,26,Defender,3069,0.02,0.02,77.5,2.6,1.0,28.2,6.81
PLY-8568,31,Midfielder,2546,0.14,0.02,87.6,2.2,0.5,29.6,0.5
PLY-8569,18,Defender,2662,0.23,0.23,84.3,2.2,5.5,30.8,26.29
PLY-8570,30,Forward,1745,1.04,0.04,87.0,2.9,1.2,30.9,31.03
PLY-8571,30,Forward,2924,0.44,0.07,85.9,5.0,2.8,33.6,33.83
PLY-8572,21,Defender,2181,0.07,0.12,85.3,3.0,4.7,34.0,24.44
PLY-8573,18,Midfielder,3100,0.27,0.01,84.0,5.0,3.7,31.3,26.13
PLY-8574,34,Forward,3093,0.59,0.05,79.6,5.0,0.6,26.9,0.5
PLY-8575,25,Forward,2857,0.45,0.09,76.8,3.6,2.7,31.7,33.08
PLY-8576,19,Forward,2949,1.01,0.06,76.7,4.4,2.1,30.3,47.69
PLY-8577,25,Winger,2532,0.47,0.25,83.2,5.9,1.3,32.0,52.9
PLY-8578,24,Midfielder,2357,0.06,0.23,81.7,3.9,1.2,31.2,23.42
PLY-8579,19,Winger,2650,0.07,0.52,90.8,5.4,2.5,34.2,36.78
PLY-8580,20,Midfielder,1589,0.18,0.05,85.8,4.7,3.0,32.1,28.17
PLY-8581,35,Midfielder,2141,0.37,0.27,95.0,3.3,2.3,28.8,0.5
PLY-8582,29,Midfielder,1716,0.01,0.09,89.4,2.2,2.3,28.5,0.5
PLY-8583,18,Defender,3167,0.3,0.13,77.3,5.7,3.8,31.4,25.63
PLY-8584,29,Forward,1092,0.61,0.35,81.6,5.8,1.7,31.4,37.08
PLY-8585,22,Winger,1219,0.07,0.47,72.0,9.2,1.2,30.9,45.93
PLY-8586,34,Defender,2978,0.29,0.29,83.1,2.5,3.8,31.7,0.5
PLY-8587,33,Midfielder,2980,0.7,0.03,81.9,3.5,2.9,27.0,0.5
PLY-8588,32,Winger,2697,0.01,0.23,75.3,7.5,3.0,28.3,0.5
PLY-8589,32,Defender,2146,0.1,0.4,91.1,3.5,2.9,30.1,2.66
PLY-8590,22,Defender,1462,0.14,0.09,88.2,5.6,3.3,30.3,35.78
PLY-8591,31,Forward,2291,0.92,0.06,88.0,5.5,1.3,29.2,28.55
PLY-8592,19,Midfielder,2205,0.82,0.23,90.7,5.5,2.1,31.4,54.67
PLY-8593,28,Midfielder,2919,0.15,0.33,78.6,7.4,0.2,33.0,41.0
PLY-8594,24,Forward,1179,0.7,0.36,79.6,5.8,1.1,31.3,66.77
PLY-8595,23,Forward,2490,0.54,0.07,80.0,4.8,0.5,27.2,33.58
PLY-8596,19,Defender,1875,0.19,0.34,71.7,4.1,4.9,30.2,26.87
PLY-8597,23,Forward,2455,0.43,0.01,78.7,4.3,2.2,32.6,29.76
PLY-8598,35,Midfielder,3093,0.06,0.01,82.7,2.4,1.6,31.7,0.5
PLY-8599,19,Winger,1955,0.08,0.4,82.8,3.5,0.9,33.3,19.45
PLY-8600,35,Winger,1762,0.2,0.23,95.0,7.9,1.7,32.4,0.5
PLY-8601,32,Midfielder,956,0.01,0.07,85.9,6.9,1.5,30.3,10.66
PLY-8602,19,Winger,2224,0.59,0.42,82.8,6.3,4.2,32.1,51.21
PLY-8603,23,Forward,2921,0.39,0.07,80.5,7.7,3.4,29.3,36.29
PLY-8604,18,Forward,2606,0.41,0.04,86.4,4.1,1.4,26.7,12.45
PLY-8605,32,Defender,2958,0.18,0.06,75.6,0.6,4.6,26.9,0.5
PLY-8606,27,Midfielder,1469,0.31,0.11,95.0,6.3,3.3,30.0,34.02
PLY-8607,34,Midfielder,1485,0.03,0.12,85.3,3.5,1.4,27.0,0.5
PLY-8608,22,Midfielder,2601,0.1,0.28,83.6,6.5,0.5,30.9,22.64
PLY-8609,21,Forward,2801,1.2,0.25,87.8,1.9,0.2,30.5,57.83
PLY-8610,27,Forward,2013,0.43,0.11,76.7,5.3,3.7,33.6,43.13
PLY-8611,34,Midfielder,1883,0.09,0.34,90.3,2.9,2.0,27.9,0.5
PLY-8612,27,Defender,1219,0.45,0.02,90.4,4.9,4.7,31.8,52.52
PLY-8613,34,Defender,1482,0.01,0.05,80.6,6.0,3.7,29.1,0.5
PLY-8614,22,Midfielder,1396,0.16,0.32,95.0,5.6,0.7,29.3,28.37
PLY-8615,19,Midfielder,2772,0.12,0.09,89.9,4.6,0.9,29.9,9.95
PLY-8616,23,Forward,1896,0.45,0.72,85.9,1.7,0.6,27.0,35.92
PLY-8617,19,Forward,1218,0.43,0.11,90.2,6.0,3.2,33.1,35.42
PLY-8618,30,Defender,2434,0.02,0.28,91.8,6.6,6.2,34.6,39.8
PLY-8619,28,Midfielder,844,0.09,0.09,87.6,2.4,2.2,30.9,12.34
PLY-8620,28,Forward,3097,0.36,0.1,86.8,2.7,0.4,31.6,25.31
PLY-8621,33,Defender,1529,0.38,0.09,90.4,6.6,5.0,29.3,10.0
PLY-8622,28,Defender,1870,0.13,0.23,75.0,4.1,5.9,29.7,31.83
PLY-8623,32,Defender,1119,0.15,0.14,71.6,2.8,5.6,31.6,9.72
PLY-8624,33,Forward,3009,0.91,0.52,81.7,5.0,2.2,30.7,38.46
PLY-8625,28,Forward,607,0.62,0.05,71.5,3.2,1.9,25.1,23.42
PLY-8626,33,Forward,3125,0.35,0.02,80.1,4.8,2.2,27.7,0.5
PLY-8627,25,Forward,2619,1.07,0.09,83.9,3.7,3.7,27.0,52.23
PLY-8628,21,Defender,1094,0.07,0.17,80.3,3.8,5.3,34.9,34.1
PLY-8629,25,Defender,2229,0.03,0.35,81.2,6.7,3.9,31.1,37.7
PLY-8630,21,Defender,1662,0.37,0.08,76.0,0.5,3.9,32.0,20.2
PLY-8631,20,Defender,786,0.17,0.19,86.7,5.6,3.8,30.7,31.15
PLY-8632,20,Midfielder,2477,0.14,0.08,79.6,6.4,0.9,33.9,24.08
PLY-8633,35,Defender,2740,0.07,0.17,69.4,3.3,6.0,31.9,0.5
PLY-8634,22,Midfielder,685,0.2,0.39,84.8,6.4,1.3,31.0,31.36
PLY-8635,35,Midfielder,736,0.08,0.05,91.5,2.6,2.8,33.8,0.5
PLY-8636,27,Midfielder,3068,0.58,0.09,86.5,3.2,1.4,31.9,36.67
PLY-8637,23,Forward,2721,0.41,0.8,75.0,2.9,1.6,28.3,41.7
PLY-8638,18,Midfielder,2236,0.54,0.37,86.6,6.4,2.1,31.7,44.66
PLY-8639,22,Winger,2818,0.2,0.37,84.6,3.5,2.9,32.6,31.14
PLY-8640,26,Forward,2351,0.79,0.13,82.5,7.8,1.9,31.2,61.92
PLY-8641,29,Forward,2817,0.66,0.06,80.4,3.9,0.8,30.6,28.78
PLY-8642,31,Midfielder,2387,0.3,0.13,88.9,5.7,2.2,33.9,17.66
PLY-8643,19,Defender,1471,0.1,0.34,71.6,5.6,3.5,28.9,21.23
PLY-8644,34,Midfielder,2969,0.07,0.21,80.6,4.8,4.1,25.0,0.5
PLY-8645,31,Defender,3103,0.06,0.06,74.2,3.3,4.1,33.6,8.05
PLY-8646,30,Forward,1543,0.84,0.04,90.1,7.0,1.4,28.8,40.21
PLY-8647,26,Defender,2226,0.43,0.06,86.3,3.5,6.8,30.9,39.04
PLY-8648,32,Midfielder,948,0.15,0.03,87.1,3.0,3.1,29.2,0.5
PLY-8649,32,Defender,2276,0.04,0.02,73.3,6.3,3.3,32.7,5.41
PLY-8650,28,Defender,1796,0.12,0.1,86.5,4.8,3.5,34.7,22.06
PLY-8651,33,Forward,609,0.59,0.02,90.3,7.2,2.8,27.2,8.47
PLY-8652,34,Forward,2061,0.5,0.03,85.4,4.4,2.3,33.0,5.14
PLY-8653,21,Forward,1266,0.73,0.14,81.8,3.2,3.3,34.4,46.24
PLY-8654,18,Midfielder,3193,1.2,0.03,89.8,5.0,1.4,31.5,47.17
PLY-8655,25,Midfielder,2122,0.05,0.01,87.6,3.6,3.0,33.6,30.67
PLY-8656,34,Defender,2776,0.15,0.07,87.6,3.3,1.7,32.3,0.5
PLY-8657,20,Midfielder,1200,0.14,0.04,91.4,6.2,2.0,30.9,24.47
PLY-8658,32,Midfielder,926,0.09,0.13,84.7,8.2,1.5,29.7,6.01
PLY-8659,32,Forward,1579,0.41,0.02,78.0,4.0,1.7,31.3,0.5
PLY-8660,31,Forward,3051,0.37,0.25,79.6,2.6,2.1,26.4,5.65
PLY-8661,31,Winger,1228,0.55,0.65,85.2,6.7,3.6,29.2,33.93
PLY-8662,19,Forward,2229,0.49,0.24,80.0,5.5,0.8,28.9,18.79
PLY-8663,30,Defender,873,0.17,0.14,77.5,5.0,1.8,34.6,26.17
PLY-8664,31,Defender,1284,0.62,0.35,82.0,6.9,3.2,29.2,37.37
PLY-8665,24,Defender,715,0.37,0.21,88.6,5.8,5.6,32.1,56.14
PLY-8666,20,Winger,1460,0.03,0.22,82.8,4.8,0.2,31.0,13.23
PLY-8667,32,Midfielder,2603,0.21,0.09,84.3,3.5,1.5,29.4,0.5
PLY-8668,31,Winger,1292,0.15,0.56,83.9,4.2,3.2,30.5,15.74
PLY-8669,28,Forward,1705,0.75,0.08,82.5,6.8,2.1,29.9,45.19
PLY-8670,32,Forward,2971,0.67,0.01,70.4,0.5,3.6,29.6,7.85
PLY-8671,30,Defender,2761,0.29,0.25,86.2,1.9,2.0,31.0,11.33
PLY-8672,35,Winger,2392,0.1,0.51,84.4,6.0,1.8,29.1,0.5
PLY-8673,23,Defender,753,0.41,0.03,82.1,5.6,6.0,32.4,42.06
PLY-8674,20,Forward,2500,0.36,0.14,88.4,3.5,0.8,30.5,24.4
PLY-8675,32,Midfielder,2027,0.04,0.04,93.3,3.8,3.4,33.5,4.16
PLY-8676,22,Winger,1889,0.1,0.45,86.8,6.3,1.9,32.9,38.21
PLY-8677,27,Midfielder,914,0.02,0.06,80.9,4.8,2.7,28.5,19.65
PLY-8678,24,Defender,1664,0.07,0.07,77.1,2.1,5.9,32.7,22.87
PLY-8679,34,Defender,704,0.44,0.34,88.7,2.6,4.9,28.5,0.5
PLY-8680,24,Midfielder,2524,0.74,0.12,74.7,7.9,1.5,31.8,60.58
PLY-8681,29,Midfielder,2513,0.09,0.2,85.1,5.3,2.9,29.9,20.82
PLY-8682,34,Midfielder,1816,0.08,0.09,88.6,6.0,1.4,25.2,0.5
PLY-8683,30,Forward,2024,0.43,0.06,71.5,4.6,2.5,31.5,24.56
PLY-8684,21,Winger,3001,0.08,0.4,83.4,6.7,0.7,28.3,25.54
PLY-8685,27,Midfielder,2372,0.01,0.03,91.7,5.4,2.2,32.4,20.98
PLY-8686,20,Winger,2560,0.65,0.3,73.1,8.5,3.6,31.9,53.28
PLY-8687,26,Forward,2203,0.41,0.04,91.9,6.2,1.8,30.2,33.49
PLY-8688,30,Winger,1308,0.14,0.43,75.9,6.7,3.5,35.5,35.16
PLY-8689,35,Midfielder,1250,0.01,0.52,89.4,6.4,5.9,27.3,0.5
PLY-8690,32,Forward,1546,0.84,0.8,81.5,0.5,2.2,28.6,27.06
PLY-8691,21,Forward,1260,0.68,0.11,82.4,6.3,2.9,29.0,43.62
PLY-8692,32,Defender,2746,0.73,0.05,74.3,3.6,5.0,34.5,26.8
PLY-8693,19,Defender,2929,0.38,0.11,89.6,5.6,4.7,34.5,48.65
PLY-8694,32,Defender,3050,0.09,0.34,84.0,3.2,5.3,26.9,0.5
PLY-8695,25,Forward,1732,0.42,0.04,91.7,1.8,1.9,29.7,21.59
PLY-8696,25,Forward,1299,0.65,0.55,74.5,5.2,1.4,29.8,46.73
PLY-8697,34,Midfielder,2846,0.11,0.08,84.9,1.5,0.4,28.8,0.5
PLY-8698,29,Midfielder,2638,0.21,0.77,87.3,3.7,1.8,29.2,24.89
PLY-8699,27,Midfielder,2974,0.01,0.33,86.4,2.9,3.3,30.2,30.68
PLY-8700,26,Winger,2801,0.02,0.52,86.0,6.6,1.1,33.7,37.64
PLY-8701,22,Winger,1151,0.19,0.29,80.8,8.6,2.5,35.8,55.32
PLY-8702,23,Winger,1004,0.21,0.22,94.7,6.0,2.1,28.1,34.23
PLY-8703,19,Defender,1061,0.35,0.09,82.2,5.1,3.7,29.2,31.06
PLY-8704,30,Midfielder,2779,0.04,0.06,68.7,6.0,0.2,32.0,9.94
PLY-8705,23,Midfielder,1473,0.18,0.01,86.5,3.3,3.8,28.0,18.11
PLY-8706,22,Midfielder,683,0.05,0.13,93.6,3.3,2.8,32.0,20.08
PLY-8707,18,Defender,2022,0.02,0.09,76.5,7.2,7.5,32.7,31.43
PLY-8708,23,Forward,820,0.48,0.18,76.1,4.3,3.5,33.0,43.59
PLY-8709,23,Midfielder,1991,0.04,0.17,81.0,5.5,3.8,32.6,29.56
PLY-8710,33,Forward,711,0.41,0.02,75.5,5.5,0.2,28.8,0.5
PLY-8711,21,Midfielder,1214,0.1,0.68,83.1,2.1,0.2,31.1,18.93
PLY-8712,28,Winger,2181,0.08,0.26,87.5,5.5,2.3,28.9,31.57
PLY-8713,26,Defender,1074,0.02,0.11,91.2,5.3,3.0,32.5,32.09
PLY-8714,20,Forward,2513,0.37,0.12,67.5,0.5,1.4,35.0,30.25
PLY-8715,25,Winger,870,0.05,0.52,79.7,6.6,5.2,32.5,52.75
PLY-8716,22,Defender,3068,0.01,0.02,83.8,2.8,5.8,30.0,27.23
PLY-8717,21,Forward,2520,0.6,0.1,83.2,6.7,1.1,33.7,51.59
PLY-8718,23,Midfielder,1990,0.08,0.18,95.0,5.2,0.2,36.7,39.58
PLY-8719,19,Midfielder,639,0.08,0.04,73.9,6.9,1.0,32.0,9.56
PLY-8720,28,Forward,2582,0.45,0.18,66.5,4.4,1.5,32.7,30.42
PLY-8721,21,Winger,2836,0.27,0.68,94.4,6.8,1.8,33.0,53.34
PLY-8722,32,Midfielder,1593,0.51,0.8,90.5,3.9,0.7,26.5,16.94
PLY-8723,23,Winger,2612,0.36,0.23,78.6,6.0,3.6,30.6,45.0
PLY-8724,34,Midfielder,3183,0.33,0.05,87.0,9.9,1.3,28.9,2.36
PLY-8725,23,Forward,889,0.52,0.07,83.5,6.1,3.0,33.3,53.43
PLY-8726,19,Midfielder,3080,0.3,0.09,82.4,2.4,2.3,33.1,23.69
PLY-8727,32,Forward,3118,0.55,0.05,82.9,9.8,3.3,29.7,32.46
PLY-8728,28,Midfielder,878,0.06,0.04,88.1,3.7,1.9,30.2,17.92
PLY-8729,25,Winger,1180,0.06,0.78,94.1,7.6,1.1,27.8,49.77
PLY-8730,30,Midfielder,1462,0.09,0.45,91.8,6.4,1.5,31.5,25.25
PLY-8731,29,Defender,853,0.6,0.01,92.4,1.4,3.7,29.4,31.21
PLY-8732,22,Forward,780,0.55,0.07,73.9,2.8,4.7,29.1,42.74
PLY-8733,23,Forward,1280,0.68,0.09,79.9,7.8,2.3,33.5,57.43
PLY-8734,21,Forward,1424,0.46,0.05,83.5,4.1,2.2,33.3,38.72
PLY-8735,18,Midfielder,1299,0.13,0.18,74.5,6.5,3.3,30.4,11.76
PLY-8736,34,Forward,1949,0.38,0.18,89.1,3.6,2.2,26.5,0.5
PLY-8737,29,Midfielder,1980,0.05,0.34,89.9,4.3,3.5,29.7,16.72
PLY-8738,32,Midfielder,2273,0.44,0.24,83.8,8.1,1.8,32.2,21.7
PLY-8739,18,Midfielder,3038,0.22,0.14,84.9,5.4,1.6,32.5,17.51
PLY-8740,31,Forward,2238,0.45,0.19,89.5,3.8,1.0,29.0,12.45
PLY-8741,23,Midfielder,2557,0.41,0.06,81.2,3.1,4.4,31.6,43.13
PLY-8742,22,Winger,811,0.07,0.38,89.8,5.8,2.1,26.9,33.19
PLY-8743,28,Defender,2138,0.93,0.12,80.5,7.0,3.0,26.8,53.06
PLY-8744,21,Midfielder,983,0.11,0.03,90.5,6.0,2.4,35.8,29.55
PLY-8745,30,Forward,2314,0.45,0.05,82.5,2.2,1.4,32.6,12.53
PLY-8746,28,Winger,941,0.09,0.28,95.0,7.2,1.7,31.5,35.28
PLY-8747,20,Defender,2438,0.03,0.46,76.7,4.4,4.8,30.6,25.98
PLY-8748,18,Midfielder,2587,0.03,0.05,82.6,5.1,4.0,27.6,0.5
PLY-8749,23,Winger,1443,0.26,0.28,73.0,5.8,2.3,33.7,47.93
PLY-8750,35,Midfielder,2134,0.52,0.08,79.4,6.7,1.3,27.5,0.5
PLY-8751,27,Midfielder,1019,0.39,0.2,90.3,4.5,1.6,33.0,36.55
PLY-8752,22,Defender,2588,0.04,0.02,91.6,5.2,5.2,31.8,35.93
PLY-8753,27,Forward,2532,0.55,0.55,87.0,2.9,0.2,31.4,46.59
PLY-8754,29,Winger,2449,0.03,0.58,82.0,5.5,0.9,28.6,30.09
PLY-8755,19,Defender,905,0.01,0.15,76.6,9.8,4.7,28.7,28.01
PLY-8756,30,Midfielder,1468,0.27,0.2,91.4,8.1,0.2,32.4,31.04
PLY-8757,25,Forward,3184,0.54,0.01,76.3,4.4,1.8,31.7,39.54
PLY-8758,19,Forward,1735,0.37,0.07,73.9,7.6,1.6,31.6,35.54
PLY-8759,18,Midfielder,2034,0.01,0.29,84.1,6.9,3.3,32.1,18.19
PLY-8760,22,Defender,805,1.15,0.01,69.8,3.2,4.1,27.2,45.09
PLY-8761,26,Midfielder,1095,0.01,0.06,77.7,3.1,3.6,33.7,23.63
PLY-8762,34,Midfielder,2509,0.15,0.16,95.0,5.8,2.3,29.2,0.5
PLY-8763,26,Defender,3151,0.18,0.05,72.6,5.0,6.5,34.1,46.82
PLY-8764,28,Forward,1645,0.38,0.49,74.9,3.7,0.5,27.1,18.47
PLY-8765,32,Defender,812,0.05,0.03,82.4,5.9,6.3,31.3,0.5
PLY-8766,23,Forward,909,0.46,0.29,82.7,1.6,1.7,32.7,34.2
PLY-8767,20,Winger,2591,0.36,0.35,80.6,7.2,4.0,28.2,34.26
PLY-8768,34,Midfielder,871,0.18,0.25,74.0,2.0,3.6,28.6,0.5
PLY-8769,22,Forward,2422,0.6,0.07,87.1,2.1,0.2,29.2,25.72
PLY-8770,29,Midfielder,2679,1.05,0.13,83.3,3.1,2.8,33.4,47.38
PLY-8771,35,Midfielder,1042,0.37,0.35,93.3,5.2,3.4,30.7,0.5
PLY-8772,31,Defender,2809,0.14,0.11,78.1,3.1,6.0,33.5,18.24
PLY-8773,28,Defender,853,0.15,0.08,87.9,2.1,3.0,31.9,17.22
PLY-8774,26,Defender,1120,0.24,0.14,89.8,5.5,5.1,33.1,43.14
PLY-8775,19,Forward,1576,0.62,0.23,79.2,7.5,2.4,34.1,47.46
PLY-8776,29,Forward,609,0.52,0.11,87.3,5.8,2.7,32.7,41.67
PLY-8777,20,Forward,3152,0.61,0.5,74.0,8.1,3.4,30.7,67.71
PLY-8778,20,Midfielder,2183,0.01,0.06,87.6,7.3,3.6,30.2,24.47
PLY-8779,18,Winger,3083,0.14,0.34,89.3,6.0,1.4,31.3,17.3
PLY-8780,25,Midfielder,1734,0.08,0.25,89.1,5.8,2.5,33.3,39.01
PLY-8781,25,Forward,752,0.38,0.21,95.0,4.3,2.2,29.8,35.91
PLY-8782,28,Midfielder,2258,0.03,0.36,89.4,6.6,1.9,32.9,26.91
PLY-8783,26,Defender,2456,0.23,0.8,79.8,4.3,4.2,32.2,49.86
PLY-8784,22,Defender,1814,0.19,0.1,95.0,2.9,4.6,28.7,32.43
PLY-8785,31,Winger,2352,0.07,0.24,91.8,9.7,1.5,31.3,16.04
PLY-8786,20,Midfielder,1704,0.16,0.01,76.4,5.1,3.3,31.8,21.36
PLY-8787,22,Forward,3136,0.52,0.23,77.3,3.2,3.7,30.3,35.59
PLY-8788,22,Winger,1494,0.05,0.59,75.8,6.0,1.2,31.8,35.24
PLY-8789,31,Defender,1711,0.26,0.04,85.9,3.2,6.0,28.9,6.08
PLY-8790,21,Midfielder,703,0.38,0.03,89.4,2.5,1.2,32.0,26.24
PLY-8791,30,Defender,2514,0.39,0.01,85.4,3.5,5.5,31.1,28.42
PLY-8792,27,Defender,1606,0.23,0.31,72.2,5.2,6.0,28.1,37.99
PLY-8793,35,Defender,1006,0.18,0.07,78.2,4.6,4.3,29.7,0.5
PLY-8794,25,Defender,2001,0.02,0.09,81.1,3.6,3.4,30.5,29.42
PLY-8795,25,Midfielder,766,0.08,0.13,75.1,7.5,1.5,32.9,27.48
PLY-8796,24,Midfielder,1108,0.02,0.33,80.8,0.5,2.6,33.4,25.24
PLY-8797,25,Midfielder,2261,0.83,0.19,94.1,5.1,4.6,30.4,54.46
PLY-8798,31,Defender,2960,0.04,0.17,72.7,4.2,2.4,28.3,0.5
PLY-8799,23,Defender,1362,0.04,0.03,90.7,2.6,4.5,27.8,17.88
PLY-8800,18,Defender,1280,0.55,0.13,88.5,5.2,4.3,29.7,22.97
PLY-8801,32,Forward,3124,1.07,0.23,80.3,4.1,1.7,29.3,30.37
PLY-8802,18,Defender,2720,0.36,0.65,78.1,7.0,4.3,28.6,42.22
PLY-8803,34,Defender,1764,0.01,0.04,87.0,6.2,3.7,32.0,0.5
PLY-8804,18,Defender,1181,0.01,0.01,77.3,8.3,5.9,32.1,40.12
PLY-8805,32,Defender,861,0.12,0.01,77.6,3.5,6.0,29.7,0.5
PLY-8806,19,Defender,1963,0.04,0.08,81.9,7.3,4.5,31.5,34.3
PLY-8807,31,Midfielder,1931,0.01,0.31,73.2,2.2,2.0,30.7,0.5
PLY-8808,25,Midfielder,2892,0.16,0.01,77.3,4.3,1.6,32.9,23.54
PLY-8809,25,Forward,2138,1.07,0.11,80.1,3.6,2.3,33.3,63.66
PLY-8810,24,Midfielder,1160,0.1,0.07,88.9,5.7,4.4,30.8,27.22
PLY-8811,23,Defender,1699,0.27,0.01,77.2,5.7,4.3,31.2,32.04
PLY-8812,23,Defender,2503,0.26,0.11,80.8,2.7,3.4,31.9,21.58
PLY-8813,20,Forward,774,0.42,0.05,72.3,5.8,1.7,31.1,35.42
PLY-8814,24,Forward,2756,0.61,0.08,87.6,3.7,3.1,33.4,49.15
PLY-8815,25,Defender,2830,0.06,0.22,83.3,2.9,3.5,34.2,26.92
PLY-8816,27,Forward,791,0.38,0.13,83.9,4.5,2.2,32.3,43.06
PLY-8817,32,Forward,664,0.65,0.02,84.9,1.5,2.8,28.0,0.5
PLY-8818,32,Forward,2097,0.38,0.59,82.5,6.4,1.4,31.1,30.92
PLY-8819,18,Forward,2167,1.2,0.18,79.1,4.4,0.2,32.3,49.53
PLY-8820,24,Forward,1751,0.4,0.26,88.8,4.4,0.9,29.3,31.74
PLY-8821,21,Midfielder,2537,0.23,0.01,86.9,4.3,1.2,32.3,23.98
PLY-8822,23,Midfielder,968,0.13,0.01,85.0,7.8,1.9,30.3,27.38
PLY-8823,18,Winger,1450,0.03,0.22,81.9,10.0,2.3,33.1,33.61
PLY-8824,22,Midfielder,642,0.01,0.04,85.8,7.2,3.2,32.6,33.82
PLY-8825,18,Defender,2507,0.24,0.1,80.9,4.3,2.9,32.0,20.5
PLY-8826,21,Forward,3135,0.76,0.49,84.7,2.3,3.0,31.6,55.44
PLY-8827,19,Forward,677,0.81,0.11,76.4,4.5,1.8,26.8,32.67
PLY-8828,27,Defender,2424,0.16,0.06,76.8,5.1,2.3,28.8,14.43
PLY-8829,22,Forward,1893,0.73,0.15,85.4,6.1,2.2,31.2,58.24
PLY-8830,27,Midfielder,1273,0.28,0.02,85.1,5.1,3.8,34.8,38.88
PLY-8831,18,Midfielder,1300,0.32,0.17,91.8,2.4,3.3,32.7,8.92
PLY-8832,23,Defender,1358,0.17,0.15,84.5,3.4,4.3,35.5,40.18
PLY-8833,30,Forward,2523,0.6,0.28,78.7,3.2,3.6,31.7,34.23
PLY-8834,32,Midfielder,1501,0.41,0.78,89.5,5.6,2.4,29.9,25.8
PLY-8835,21,Defender,1592,0.13,0.05,89.2,5.6,5.6,34.6,38.16
PLY-8836,30,Forward,1791,0.76,0.13,84.7,5.9,0.2,31.1,31.93
PLY-8837,32,Defender,2986,0.22,0.43,86.0,5.1,2.9,27.8,9.89
PLY-8838,25,Defender,2840,0.05,0.28,81.0,0.5,5.3,32.2,25.16
PLY-8839,22,Winger,2076,0.01,0.34,88.0,3.5,4.0,34.0,28.91
PLY-8840,32,Forward,2930,0.46,0.52,78.5,4.2,2.7,28.2,23.99
PLY-8841,21,Defender,989,0.2,0.01,84.0,4.7,3.8,32.8,27.55
PLY-8842,29,Midfielder,1599,0.46,0.48,95.0,7.0,1.2,31.3,30.46
PLY-8843,30,Midfielder,1124,0.03,0.01,89.2,4.7,1.8,32.5,5.89
PLY-8844,19,Forward,2455,0.75,0.14,79.5,2.5,3.7,32.2,43.01
PLY-8845,21,Defender,2106,0.5,0.4,79.5,5.8,4.0,30.6,50.06
PLY-8846,21,Forward,1258,0.39,0.05,81.6,4.5,3.5,31.3,26.42
PLY-8847,28,Midfielder,1490,0.48,0.12,91.1,3.7,3.0,30.7,26.56
PLY-8848,22,Forward,2081,1.2,0.07,82.9,1.3,4.3,31.8,52.55
PLY-8849,28,Defender,1051,0.32,0.55,78.1,4.7,4.6,29.6,38.39
PLY-8850,27,Defender,3075,0.38,0.31,78.1,5.0,4.3,30.2,40.65
PLY-8851,25,Defender,2137,1.2,0.22,82.9,2.5,5.7,30.6,70.0
PLY-8852,23,Midfielder,1482,0.23,0.16,86.3,6.0,1.1,32.4,37.96
PLY-8853,23,Forward,912,0.44,0.31,84.7,5.8,1.7,28.4,42.66
PLY-8854,25,Defender,1439,0.45,0.09,87.5,4.6,2.4,31.3,48.31
PLY-8855,32,Midfielder,3166,0.24,0.11,95.0,4.5,0.7,28.4,0.5
PLY-8856,31,Forward,974,0.57,0.24,73.2,6.4,4.5,29.1,35.62
PLY-8857,28,Defender,1050,0.07,0.08,86.1,5.2,5.2,30.0,15.22
PLY-8858,29,Winger,1194,0.35,0.23,82.6,5.6,0.6,31.9,25.53
PLY-8859,30,Defender,1833,0.02,0.01,70.9,4.1,5.8,31.2,3.64
PLY-8860,25,Defender,1099,0.65,0.02,89.5,5.6,3.6,33.1,49.65
PLY-8861,35,Winger,1063,0.1,0.59,84.5,2.9,3.0,30.9,0.5
PLY-8862,18,Forward,712,0.38,0.12,86.8,2.6,3.0,28.1,9.04
PLY-8863,32,Midfielder,1635,0.15,0.22,75.8,5.9,4.2,27.9,10.81
PLY-8864,25,Winger,2978,0.01,0.31,80.7,9.4,1.6,31.1,46.38
PLY-8865,28,Forward,2524,0.64,0.05,75.5,6.5,1.3,31.4,42.62
PLY-8866,29,Defender,739,0.58,0.08,95.0,6.3,1.2,29.6,38.37
PLY-8867,29,Midfielder,2024,0.45,0.28,92.9,4.8,2.1,34.4,45.8
PLY-8868,21,Midfielder,1116,0.03,0.18,81.9,2.4,3.1,33.4,23.77
PLY-8869,33,Defender,2547,0.03,0.5,72.8,4.1,5.4,26.4,0.5
PLY-8870,21,Winger,2765,0.42,0.42,83.2,3.0,3.7,32.3,45.46
PLY-8871,22,Defender,1487,0.65,0.15,88.6,7.1,4.7,31.4,52.31
PLY-8872,22,Forward,1941,0.5,0.17,71.6,2.9,2.8,34.2,41.8
PLY-8873,25,Winger,649,0.17,0.73,76.4,5.9,2.3,28.0,43.51
PLY-8874,27,Forward,618,0.45,0.28,75.4,6.6,3.0,36.0,54.78
PLY-8875,34,Midfielder,1325,0.56,0.01,91.2,1.3,1.1,28.1,0.5
PLY-8876,26,Midfielder,2844,0.26,0.14,83.8,2.1,0.5,32.3,27.65
PLY-8877,31,Midfielder,2073,0.09,0.21,84.0,5.0,1.2,28.7,3.26
PLY-8878,25,Midfielder,1051,0.09,0.25,87.0,5.5,2.5,30.7,34.11
PLY-8879,26,Winger,2936,0.55,0.26,76.7,6.9,0.6,27.8,50.39
PLY-8880,28,Defender,1764,0.01,0.36,73.3,4.4,3.6,34.1,29.83
PLY-8881,18,Defender,1707,0.1,0.56,90.2,7.0,3.7,30.9,30.78
PLY-8882,31,Forward,3038,0.55,0.05,90.8,5.8,3.1,29.6,29.3
PLY-8883,22,Winger,814,0.04,0.61,83.1,8.0,3.0,36.6,50.88
PLY-8884,31,Winger,2149,0.02,0.24,83.5,8.6,2.3,32.1,20.81
PLY-8885,21,Defender,2862,0.42,0.01,89.6,3.9,4.9,30.0,29.49
PLY-8886,18,Forward,727,0.91,0.02,82.9,8.8,2.8,30.2,51.73
PLY-8887,25,Forward,2445,0.78,0.01,79.5,0.5,1.8,32.1,38.94
PLY-8888,32,Forward,1359,0.92,0.34,82.2,7.4,1.5,31.7,44.78
PLY-8889,32,Forward,3051,0.55,0.01,90.4,6.3,4.0,33.9,31.01
PLY-8890,26,Midfielder,2415,0.42,0.06,86.3,5.0,0.2,28.0,25.94
PLY-8891,26,Winger,2985,0.12,0.24,78.0,7.2,1.3,33.1,38.67
PLY-8892,27,Midfielder,960,0.27,0.06,86.9,4.2,2.0,33.5,33.27
PLY-8893,26,Forward,1168,1.2,0.02,85.9,6.7,2.9,29.8,72.02
PLY-8894,20,Midfielder,2015,0.06,0.2,89.2,4.4,3.6,30.7,15.94
PLY-8895,28,Forward,2865,0.47,0.03,85.3,3.0,4.4,27.9,26.19
PLY-8896,23,Forward,2197,0.51,0.34,77.0,6.3,2.1,30.4,49.0
PLY-8897,19,Midfielder,2292,0.04,0.31,90.6,7.7,2.2,32.0,30.98
PLY-8898,24,Midfielder,801,0.02,0.01,86.2,0.6,2.6,35.0,15.29
PLY-8899,35,Defender,2664,0.44,0.41,77.7,9.2,3.8,33.7,11.29
PLY-8900,19,Winger,2969,0.94,0.23,86.6,4.9,0.8,29.2,38.15
PLY-8901,34,Midfielder,1117,0.13,0.05,83.3,2.6,2.1,33.2,0.5
PLY-8902,28,Midfielder,1948,0.02,0.01,76.6,2.0,3.1,27.2,3.1
PLY-8903,29,Defender,2035,0.02,0.07,76.0,4.5,4.1,30.2,11.14
PLY-8904,24,Midfielder,1941,0.55,0.13,84.9,1.9,2.7,30.8,41.37
PLY-8905,23,Forward,1280,0.51,0.29,85.5,2.2,0.2,32.1,48.16
PLY-8906,18,Winger,2588,0.1,0.29,76.8,5.6,2.2,31.7,22.0
PLY-8907,34,Forward,2091,0.51,0.22,80.6,4.8,1.7,30.8,0.5
PLY-8908,28,Defender,1024,0.1,0.04,74.7,5.0,2.9,31.1,16.52
PLY-8909,35,Midfielder,2568,0.17,0.25,91.9,7.0,3.0,32.1,0.5
PLY-8910,34,Midfielder,2312,0.49,0.05,95.0,6.9,4.4,31.5,14.37
PLY-8911,24,Midfielder,3034,0.22,0.03,95.0,6.5,3.4,30.9,47.41
PLY-8912,34,Defender,1377,0.3,0.04,87.8,4.0,5.7,31.9,1.1
PLY-8913,26,Forward,2745,0.46,0.04,87.2,0.8,3.1,36.1,39.26
PLY-8914,34,Forward,2426,0.69,0.13,69.6,0.8,3.0,28.5,0.5
PLY-8915,25,Defender,807,0.27,0.34,83.1,6.5,2.2,35.2,46.82
PLY-8916,34,Midfielder,2137,0.03,0.01,83.0,6.2,2.0,28.7,0.5
PLY-8917,24,Forward,2259,0.56,0.22,87.3,3.3,2.8,34.6,48.46
PLY-8918,18,Winger,2813,0.07,0.41,66.8,4.1,2.8,30.3,15.29
PLY-8919,30,Midfielder,621,0.41,0.37,87.2,2.4,3.7,33.2,24.64
PLY-8920,34,Defender,753,0.14,0.05,80.7,4.8,3.2,30.4,0.5
PLY-8921,30,Defender,2562,1.2,0.11,88.7,4.9,5.1,27.6,48.74
PLY-8922,33,Defender,818,0.02,0.47,91.3,6.6,3.1,34.2,9.1
PLY-8923,25,Midfielder,1268,0.38,0.19,80.4,3.6,1.9,29.5,28.44
PLY-8924,35,Winger,2118,0.28,0.31,76.7,6.5,2.1,27.2,0.5
PLY-8925,18,Forward,2877,0.71,0.03,83.4,6.8,3.2,30.1,45.22
PLY-8926,31,Defender,2667,0.09,0.05,92.4,0.5,5.3,35.6,4.58
PLY-8927,32,Forward,1549,0.52,0.16,82.4,5.1,2.3,27.2,10.69
PLY-8928,35,Midfielder,2795,0.4,0.23,78.3,3.8,0.2,30.4,0.5
PLY-8929,19,Midfielder,1002,0.07,0.02,82.4,5.9,2.7,29.0,20.2
PLY-8930,34,Winger,1195,0.06,0.38,83.2,8.0,1.9,27.9,0.5
PLY-8931,35,Winger,3014,0.2,0.36,83.4,5.6,3.9,26.5,0.5
PLY-8932,23,Forward,2037,0.54,0.13,77.8,3.5,3.6,32.2,41.04
PLY-8933,21,Forward,1757,0.43,0.21,78.2,0.5,1.1,31.1,18.53
PLY-8934,18,Defender,2342,0.09,0.33,76.1,6.0,5.1,29.0,23.51
PLY-8935,25,Midfielder,1906,0.08,0.07,92.8,5.0,2.9,33.4,32.85
PLY-8936,24,Forward,672,0.72,0.4,77.0,7.3,2.8,33.7,66.57
PLY-8937,20,Defender,1080,0.26,0.03,79.2,3.7,4.9,32.4,32.13
PLY-8938,27,Midfielder,1159,0.45,0.03,83.0,6.3,3.0,34.1,44.6
PLY-8939,27,Winger,1344,0.93,0.28,72.4,4.9,4.0,30.7,66.08
PLY-8940,31,Forward,2066,0.51,0.02,76.8,0.5,1.5,30.7,1.88
PLY-8941,19,Midfielder,699,0.02,0.05,93.4,4.3,1.1,30.7,7.2
PLY-8942,18,Midfielder,1682,0.01,0.02,78.7,3.4,3.1,28.2,0.5
PLY-8943,35,Defender,3155,0.09,0.31,76.2,2.4,2.1,30.5,0.5
PLY-8944,24,Midfielder,2905,0.67,0.03,78.0,6.3,3.0,31.8,60.19
PLY-8945,25,Defender,1012,0.19,0.25,81.5,6.9,5.0,31.4,48.39
PLY-8946,18,Forward,1688,0.43,0.01,93.3,4.7,0.2,32.3,20.63
PLY-8947,20,Defender,1777,0.13,0.53,81.2,4.1,3.6,34.6,47.2
PLY-8948,25,Midfielder,2608,0.23,0.22,86.4,4.6,4.1,31.1,31.41
PLY-8949,32,Forward,2913,0.61,0.01,77.2,3.2,0.5,27.9,3.62
PLY-8950,22,Defender,1420,0.04,0.26,81.6,5.6,4.7,31.0,27.28
PLY-8951,20,Forward,1261,1.2,0.13,89.4,1.4,1.0,31.2,44.5
PLY-8952,18,Forward,1159,0.55,0.27,82.9,2.4,1.3,33.7,21.01
PLY-8953,32,Winger,1871,0.04,0.35,94.8,5.4,4.5,30.2,12.28
PLY-8954,25,Midfielder,2413,0.56,0.18,93.6,5.6,2.3,29.0,34.92
PLY-8955,19,Defender,1209,0.02,0.28,81.5,3.9,5.0,33.3,23.72
PLY-8956,20,Midfielder,3061,0.6,0.09,85.4,7.2,2.1,32.9,42.72
PLY-8957,31,Defender,624,1.2,0.01,91.8,6.1,2.6,30.2,41.01
PLY-8958,31,Forward,2628,0.65,0.34,82.8,2.9,0.8,32.1,20.36
PLY-8959,28,Midfielder,883,0.37,0.09,94.5,5.8,3.6,34.0,47.56
PLY-8960,33,Winger,2072,0.1,0.34,94.0,6.2,2.4,29.2,0.5
PLY-8961,21,Defender,900,0.71,0.01,80.8,5.4,3.5,29.5,53.07
PLY-8962,22,Midfielder,1691,0.19,0.12,88.1,6.2,2.2,31.5,44.47
PLY-8963,31,Midfielder,1630,0.33,0.77,91.9,6.7,3.0,31.2,48.92
PLY-8964,33,Winger,1416,0.64,0.28,86.6,7.4,2.7,29.8,21.38
PLY-8965,35,Midfielder,682,0.92,0.09,90.6,7.7,1.3,27.8,4.33
PLY-8966,24,Defender,2520,0.45,0.21,74.0,5.4,2.5,31.9,48.59
PLY-8967,27,Defender,2693,0.09,0.3,76.9,4.8,3.9,27.0,22.52
PLY-8968,24,Forward,1217,1.2,0.1,79.0,3.9,3.5,30.8,67.54
PLY-8969,18,Forward,2909,0.6,0.07,89.3,3.2,3.2,33.4,24.63
PLY-8970,33,Defender,775,0.67,0.5,74.6,5.3,4.9,32.0,20.48
PLY-8971,21,Forward,1789,0.63,0.2,91.1,4.7,2.0,25.0,36.61
PLY-8972,35,Midfielder,1441,0.09,0.02,90.7,5.0,1.6,29.6,0.5
PLY-8973,19,Winger,969,0.12,0.23,88.9,8.0,2.0,32.8,28.46
PLY-8974,18,Midfielder,2418,0.2,0.12,80.4,5.0,3.1,28.9,9.77
PLY-8975,32,Defender,2701,0.39,0.04,82.4,8.5,5.6,29.2,30.39
PLY-8976,22,Midfielder,1289,0.1,0.05,87.8,3.4,1.9,34.2,27.51
PLY-8977,28,Midfielder,2379,0.22,0.38,87.5,5.4,5.2,30.4,30.79
PLY-8978,27,Forward,1964,0.46,0.02,83.8,4.0,2.3,35.0,33.02
PLY-8979,19,Midfielder,2032,0.42,0.23,84.3,0.5,1.8,29.9,12.76
PLY-8980,20,Midfielder,966,0.16,0.06,86.8,4.1,4.0,34.6,31.68
PLY-8981,29,Midfielder,1243,0.02,0.26,92.2,2.6,0.2,31.6,3.58
PLY-8982,22,Defender,3026,0.05,0.23,75.0,4.4,5.0,29.6,28.2
PLY-8983,22,Midfielder,672,0.02,0.01,95.0,4.4,2.1,34.6,26.28
PLY-8984,23,Midfielder,1871,0.17,0.13,91.9,5.3,3.9,28.8,32.03
PLY-8985,26,Midfielder,1459,0.03,0.03,80.2,3.4,2.9,29.7,4.16
PLY-8986,19,Forward,642,0.38,0.36,84.3,3.7,2.4,32.6,33.48
PLY-8987,29,Midfielder,3024,0.71,0.37,91.4,5.9,3.0,31.7,42.13
PLY-8988,20,Forward,1664,0.87,0.1,74.6,2.9,0.9,32.1,39.18
PLY-8989,29,Forward,2817,0.5,0.11,82.3,0.8,3.4,30.7,17.11
PLY-8990,34,Forward,2859,1.2,0.07,81.5,4.8,0.6,27.4,5.24
PLY-8991,27,Midfielder,2116,0.01,0.23,82.1,6.6,2.6,30.1,32.77
PLY-8992,31,Defender,2686,0.24,0.08,82.6,5.9,4.4,32.9,15.63
PLY-8993,34,Midfielder,968,0.24,0.06,82.4,4.9,0.2,27.1,0.5
PLY-8994,35,Midfielder,750,0.15,0.1,94.2,7.0,2.3,33.6,0.5
PLY-8995,34,Defender,1734,0.13,0.02,78.2,6.7,4.7,30.7,0.5
PLY-8996,31,Forward,2103,0.5,0.25,86.8,3.8,1.4,28.7,10.53
PLY-8997,26,Winger,2059,0.13,0.22,72.1,7.5,1.0,27.1,27.69
PLY-8998,25,Midfielder,1670,0.33,0.19,85.0,5.1,2.8,27.4,35.79
PLY-8999,19,Midfielder,1623,0.04,0.04,86.1,4.3,2.6,30.7,18.6
PLY-9000,30,Midfielder,2198,0.06,0.05,84.8,6.8,2.5,30.5,10.13
PLY-9001,24,Forward,2640,0.4,0.18,79.6,4.2,2.2,31.8,35.3
PLY-9002,26,Defender,1989,0.08,0.8,78.0,3.5,3.7,35.3,47.76
PLY-9003,28,Midfielder,668,0.19,0.27,90.5,0.5,4.9,32.7,23.61
PLY-9004,31,Winger,2946,0.03,0.27,88.0,5.4,1.8,29.7,2.24
PLY-9005,21,Forward,1543,0.86,0.03,81.5,1.9,1.2,34.2,46.28
PLY-9006,30,Midfielder,1401,0.09,0.36,79.4,4.4,2.3,31.8,13.28
PLY-9007,19,Midfielder,2943,0.04,0.11,95.0,2.0,2.0,35.0,2.8
PLY-9008,22,Forward,2850,0.63,0.03,76.7,5.7,1.8,30.0,45.5
PLY-9009,28,Midfielder,660,0.01,0.36,77.2,6.7,4.4,29.0,33.83
PLY-9010,23,Defender,1545,0.24,0.3,69.9,4.4,3.0,27.1,35.53
PLY-9011,35,Defender,1937,0.3,0.74,82.6,2.5,4.4,29.8,0.5
PLY-9012,27,Midfielder,1784,0.06,0.43,84.7,5.1,0.9,28.8,21.43
PLY-9013,21,Defender,930,0.01,0.34,88.2,8.3,3.8,28.8,35.54
PLY-9014,26,Winger,2151,0.11,0.23,85.7,10.2,4.3,33.8,64.66
PLY-9015,23,Winger,937,0.03,0.24,83.7,4.2,2.5,27.7,20.1
PLY-9016,19,Forward,2229,0.38,0.15,80.4,1.6,2.5,31.7,12.25
PLY-9017,34,Defender,1927,0.07,0.14,88.7,1.1,3.3,29.8,0.5
PLY-9018,22,Midfielder,2126,0.09,0.11,95.0,2.2,1.7,31.7,24.15
PLY-9019,23,Winger,2273,0.19,0.31,88.1,7.5,4.4,34.5,60.33
PLY-9020,29,Midfielder,1961,0.28,0.1,83.2,3.4,2.8,29.7,19.8
PLY-9021,27,Forward,2173,0.57,0.15,86.7,2.8,1.8,34.5,41.62
PLY-9022,23,Defender,874,0.04,0.01,79.6,6.6,4.9,27.6,16.46
PLY-9023,25,Midfielder,1787,0.05,0.05,79.4,5.6,2.5,32.9,30.82
PLY-9024,19,Winger,2966,0.53,0.35,76.6,3.6,1.2,34.7,39.32
PLY-9025,29,Winger,3151,0.2,0.45,79.9,9.0,1.8,25.0,29.6
PLY-9026,30,Defender,3034,0.51,0.03,82.6,5.5,7.1,31.4,40.26
PLY-9027,24,Forward,2593,0.47,0.14,94.4,5.6,2.7,31.2,44.55
PLY-9028,27,Defender,1469,0.24,0.23,76.7,3.4,2.5,31.7,27.2
PLY-9029,30,Forward,1614,0.54,0.11,89.9,4.1,2.8,35.3,38.9
PLY-9030,34,Forward,2511,0.45,0.01,80.1,0.6,3.8,28.3,0.5
PLY-9031,31,Defender,1202,0.16,0.11,69.9,6.2,3.3,27.4,8.38
PLY-9032,19,Forward,2399,0.52,0.06,79.0,2.5,1.7,31.7,27.4
PLY-9033,28,Midfielder,1290,0.06,0.48,93.1,2.8,3.9,34.0,25.81
PLY-9034,18,Winger,1093,0.09,0.24,84.1,5.2,2.2,32.7,13.25
PLY-9035,21,Midfielder,1089,0.39,0.19,88.4,8.1,2.0,31.6,53.94
PLY-9036,28,Midfielder,3156,0.62,0.01,94.0,3.2,0.6,31.0,25.03
PLY-9037,25,Winger,989,0.11,0.33,75.8,8.9,3.5,27.1,45.37
PLY-9038,28,Forward,894,0.44,0.15,75.7,4.5,2.0,32.8,26.51
PLY-9039,21,Defender,1992,0.05,0.06,68.4,2.8,1.8,33.1,4.82
PLY-9040,34,Winger,2317,0.28,0.33,87.3,5.0,0.3,28.5,0.5
PLY-9041,24,Winger,3196,0.1,0.25,85.4,5.7,1.5,30.5,31.25
PLY-9042,25,Defender,1248,1.1,0.07,86.3,4.4,3.1,29.2,60.51
PLY-9043,20,Midfielder,2473,0.1,0.17,78.9,5.7,1.1,33.4,36.48
PLY-9044,19,Midfielder,1167,0.13,0.06,76.4,3.6,5.0,30.7,11.39
PLY-9045,32,Defender,1044,0.23,0.41,74.1,3.5,5.2,29.7,10.75
PLY-9046,22,Winger,962,0.4,0.4,76.5,5.2,0.2,32.9,51.85
PLY-9047,18,Midfielder,2770,0.16,0.1,95.0,2.1,1.8,32.2,0.72
PLY-9048,21,Forward,1811,0.49,0.01,88.0,1.9,2.1,32.7,25.57
PLY-9049,32,Forward,1341,1.2,0.12,79.3,6.5,0.4,30.4,29.68
PLY-9050,20,Forward,2641,0.35,0.26,83.8,3.4,2.8,31.9,42.64
PLY-9051,28,Defender,1279,0.56,0.06,77.9,3.6,2.0,31.9,21.82
PLY-9052,34,Midfielder,3067,0.04,0.3,88.2,3.2,3.5,31.0,0.5
PLY-9053,30,Winger,2242,0.39,0.27,75.2,6.4,3.9,32.6,30.56
PLY-9054,28,Defender,2172,0.24,0.31,86.5,5.2,7.2,28.8,32.58
PLY-9055,19,Forward,1958,0.45,0.02,76.9,3.5,0.3,30.2,22.48
PLY-9056,26,Defender,2739,0.52,0.36,86.8,4.9,2.8,31.1,44.95
PLY-9057,19,Midfielder,662,0.01,0.12,83.4,7.3,3.0,32.5,29.22
PLY-9058,26,Midfielder,3159,0.06,0.06,81.3,2.9,3.6,35.0,34.18
PLY-9059,26,Defender,1762,0.21,0.06,91.7,3.6,5.4,29.7,29.83
PLY-9060,25,Defender,1828,0.11,0.1,83.1,5.8,5.7,33.4,46.43
PLY-9061,34,Defender,855,0.24,0.8,80.1,7.5,6.1,28.7,17.66
PLY-9062,18,Midfielder,734,0.01,0.04,90.5,2.0,2.4,34.5,5.09
PLY-9063,28,Forward,1474,0.38,0.02,74.0,1.1,1.9,35.7,21.01
PLY-9064,25,Defender,1421,0.03,0.16,88.6,4.5,2.8,27.7,30.1
PLY-9065,27,Forward,2735,0.4,0.12,81.2,4.3,1.8,30.8,35.46
PLY-9066,24,Midfielder,1422,0.15,0.13,89.6,5.9,2.0,26.3,27.33
PLY-9067,20,Forward,1573,0.7,0.2,72.7,5.6,1.1,27.8,42.31
PLY-9068,20,Defender,2377,0.59,0.06,79.7,4.4,4.4,27.9,30.66
PLY-9069,35,Forward,720,0.8,0.43,82.0,6.6,0.9,31.4,14.39
PLY-9070,22,Defender,2237,0.05,0.1,88.2,3.1,5.7,32.5,36.05
PLY-9071,29,Winger,1964,0.15,0.24,86.1,7.4,2.7,33.3,28.12
PLY-9072,29,Forward,1607,0.41,0.24,79.6,2.1,1.6,32.8,26.77
PLY-9073,23,Forward,1524,0.43,0.19,83.9,4.4,2.4,32.6,43.22
PLY-9074,19,Midfielder,1244,0.18,0.07,93.5,1.6,0.9,31.7,4.18
PLY-9075,29,Winger,2632,0.02,0.39,80.8,4.8,1.0,31.2,13.25
PLY-9076,22,Forward,2668,0.41,0.04,80.1,7.9,1.4,33.7,53.55
PLY-9077,29,Midfielder,841,0.68,0.11,74.7,0.9,2.0,31.5,25.92
PLY-9078,34,Forward,3102,0.51,0.41,80.3,4.1,2.4,31.2,2.14
PLY-9079,34,Defender,2950,0.15,0.03,71.6,6.2,4.6,25.0,0.5
PLY-9080,27,Midfielder,2219,0.01,0.09,85.3,8.9,0.6,28.9,25.61
PLY-9081,34,Defender,1402,0.07,0.31,87.9,4.9,4.3,32.2,0.5
PLY-9082,32,Winger,1563,0.5,0.8,69.3,7.5,1.2,28.5,33.04
PLY-9083,29,Forward,668,0.39,0.11,89.4,4.6,0.2,28.4,17.25
PLY-9084,33,Defender,1752,0.13,0.13,80.0,6.6,7.5,31.4,1.12
PLY-9085,25,Forward,795,0.35,0.15,81.8,5.4,1.2,31.5,34.78
PLY-9086,34,Winger,2787,0.16,0.7,79.0,5.8,1.3,29.1,0.5
PLY-9087,22,Defender,2930,0.01,0.35,71.7,6.7,2.8,34.8,34.72
PLY-9088,33,Winger,2959,0.43,0.25,77.3,6.1,0.9,32.9,13.73
PLY-9089,23,Forward,1345,0.79,0.1,94.6,1.3,2.0,31.1,36.5
PLY-9090,25,Forward,2288,0.74,0.11,75.4,1.3,3.8,33.1,50.75
PLY-9091,35,Midfielder,876,0.08,0.28,76.5,4.1,2.0,25.1,0.5
PLY-9092,29,Midfielder,660,0.45,0.17,86.8,4.7,1.8,33.9,32.92
PLY-9093,32,Forward,2513,0.55,0.19,81.5,6.4,3.6,27.6,15.48
PLY-9094,26,Midfielder,2699,0.12,0.8,84.1,5.8,1.6,28.3,33.21
PLY-9095,30,Forward,2800,0.6,0.01,82.1,4.7,2.2,27.6,20.2
PLY-9096,32,Midfielder,2372,0.01,0.05,89.9,6.5,1.1,25.9,0.5
PLY-9097,27,Defender,1934,0.04,0.09,78.5,4.5,6.4,33.9,34.93
PLY-9098,33,Midfielder,2437,0.34,0.08,87.2,1.9,3.5,31.4,0.5
PLY-9099,24,Forward,3191,0.42,0.01,88.1,1.5,2.0,29.8,24.73
PLY-9100,34,Midfielder,1166,0.23,0.02,80.0,7.1,1.7,31.9,0.5
PLY-9101,24,Forward,2171,0.47,0.21,68.1,0.5,2.2,30.2,33.22
PLY-9102,31,Winger,1221,0.48,0.6,86.0,6.6,2.0,30.7,36.0
PLY-9103,32,Forward,2625,1.11,0.13,95.0,10.5,0.3,28.9,41.39
PLY-9104,24,Defender,1800,0.54,0.14,82.0,5.4,5.7,31.2,50.2
PLY-9105,26,Winger,913,0.08,0.27,83.2,6.6,1.9,29.5,28.83
PLY-9106,33,Defender,2744,0.05,0.26,80.2,1.1,6.7,28.3,0.5
PLY-9107,25,Defender,1836,0.16,0.25,91.5,7.7,4.9,32.7,54.62
PLY-9108,35,Defender,736,0.01,0.16,81.5,6.9,1.4,31.6,0.5
PLY-9109,35,Winger,1629,0.01,0.26,80.9,8.4,0.7,29.1,0.5
PLY-9110,24,Defender,2756,0.2,0.02,87.5,4.5,1.8,28.1,17.95
PLY-9111,20,Midfielder,3194,0.18,0.01,83.1,5.6,0.6,36.9,25.43
PLY-9112,35,Defender,1261,1.2,0.16,74.3,4.2,2.4,30.1,11.56
PLY-9113,27,Midfielder,3072,0.06,0.31,91.3,2.6,2.5,32.2,28.46
PLY-9114,24,Defender,2908,0.07,0.35,78.5,6.4,4.0,28.7,39.58
PLY-9115,34,Midfielder,686,0.03,0.11,80.1,4.4,3.1,32.7,0.5
PLY-9116,31,Forward,3112,0.97,0.28,94.6,5.5,2.2,33.0,44.71
PLY-9117,20,Forward,2723,0.73,0.53,80.9,4.3,1.9,27.7,38.06
PLY-9118,29,Forward,3118,0.78,0.06,85.0,5.4,4.6,31.3,39.79
PLY-9119,30,Midfielder,3061,0.58,0.09,86.2,4.5,2.5,31.1,31.96
PLY-9120,19,Forward,3104,0.54,0.48,76.7,4.3,2.1,36.8,57.07
PLY-9121,20,Midfielder,1908,0.15,0.07,90.1,4.6,1.2,34.7,21.81
PLY-9122,22,Midfielder,2300,0.1,0.44,87.9,10.4,0.8,28.3,44.76
PLY-9123,28,Defender,1094,0.22,0.71,78.0,6.1,5.3,29.9,51.79
PLY-9124,25,Forward,2247,0.5,0.2,84.6,9.7,3.1,29.5,50.07
PLY-9125,29,Forward,2542,0.5,0.31,78.9,4.5,4.1,32.3,35.5
PLY-9126,24,Defender,1668,0.69,0.25,75.4,3.9,5.0,35.0,71.85
PLY-9127,32,Midfielder,2024,1.03,0.22,78.8,2.4,1.7,30.2,19.4
PLY-9128,34,Forward,1196,0.75,0.07,83.6,7.7,2.8,31.1,13.41
PLY-9129,21,Winger,1049,0.35,0.23,79.7,5.2,2.1,30.0,31.78
PLY-9130,30,Winger,1084,0.29,0.3,91.0,10.6,3.2,32.6,36.48
PLY-9131,35,Midfielder,1245,0.05,0.2,85.7,2.5,3.8,29.0,0.5
PLY-9132,18,Midfielder,2229,0.02,0.02,81.3,6.3,2.0,27.9,5.25
PLY-9133,33,Winger,1261,0.29,0.22,82.9,3.8,4.3,30.9,2.48
PLY-9134,30,Defender,1357,0.33,0.03,74.2,3.6,5.8,31.5,21.5
PLY-9135,27,Midfielder,888,0.01,0.23,85.5,4.5,2.2,29.1,16.93
PLY-9136,29,Defender,1320,0.66,0.65,83.9,3.3,5.2,35.1,55.65
PLY-9137,19,Midfielder,1237,0.02,0.73,87.2,4.2,2.6,29.8,23.48
PLY-9138,20,Midfielder,2882,0.08,0.12,93.8,4.2,2.2,32.8,16.54
PLY-9139,27,Midfielder,3063,0.28,0.37,95.0,6.1,4.5,30.7,40.61
PLY-9140,19,Defender,1098,0.05,0.24,86.0,0.5,5.0,34.9,12.06
PLY-9141,30,Midfielder,1233,0.01,0.13,93.1,3.4,1.2,31.0,5.35
PLY-9142,30,Defender,2273,0.1,0.15,95.0,7.0,3.2,27.8,17.42
PLY-9143,35,Midfielder,2630,0.36,0.03,80.0,5.6,1.0,31.8,0.5
PLY-9144,20,Forward,714,0.48,0.5,82.8,7.0,2.8,34.9,68.63
PLY-9145,24,Midfielder,1273,0.26,0.08,83.1,6.0,1.8,30.6,30.35
PLY-9146,31,Defender,2336,0.22,0.11,87.1,2.3,4.8,31.5,13.65
PLY-9147,34,Midfielder,1857,0.01,0.2,87.6,5.8,3.3,30.3,0.5
PLY-9148,29,Forward,2853,1.2,0.07,77.1,4.7,4.6,30.7,58.79
PLY-9149,33,Winger,2894,0.01,0.27,82.1,11.5,1.8,31.8,17.65
PLY-9150,29,Forward,746,1.2,0.18,88.3,6.1,0.5,29.7,52.84
PLY-9151,32,Winger,2765,0.2,0.22,74.2,8.0,4.4,30.1,13.0
PLY-9152,27,Forward,1011,1.18,0.23,77.2,5.8,0.5,32.1,61.88
PLY-9153,24,Defender,2287,0.03,0.13,76.3,5.4,2.6,32.0,19.85
PLY-9154,22,Forward,3010,0.52,0.17,84.0,5.4,4.3,29.8,49.2
PLY-9155,18,Winger,2132,0.05,0.4,89.4,6.5,3.5,36.0,37.06
PLY-9156,34,Midfielder,736,0.01,0.13,73.9,5.6,2.8,32.8,0.5
PLY-9157,20,Forward,618,0.59,0.16,82.6,6.4,2.1,33.7,50.86
PLY-9158,30,Midfielder,2842,0.06,0.21,80.5,6.6,1.9,34.7,27.81
PLY-9159,31,Forward,2977,0.57,0.25,88.0,6.4,1.4,30.2,27.38
PLY-9160,35,Forward,2559,0.38,0.23,80.6,7.5,1.9,29.2,0.5
PLY-9161,21,Winger,2822,0.1,0.59,82.8,9.2,2.1,29.1,51.67
PLY-9162,35,Midfielder,1601,0.38,0.04,86.0,5.8,0.6,28.5,0.5
PLY-9163,22,Defender,1048,0.14,0.09,88.7,2.2,3.4,29.3,15.32
PLY-9164,33,Defender,2548,0.25,0.53,94.3,2.2,1.9,28.8,0.5
PLY-9165,18,Defender,1545,0.26,0.09,75.2,4.0,4.5,32.1,24.49
PLY-9166,31,Forward,1977,0.81,0.02,76.3,4.6,2.3,32.0,27.26
PLY-9167,32,Forward,2122,0.45,0.13,83.9,7.3,4.3,31.9,30.03
PLY-9168,26,Defender,740,0.29,0.02,77.1,0.5,4.9,28.9,27.81
PLY-9169,32,Winger,2520,0.82,0.26,87.6,4.9,1.5,31.5,32.29
PLY-9170,34,Midfielder,692,0.33,0.8,92.6,4.1,2.0,32.5,11.91
PLY-9171,21,Midfielder,838,0.17,0.14,82.7,2.5,2.8,30.9,22.36
PLY-9172,29,Midfielder,804,0.25,0.06,81.4,2.9,2.5,34.1,16.78
PLY-9173,22,Winger,2056,0.34,0.8,80.4,6.0,2.9,33.4,56.88
PLY-9174,22,Midfielder,844,0.24,0.61,86.6,2.6,2.7,28.7,28.84
PLY-9175,28,Midfielder,1431,0.01,0.1,87.9,3.0,1.9,36.3,23.16
PLY-9176,23,Winger,894,0.05,0.27,68.5,9.7,1.6,29.9,40.16
PLY-9177,24,Forward,1455,0.77,0.33,76.2,5.7,1.5,33.6,62.78
PLY-9178,31,Forward,2664,0.43,0.23,79.6,6.0,1.1,32.0,25.84
PLY-9179,28,Defender,670,0.33,0.21,77.2,4.4,3.1,28.8,23.52
PLY-9180,30,Winger,1892,0.12,0.62,64.8,9.0,4.4,31.9,42.01
PLY-9181,19,Forward,1948,0.53,0.21,70.7,6.2,2.3,33.5,44.9
PLY-9182,24,Midfielder,904,0.02,0.06,78.2,5.7,2.0,28.8,20.83
PLY-9183,21,Midfielder,1630,0.05,0.21,85.3,3.2,1.6,31.7,18.46
PLY-9184,25,Midfielder,1937,0.79,0.07,83.4,3.6,2.7,33.7,47.37
PLY-9185,30,Defender,1416,0.55,0.26,78.2,6.6,5.8,33.8,48.19
PLY-9186,31,Midfielder,1726,0.26,0.17,90.8,3.5,3.1,29.1,15.34
PLY-9187,27,Midfielder,1420,0.15,0.01,90.8,1.9,3.3,34.9,20.72
PLY-9188,28,Midfielder,792,0.28,0.13,86.9,3.4,1.5,34.4,21.91
PLY-9189,19,Midfielder,2376,0.24,0.08,86.7,7.6,2.2,32.0,36.26
PLY-9190,26,Midfielder,1128,0.21,0.07,80.9,3.4,1.5,30.1,23.98
PLY-9191,34,Winger,2818,0.02,0.39,77.6,7.7,2.3,27.4,0.5
PLY-9192,20,Forward,850,0.6,0.07,71.8,3.3,3.7,32.3,31.06
PLY-9193,23,Defender,2388,0.37,0.27,80.5,6.0,4.9,34.7,50.83
PLY-9194,22,Defender,3188,1.2,0.01,86.7,5.6,6.4,31.2,65.64
PLY-9195,22,Midfielder,2626,0.01,0.19,94.1,1.5,1.9,29.6,13.34
PLY-9196,32,Midfielder,3063,0.33,0.3,84.5,5.0,1.2,31.8,16.99
PLY-9197,34,Midfielder,2003,0.21,0.2,89.0,1.1,2.8,30.4,0.5
PLY-9198,26,Forward,1767,0.49,0.12,64.9,3.4,2.3,32.6,48.26
PLY-9199,20,Midfielder,2672,0.03,0.54,83.4,4.5,2.6,30.3,25.28
