url_id,url_length,subdomain_count,shannon_entropy,has_ip_in_host,has_https,suspicious_keyword_count,is_phishing
URL-10000,45,1,3.088,0,1,0,0
URL-10001,93,2,4.797,0,1,0,1
URL-10002,40,2,3.584,0,1,0,0
URL-10003,51,0,3.721,0,1,0,0
URL-10004,31,2,3.285,0,1,0,0
URL-10005,48,1,3.144,0,1,1,0
URL-10006,18,1,3.937,0,1,0,0
URL-10007,81,6,4.752,1,1,2,1
URL-10008,16,2,3.151,0,1,0,0
URL-10009,34,1,2.976,0,1,0,0
URL-10010,37,2,3.259,0,1,0,0
URL-10011,44,8,5.344,0,1,1,1
URL-10012,39,4,4.209,0,0,2,1
URL-10013,26,0,3.494,0,1,0,0
URL-10014,35,3,3.453,0,1,0,0
URL-10015,20,1,3.18,0,1,0,0
URL-10016,54,0,3.983,0,1,0,0
URL-10017,34,0,3.842,0,1,0,0
URL-10018,32,0,3.814,0,1,0,0
URL-10019,57,6,3.479,0,1,0,0
URL-10020,23,1,3.64,0,1,0,0
URL-10021,24,1,2.599,0,1,0,0
URL-10022,24,0,3.571,0,1,0,0
URL-10023,37,1,4.173,0,1,0,0
URL-10024,43,2,3.297,0,1,0,0
URL-10025,114,3,4.625,0,0,1,1
URL-10026,68,2,3.45,0,1,0,0
URL-10027,12,0,3.198,0,1,0,0
URL-10028,45,0,3.177,0,1,0,0
URL-10029,31,0,3.593,0,1,1,0
URL-10030,30,0,3.789,0,1,0,0
URL-10031,30,1,3.596,0,0,0,0
URL-10032,27,1,3.099,0,1,0,0
URL-10033,76,2,4.519,0,1,1,1
URL-10034,78,6,4.753,0,1,1,1
URL-10035,59,4,4.622,0,0,3,1
URL-10036,54,0,3.427,0,1,0,0
URL-10037,19,2,3.187,0,1,0,0
URL-10038,22,2,3.771,0,1,0,0
URL-10039,12,0,4.134,0,1,0,0
URL-10040,29,0,3.893,0,1,0,0
URL-10041,39,1,4.195,0,1,0,0
URL-10042,39,3,3.283,0,1,0,0
URL-10043,61,5,4.524,1,1,3,1
URL-10044,21,2,3.951,0,1,0,0
URL-10045,47,3,3.33,0,1,0,0
URL-10046,40,1,3.211,0,1,0,0
URL-10047,46,0,3.164,0,1,0,0
URL-10048,15,3,3.468,0,1,1,0
URL-10049,41,0,2.973,0,1,0,0
URL-10050,59,5,3.977,0,0,4,1
URL-10051,82,6,4.431,0,1,3,1
URL-10052,64,1,4.561,1,0,0,1
URL-10053,71,4,3.766,1,1,3,1
URL-10054,27,0,4.216,0,1,0,0
URL-10055,111,4,5.116,1,1,3,1
URL-10056,19,2,2.942,0,0,0,0
URL-10057,51,0,3.607,0,1,0,0
URL-10058,35,1,3.415,0,1,0,0
URL-10059,51,1,3.554,0,1,0,0
URL-10060,31,1,3.722,0,1,0,0
URL-10061,31,1,3.22,0,1,1,0
URL-10062,49,3,4.953,0,0,1,1
URL-10063,48,0,2.867,0,1,0,0
URL-10064,29,0,3.529,0,1,0,0
URL-10065,45,1,2.779,0,0,0,0
URL-10066,33,3,3.957,0,1,0,0
URL-10067,86,2,4.511,0,0,2,1
URL-10068,31,4,3.603,0,1,1,0
URL-10069,44,2,4.277,0,1,1,1
URL-10070,104,1,3.918,0,1,0,1
URL-10071,23,2,4.121,0,1,0,0
URL-10072,49,1,3.988,0,1,0,0
URL-10073,76,0,5.073,0,1,1,1
URL-10074,35,1,3.89,0,1,0,0
URL-10075,45,2,3.597,0,1,0,0
URL-10076,92,3,4.409,0,1,3,1
URL-10077,37,0,3.283,0,1,0,0
URL-10078,28,2,4.11,0,1,0,0
URL-10079,16,2,3.219,0,1,0,0
URL-10080,92,2,4.454,0,0,0,1
URL-10081,30,1,3.643,0,1,0,0
URL-10082,39,2,2.873,0,1,0,0
URL-10083,33,1,3.541,0,1,0,0
URL-10084,46,3,4.072,0,1,0,0
URL-10085,30,2,3.645,0,1,0,0
URL-10086,37,0,3.511,0,1,0,0
URL-10087,52,1,3.206,0,1,0,0
URL-10088,67,4,4.473,0,0,1,1
URL-10089,37,0,3.802,0,1,0,0
URL-10090,30,0,3.51,0,1,0,0
URL-10091,30,1,3.719,0,1,0,0
URL-10092,45,2,4.462,0,1,3,1
URL-10093,31,0,3.756,0,1,1,0
URL-10094,65,6,3.893,0,1,2,1
URL-10095,35,2,3.969,0,1,0,0
URL-10096,21,1,3.604,0,1,0,0
URL-10097,59,0,3.134,0,1,0,0
URL-10098,41,2,3.543,0,1,0,0
URL-10099,21,2,3.554,0,1,0,0
URL-10100,32,1,3.327,0,1,0,0
URL-10101,39,3,3.353,0,1,0,0
URL-10102,58,0,4.234,0,1,0,0
URL-10103,24,1,3.162,0,1,0,0
URL-10104,95,2,4.626,0,0,3,1
URL-10105,54,2,3.696,0,1,0,0
URL-10106,30,1,4.263,0,1,0,0
URL-10107,83,5,4.536,0,1,1,1
URL-10108,25,0,2.87,0,0,0,0
URL-10109,35,0,2.752,0,1,0,0
URL-10110,37,0,4.382,0,1,0,0
URL-10111,45,1,2.832,0,0,0,0
URL-10112,90,3,4.964,0,0,1,1
URL-10113,47,3,4.583,0,1,1,1
URL-10114,14,1,3.224,0,1,0,0
URL-10115,100,4,4.054,1,0,0,1
URL-10116,58,3,5.184,0,0,1,1
URL-10117,40,2,3.927,0,1,0,0
URL-10118,95,3,4.701,0,0,0,1
URL-10119,39,1,3.351,0,1,0,0
URL-10120,104,0,4.688,1,1,1,1
URL-10121,137,6,5.165,0,1,1,1
URL-10122,33,0,3.531,0,1,0,0
URL-10123,31,0,4.23,0,1,0,0
URL-10124,35,1,3.343,0,0,0,0
URL-10125,57,3,3.649,0,1,0,0
URL-10126,72,6,5.368,0,0,3,1
URL-10127,114,1,4.383,0,0,1,1
URL-10128,32,3,3.863,0,1,0,0
URL-10129,51,0,3.913,0,1,0,0
URL-10130,61,0,4.144,0,1,1,0
URL-10131,43,0,3.656,0,1,1,0
URL-10132,38,1,3.933,0,1,0,0
URL-10133,38,1,3.718,0,1,1,0
URL-10134,64,8,4.136,0,1,3,1
URL-10135,46,3,2.97,0,1,0,0
URL-10136,39,3,3.419,0,1,0,0
URL-10137,43,1,3.099,0,1,0,0
URL-10138,29,1,3.869,0,1,0,0
URL-10139,30,4,4.693,0,0,1,1
URL-10140,77,4,4.753,1,0,4,1
URL-10141,50,0,3.889,0,1,0,0
URL-10142,33,2,3.087,0,1,0,0
URL-10143,62,3,4.006,0,1,0,0
URL-10144,43,0,3.443,0,1,0,0
URL-10145,22,0,3.661,0,1,0,0
URL-10146,36,0,4.007,0,1,0,0
URL-10147,30,1,3.709,0,0,0,0
URL-10148,12,0,3.453,0,1,0,0
URL-10149,57,1,3.806,0,1,0,0
URL-10150,92,4,4.754,0,1,2,1
URL-10151,44,0,2.825,0,1,0,0
URL-10152,39,1,3.901,0,1,0,0
URL-10153,21,1,3.041,0,1,0,0
URL-10154,50,3,4.056,1,0,3,1
URL-10155,48,4,3.549,0,1,0,0
URL-10156,25,2,3.495,0,1,0,0
URL-10157,109,4,4.482,0,0,3,1
URL-10158,35,0,3.342,0,0,0,0
URL-10159,36,0,3.505,0,1,0,0
URL-10160,39,0,3.57,0,1,0,0
URL-10161,46,0,3.184,0,1,0,0
URL-10162,45,4,3.76,0,1,1,0
URL-10163,41,2,3.783,0,1,0,0
URL-10164,52,0,3.669,0,1,0,0
URL-10165,86,2,4.625,0,0,4,1
URL-10166,44,0,3.801,0,1,0,0
URL-10167,45,0,3.717,0,1,1,0
URL-10168,23,0,2.816,0,1,0,0
URL-10169,19,0,3.574,0,1,0,0
URL-10170,29,0,4.177,0,1,0,0
URL-10171,30,1,3.84,0,1,0,0
URL-10172,47,0,3.904,0,1,0,0
URL-10173,30,2,3.255,0,1,0,0
URL-10174,27,1,3.544,0,1,0,0
URL-10175,30,0,3.436,0,1,0,0
URL-10176,51,0,3.499,0,1,0,0
URL-10177,38,1,3.32,0,1,0,0
URL-10178,129,3,4.383,0,0,5,1
URL-10179,36,1,3.523,0,1,0,0
URL-10180,53,1,3.227,0,1,0,0
URL-10181,29,1,3.705,0,1,1,0
URL-10182,91,3,4.096,0,1,1,1
URL-10183,55,3,4.121,1,1,1,1
URL-10184,36,0,3.984,0,1,0,0
URL-10185,68,1,3.652,0,1,0,0
URL-10186,102,5,4.697,0,1,2,1
URL-10187,33,1,3.382,0,1,0,0
URL-10188,23,1,3.07,0,1,0,0
URL-10189,49,2,3.478,0,1,0,0
URL-10190,58,0,3.738,0,1,0,0
URL-10191,46,4,4.333,0,0,0,1
URL-10192,72,1,4.378,1,0,1,1
URL-10193,35,2,3.517,0,1,0,0
URL-10194,33,0,3.917,0,1,0,0
URL-10195,17,0,3.094,0,1,0,0
URL-10196,62,1,3.551,0,1,1,0
URL-10197,63,3,4.297,0,0,0,1
URL-10198,103,2,4.103,0,1,4,1
URL-10199,130,4,4.059,0,1,2,1
URL-10200,26,2,2.922,0,1,1,0
URL-10201,42,3,3.889,0,1,0,0
URL-10202,35,3,3.626,0,1,0,0
URL-10203,87,2,4.232,0,0,1,1
URL-10204,37,1,3.971,0,1,0,0
URL-10205,20,0,3.223,0,1,0,0
URL-10206,38,1,3.031,0,1,1,0
URL-10207,50,2,3.141,0,1,0,0
URL-10208,37,1,3.686,0,0,0,0
URL-10209,47,2,3.327,0,1,0,0
URL-10210,25,0,3.194,0,1,0,0
URL-10211,37,0,3.158,0,1,0,0
URL-10212,30,2,3.561,0,1,0,0
URL-10213,46,1,3.49,0,1,0,0
URL-10214,38,2,3.003,0,1,0,0
URL-10215,46,3,3.015,0,1,0,0
URL-10216,51,0,3.316,0,1,0,0
URL-10217,46,0,3.821,0,1,0,0
URL-10218,41,2,3.351,0,1,0,0
URL-10219,72,4,4.187,0,0,2,1
URL-10220,37,0,3.47,0,1,0,0
URL-10221,31,1,3.513,0,1,0,0
URL-10222,33,0,2.98,0,1,0,0
URL-10223,33,1,3.074,0,1,0,0
URL-10224,26,2,3.76,0,1,0,0
URL-10225,14,1,3.069,0,1,0,0
URL-10226,114,2,4.313,1,0,3,1
URL-10227,40,2,2.959,0,1,0,0
URL-10228,85,5,4.107,0,0,0,1
URL-10229,38,1,3.508,0,1,1,0
URL-10230,87,4,4.683,0,1,4,1
URL-10231,50,1,3.313,0,1,0,0
URL-10232,57,2,3.553,0,1,0,0
URL-10233,42,0,3.303,0,1,0,0
URL-10234,52,0,3.168,0,0,0,0
URL-10235,29,1,3.672,0,1,0,0
URL-10236,30,3,3.563,0,1,0,0
URL-10237,12,1,3.515,0,1,0,0
URL-10238,52,0,3.494,0,1,0,0
URL-10239,56,0,3.219,0,1,0,0
URL-10240,108,6,3.899,1,0,2,1
URL-10241,66,5,4.104,0,1,2,1
URL-10242,76,5,4.098,0,1,1,1
URL-10243,42,1,3.496,0,1,0,0
URL-10244,51,0,3.363,0,1,0,0
URL-10245,21,3,3.995,0,1,3,1
URL-10246,42,0,3.467,0,1,0,0
URL-10247,83,6,4.796,0,0,1,1
URL-10248,108,3,4.876,0,1,1,1
URL-10249,65,2,4.124,0,1,2,1
URL-10250,35,0,3.112,0,1,0,0
URL-10251,36,0,3.331,0,1,0,0
URL-10252,62,1,4.487,0,1,2,1
URL-10253,49,0,3.724,0,1,0,0
URL-10254,43,0,2.984,0,1,0,0
URL-10255,40,1,3.773,0,1,0,0
URL-10256,62,4,4.521,1,0,0,1
URL-10257,33,1,4.219,0,1,0,0
URL-10258,48,0,4.131,0,1,0,0
URL-10259,38,0,3.221,0,1,0,0
URL-10260,45,2,3.933,0,1,0,0
URL-10261,49,2,4.721,0,1,2,1
URL-10262,50,0,3.607,0,0,1,0
URL-10263,39,2,4.102,0,0,0,0
URL-10264,92,2,4.718,0,1,2,1
URL-10265,12,0,3.52,0,1,0,0
URL-10266,35,1,2.818,0,1,0,0
URL-10267,34,1,3.811,0,1,0,0
URL-10268,42,1,4.236,0,1,0,0
URL-10269,36,1,3.701,0,1,0,0
URL-10270,95,3,4.855,0,0,2,1
URL-10271,97,3,4.502,0,1,1,1
URL-10272,80,4,4.105,0,1,2,1
URL-10273,113,3,4.383,0,0,3,1
URL-10274,58,2,3.673,0,1,1,0
URL-10275,36,1,3.092,0,1,0,0
URL-10276,113,0,4.643,0,0,3,1
URL-10277,49,3,3.323,0,1,0,0
URL-10278,28,1,3.424,0,1,0,0
URL-10279,66,3,4.419,1,0,0,1
URL-10280,85,5,4.169,0,0,1,1
URL-10281,48,1,4.525,0,0,0,0
URL-10282,39,0,3.288,0,1,0,0
URL-10283,41,0,2.959,0,1,0,0
URL-10284,28,1,3.557,0,1,0,0
URL-10285,46,1,3.198,0,1,1,0
URL-10286,63,2,3.357,0,1,0,0
URL-10287,25,0,3.717,0,0,1,0
URL-10288,33,2,3.119,0,1,0,0
URL-10289,40,0,3.373,0,1,0,0
URL-10290,47,3,3.603,0,1,0,0
URL-10291,31,1,3.228,0,1,0,0
URL-10292,56,5,3.953,0,1,1,1
URL-10293,54,2,3.602,0,1,0,0
URL-10294,47,2,3.459,0,1,0,0
URL-10295,17,0,3.555,0,1,1,0
URL-10296,68,7,4.811,0,0,2,1
URL-10297,56,0,3.264,0,1,0,0
URL-10298,55,1,2.986,0,1,0,0
URL-10299,49,2,3.138,0,1,1,0
URL-10300,35,2,3.081,0,1,0,0
URL-10301,38,0,3.931,0,1,0,0
URL-10302,36,2,2.892,0,1,0,0
URL-10303,51,0,3.72,0,1,0,0
URL-10304,27,1,3.26,0,1,0,0
URL-10305,99,4,3.724,0,0,3,1
URL-10306,50,0,3.352,0,1,0,0
URL-10307,37,2,3.511,0,1,0,0
URL-10308,82,3,4.253,0,1,0,1
URL-10309,29,1,3.939,0,1,0,0
URL-10310,37,0,3.3,0,1,0,0
URL-10311,26,1,3.284,0,1,0,0
URL-10312,38,0,3.679,0,0,0,0
URL-10313,54,3,3.869,0,0,1,1
URL-10314,89,0,4.611,0,1,0,1
URL-10315,20,1,3.628,0,1,0,0
URL-10316,46,0,3.734,0,1,0,0
URL-10317,46,2,3.617,0,1,0,0
URL-10318,17,1,3.466,0,1,0,0
URL-10319,54,3,3.312,0,1,0,0
URL-10320,67,0,4.056,0,1,0,0
URL-10321,38,1,4.101,0,1,0,0
URL-10322,30,1,3.538,0,1,0,0
URL-10323,71,2,3.261,0,1,0,0
URL-10324,52,3,4.071,0,1,1,1
URL-10325,38,1,3.651,0,1,0,0
URL-10326,40,0,3.07,0,1,0,0
URL-10327,54,0,3.078,0,1,0,0
URL-10328,42,1,3.331,0,1,1,0
URL-10329,32,1,3.678,0,1,0,0
URL-10330,26,0,4.014,0,1,0,0
URL-10331,70,1,3.709,1,1,2,1
URL-10332,25,0,3.674,0,1,0,0
URL-10333,38,1,3.844,0,1,0,0
URL-10334,31,1,3.811,0,0,0,0
URL-10335,20,1,3.307,0,1,0,0
URL-10336,89,1,4.114,1,0,1,1
URL-10337,32,2,3.861,0,1,0,0
URL-10338,22,0,3.609,0,1,0,0
URL-10339,35,2,3.548,0,1,0,0
URL-10340,38,1,3.71,0,1,0,0
URL-10341,17,3,3.673,0,1,0,0
URL-10342,41,2,2.848,0,1,0,0
URL-10343,25,2,3.65,0,1,0,0
URL-10344,58,0,3.913,0,1,0,0
URL-10345,44,0,3.846,0,1,0,0
URL-10346,33,2,3.632,0,1,0,0
URL-10347,29,0,3.552,0,1,1,0
URL-10348,36,2,3.361,0,1,0,0
URL-10349,45,0,3.46,0,1,0,0
URL-10350,37,1,3.755,0,0,0,0
URL-10351,105,4,4.984,0,0,1,1
URL-10352,38,2,3.816,0,1,0,0
URL-10353,30,1,3.318,0,1,0,0
URL-10354,33,1,3.879,0,0,0,0
URL-10355,12,0,3.284,0,1,0,0
URL-10356,49,2,3.571,0,1,0,0
URL-10357,41,3,3.303,0,0,0,0
URL-10358,69,5,4.443,0,0,1,1
URL-10359,60,0,4.212,0,1,1,0
URL-10360,39,1,3.678,0,1,0,0
URL-10361,25,0,3.579,0,1,0,0
URL-10362,48,0,3.994,0,1,0,0
URL-10363,42,0,2.602,0,1,1,0
URL-10364,87,1,4.729,0,0,0,1
URL-10365,32,0,3.325,0,1,0,0
URL-10366,93,1,4.256,0,1,2,1
URL-10367,100,2,4.008,0,1,2,1
URL-10368,44,1,3.423,0,1,0,0
URL-10369,15,3,3.743,0,0,0,0
URL-10370,32,1,3.449,0,1,0,0
URL-10371,58,4,3.78,0,1,0,0
URL-10372,28,1,3.525,0,1,0,0
URL-10373,30,1,3.908,0,1,0,0
URL-10374,32,4,3.324,0,0,0,0
URL-10375,23,1,2.845,0,1,0,0
URL-10376,103,5,4.43,1,0,0,1
URL-10377,35,2,3.326,0,1,0,0
URL-10378,59,3,4.482,0,0,6,1
URL-10379,37,1,3.293,0,1,0,0
URL-10380,36,0,3.899,0,0,1,0
URL-10381,38,2,2.975,0,1,1,0
URL-10382,50,1,4.028,0,1,0,0
URL-10383,56,1,4.481,0,1,3,1
URL-10384,31,3,3.065,0,1,0,0
URL-10385,64,4,4.109,0,1,3,1
URL-10386,44,1,4.025,0,1,0,0
URL-10387,54,1,3.251,0,1,1,0
URL-10388,116,2,4.625,0,0,4,1
URL-10389,99,3,4.489,0,0,2,1
URL-10390,88,0,4.488,0,0,1,1
URL-10391,26,4,3.344,0,1,0,0
URL-10392,38,2,3.656,0,1,0,0
URL-10393,91,6,4.83,0,0,2,1
URL-10394,16,0,3.462,0,1,0,0
URL-10395,70,2,4.35,0,1,2,1
URL-10396,84,4,4.233,0,1,3,1
URL-10397,40,0,4.477,0,1,0,0
URL-10398,87,3,4.63,0,0,1,1
URL-10399,72,3,4.001,1,0,2,1
URL-10400,37,2,3.514,0,1,0,0
URL-10401,117,4,4.072,0,0,1,1
URL-10402,54,0,3.517,0,1,0,0
URL-10403,74,6,4.24,0,1,0,1
URL-10404,35,2,3.29,0,1,1,0
URL-10405,66,4,4.31,0,0,2,1
URL-10406,44,3,4.014,0,1,0,0
URL-10407,34,0,3.198,0,1,0,0
URL-10408,49,3,4.869,0,0,1,1
URL-10409,48,1,3.624,0,0,0,0
URL-10410,38,1,3.755,0,1,0,0
URL-10411,57,3,4.667,0,1,1,1
URL-10412,100,3,4.77,0,1,0,1
URL-10413,21,0,3.226,0,1,0,0
URL-10414,39,1,3.561,0,1,0,0
URL-10415,34,1,4.019,0,1,0,0
URL-10416,45,1,4.057,0,1,0,0
URL-10417,37,1,3.579,0,1,0,0
URL-10418,40,0,3.314,0,1,0,0
URL-10419,73,2,4.298,0,1,1,1
URL-10420,72,3,4.847,0,0,1,1
URL-10421,59,2,4.395,0,0,4,1
URL-10422,46,1,3.772,0,1,0,0
URL-10423,27,1,3.167,0,1,0,0
URL-10424,41,1,3.796,0,0,0,0
URL-10425,22,1,3.554,0,1,0,0
URL-10426,43,0,3.9,0,1,0,0
URL-10427,71,1,4.073,1,1,4,1
URL-10428,38,3,3.704,0,1,0,0
URL-10429,46,1,3.66,0,1,0,0
URL-10430,23,1,3.309,0,1,0,0
URL-10431,61,5,4.129,1,0,2,1
URL-10432,43,2,3.782,0,1,0,0
URL-10433,63,1,3.2,0,1,0,0
URL-10434,36,1,3.382,0,0,0,0
URL-10435,45,1,3.372,0,1,0,0
URL-10436,36,1,3.628,0,1,0,0
URL-10437,45,6,4.983,0,1,1,1
URL-10438,17,2,2.955,0,1,0,0
URL-10439,39,0,3.246,0,1,1,0
URL-10440,18,1,3.23,0,1,0,0
URL-10441,64,2,4.393,0,1,0,1
URL-10442,41,1,2.803,0,1,0,0
URL-10443,39,0,3.897,0,1,0,0
URL-10444,77,1,4.498,0,1,1,1
URL-10445,56,3,3.938,0,0,1,1
URL-10446,92,3,4.521,1,0,2,1
URL-10447,33,3,4.531,1,1,1,1
URL-10448,44,2,3.677,0,1,1,0
URL-10449,30,2,3.495,0,1,1,0
URL-10450,82,4,4.397,0,0,1,1
URL-10451,35,2,3.796,0,1,0,0
URL-10452,33,0,3.686,0,1,0,0
URL-10453,52,1,3.682,0,1,0,1
URL-10454,52,0,3.549,0,1,0,0
URL-10455,39,2,3.728,0,1,0,0
URL-10456,12,1,3.457,0,1,0,0
URL-10457,33,3,3.613,0,1,0,0
URL-10458,70,1,3.632,0,1,0,0
URL-10459,35,0,3.345,0,1,0,0
URL-10460,51,1,3.274,0,1,1,0
URL-10461,55,2,3.724,0,1,0,0
URL-10462,40,0,3.659,0,1,0,0
URL-10463,27,3,4.014,0,1,0,0
URL-10464,123,5,4.152,1,1,3,1
URL-10465,46,0,3.152,0,1,0,0
URL-10466,28,1,3.504,0,1,0,0
URL-10467,87,4,4.138,0,1,2,1
URL-10468,23,5,2.757,0,1,1,0
URL-10469,29,0,4.921,0,1,1,1
URL-10470,38,0,3.733,0,1,0,0
URL-10471,99,5,3.935,0,1,2,1
URL-10472,24,0,3.375,0,1,0,0
URL-10473,42,1,4.725,0,0,0,1
URL-10474,30,2,3.496,0,1,0,0
URL-10475,120,4,4.945,0,0,3,1
URL-10476,36,5,3.736,0,1,0,0
URL-10477,38,0,3.521,0,1,0,0
URL-10478,101,4,4.482,0,0,1,1
URL-10479,54,3,2.816,0,1,0,0
URL-10480,35,1,3.381,0,1,0,0
URL-10481,36,1,3.757,0,1,0,0
URL-10482,24,4,3.9,0,1,0,0
URL-10483,47,0,3.771,0,1,0,0
URL-10484,40,0,3.166,0,1,0,0
URL-10485,70,6,4.277,0,1,0,1
URL-10486,15,1,2.717,0,1,0,0
URL-10487,55,0,3.516,0,1,2,0
URL-10488,133,2,4.805,0,1,0,1
URL-10489,74,1,4.602,0,1,1,1
URL-10490,42,1,3.702,0,1,0,0
URL-10491,23,0,3.693,0,1,0,0
URL-10492,20,1,3.389,0,1,0,0
URL-10493,12,0,2.649,0,1,0,0
URL-10494,46,0,3.969,0,1,0,0
URL-10495,31,0,3.651,0,1,0,0
URL-10496,73,0,3.062,0,1,0,0
URL-10497,26,2,3.63,0,1,0,0
URL-10498,62,4,4.998,0,0,1,1
URL-10499,64,4,4.565,0,1,2,1
URL-10500,40,1,3.665,0,1,0,0
URL-10501,32,0,3.666,0,1,0,0
URL-10502,45,1,3.57,0,1,0,0
URL-10503,83,2,4.222,0,0,1,1
URL-10504,21,1,3.735,0,0,0,0
URL-10505,16,0,3.491,0,1,0,0
URL-10506,60,2,4.917,1,0,1,1
URL-10507,72,2,4.464,0,0,1,1
URL-10508,107,6,5.5,1,0,0,1
URL-10509,30,1,3.871,0,1,1,0
URL-10510,52,2,4.193,0,1,0,0
URL-10511,52,2,3.904,0,1,0,0
URL-10512,50,1,4.751,1,1,1,1
URL-10513,95,4,4.253,0,1,1,1
URL-10514,31,1,3.398,0,1,0,0
URL-10515,30,0,3.155,0,1,0,0
URL-10516,30,1,4.181,0,1,0,0
URL-10517,55,2,5.3,0,0,2,1
URL-10518,91,5,4.517,0,1,3,1
URL-10519,33,2,3.432,0,1,0,0
URL-10520,30,0,3.46,0,1,1,0
URL-10521,40,0,3.711,0,1,0,0
URL-10522,25,1,4.918,0,1,3,1
URL-10523,63,1,5.165,0,1,0,1
URL-10524,77,4,3.803,0,0,0,1
URL-10525,26,4,3.443,0,1,0,0
URL-10526,18,0,3.414,0,1,1,0
URL-10527,42,3,3.409,0,1,0,0
URL-10528,28,1,3.377,0,1,0,0
URL-10529,73,4,4.19,0,1,3,1
URL-10530,22,2,4.013,0,1,1,1
URL-10531,24,2,4.091,0,0,3,1
URL-10532,62,4,4.742,0,1,3,1
URL-10533,19,3,3.085,0,1,0,0
URL-10534,12,4,3.753,0,1,3,1
URL-10535,65,4,4.413,0,1,3,1
URL-10536,64,3,4.06,0,0,3,1
URL-10537,27,1,3.175,0,1,0,0
URL-10538,12,0,4.398,0,1,0,0
URL-10539,33,1,3.413,0,1,0,0
URL-10540,81,2,4.198,0,0,3,1
URL-10541,46,1,3.548,0,1,0,0
URL-10542,21,1,3.767,0,1,0,0
URL-10543,19,1,3.451,0,1,0,0
URL-10544,43,1,3.585,0,1,1,0
URL-10545,50,2,3.851,0,1,0,0
URL-10546,19,0,3.166,0,1,0,0
URL-10547,50,2,3.562,0,1,0,0
URL-10548,38,1,3.276,0,1,2,0
URL-10549,85,4,4.886,0,0,3,1
URL-10550,37,2,4.113,0,1,0,0
URL-10551,67,4,4.845,0,1,1,1
URL-10552,36,2,3.128,0,1,0,0
URL-10553,50,3,3.461,0,1,0,0
URL-10554,40,2,4.383,0,0,2,1
URL-10555,33,0,3.424,0,1,0,0
URL-10556,35,1,3.263,0,1,0,0
URL-10557,12,2,3.679,0,1,0,0
URL-10558,66,4,4.905,0,0,5,1
URL-10559,27,0,3.439,0,1,0,0
URL-10560,44,1,3.276,0,1,0,0
URL-10561,36,2,3.532,0,1,0,0
URL-10562,53,1,4.022,0,1,0,0
URL-10563,42,0,3.681,0,1,0,0
URL-10564,35,2,3.451,0,1,0,0
URL-10565,27,3,2.777,0,1,0,0
URL-10566,47,2,3.482,0,1,0,0
URL-10567,15,1,3.772,0,1,0,0
URL-10568,80,1,4.24,0,0,1,1
URL-10569,24,3,3.959,0,1,0,0
URL-10570,53,1,3.264,0,1,0,0
URL-10571,96,3,4.473,0,1,2,1
URL-10572,45,0,3.458,0,1,0,0
URL-10573,38,2,3.748,0,1,0,0
URL-10574,80,4,4.478,0,0,3,1
URL-10575,84,5,4.558,0,1,4,1
URL-10576,46,1,3.365,0,1,0,0
URL-10577,83,0,4.602,0,0,0,1
URL-10578,52,1,3.888,0,1,0,0
URL-10579,42,1,3.609,0,1,0,0
URL-10580,26,0,3.761,0,1,1,0
URL-10581,66,2,3.841,0,0,1,1
URL-10582,39,1,3.781,0,1,0,0
URL-10583,12,2,3.128,0,1,0,0
URL-10584,58,0,3.184,0,1,0,0
URL-10585,43,0,3.83,0,1,1,0
URL-10586,52,1,3.475,0,1,1,0
URL-10587,19,3,3.414,0,1,0,0
URL-10588,52,0,3.178,0,1,0,0
URL-10589,64,0,3.782,0,1,1,0
URL-10590,22,1,4.153,0,1,0,0
URL-10591,47,2,3.713,0,1,0,0
URL-10592,38,1,3.343,0,1,0,0
URL-10593,19,0,3.985,0,1,0,0
URL-10594,86,2,4.408,0,1,1,1
URL-10595,48,0,3.348,0,1,0,0
URL-10596,30,2,3.946,0,1,0,0
URL-10597,51,2,3.437,0,1,0,0
URL-10598,17,0,2.995,0,0,0,0
URL-10599,20,2,3.389,0,1,0,0
URL-10600,39,2,3.686,0,0,0,0
URL-10601,38,2,3.249,0,1,0,0
URL-10602,29,1,2.845,0,1,0,0
URL-10603,47,1,4.014,0,1,0,0
URL-10604,44,1,4.548,0,1,0,0
URL-10605,48,1,3.334,0,1,0,0
URL-10606,36,3,3.28,0,1,0,0
URL-10607,45,2,3.029,0,1,0,0
URL-10608,32,0,3.213,0,1,0,0
URL-10609,62,0,2.965,0,1,0,0
URL-10610,28,2,3.043,0,1,0,0
URL-10611,62,1,4.344,0,0,0,1
URL-10612,38,1,2.947,0,1,0,0
URL-10613,21,0,2.986,0,1,0,0
URL-10614,108,1,4.555,0,1,0,1
URL-10615,71,3,4.545,0,1,2,1
URL-10616,48,4,3.625,0,1,0,0
URL-10617,52,1,3.38,0,1,1,0
URL-10618,32,1,3.443,0,0,3,1
URL-10619,30,0,3.773,0,1,0,0
URL-10620,49,1,3.308,0,1,0,0
URL-10621,38,1,3.748,0,1,0,0
URL-10622,46,1,3.353,0,1,0,0
URL-10623,12,1,3.213,0,1,0,0
URL-10624,43,1,3.124,0,1,0,0
URL-10625,30,1,2.92,0,1,0,0
URL-10626,57,1,3.066,0,1,0,0
URL-10627,45,3,2.879,0,1,0,0
URL-10628,40,1,3.152,0,1,0,0
URL-10629,43,1,3.787,0,1,0,0
URL-10630,26,1,3.497,0,1,0,0
URL-10631,109,2,4.773,0,0,1,1
URL-10632,61,2,3.258,0,1,0,0
URL-10633,42,0,3.472,0,0,0,0
URL-10634,57,0,3.511,0,1,0,0
URL-10635,31,2,3.11,0,1,0,0
URL-10636,28,0,3.662,0,1,0,0
URL-10637,38,3,3.386,0,1,0,0
URL-10638,43,0,3.604,0,1,0,0
URL-10639,33,1,3.489,0,1,0,0
URL-10640,44,2,3.004,0,1,0,0
URL-10641,41,0,3.955,0,1,0,0
URL-10642,26,0,3.496,0,1,0,0
URL-10643,44,1,3.371,0,0,1,0
URL-10644,48,1,3.704,0,1,0,0
URL-10645,79,2,4.035,0,1,1,1
URL-10646,51,1,2.949,0,1,0,0
URL-10647,23,1,3.695,0,1,0,0
URL-10648,86,2,4.637,0,1,0,1
URL-10649,23,0,3.6,0,1,0,0
URL-10650,24,1,3.782,0,1,0,0
URL-10651,30,0,3.057,0,1,0,0
URL-10652,26,2,3.374,0,1,0,0
URL-10653,31,2,3.27,0,1,0,0
URL-10654,35,2,3.86,0,1,0,0
URL-10655,48,0,3.673,0,1,0,0
URL-10656,34,1,3.861,0,1,0,0
URL-10657,18,1,3.284,0,1,1,0
URL-10658,51,0,3.104,0,1,1,0
URL-10659,27,0,3.965,0,0,0,0
URL-10660,37,0,3.509,0,1,0,0
URL-10661,111,1,4.526,0,1,2,1
URL-10662,40,3,3.477,0,1,0,0
URL-10663,51,5,4.271,0,1,0,0
URL-10664,43,2,3.912,0,1,0,0
URL-10665,27,1,3.444,0,1,0,0
URL-10666,64,0,3.507,0,1,0,0
URL-10667,40,1,3.508,0,1,0,0
URL-10668,36,2,3.102,0,0,0,0
URL-10669,49,1,3.331,0,1,0,0
URL-10670,40,1,3.305,0,0,0,0
URL-10671,66,3,4.748,0,0,1,1
URL-10672,67,1,3.215,0,1,1,0
URL-10673,34,1,3.447,0,1,0,0
URL-10674,34,1,3.372,0,1,0,0
URL-10675,68,2,3.872,1,0,0,1
URL-10676,50,3,4.014,0,1,0,0
URL-10677,19,0,3.883,0,1,0,0
URL-10678,65,8,4.609,0,1,1,1
URL-10679,78,3,5.037,0,0,1,1
URL-10680,15,5,4.304,0,0,3,1
URL-10681,32,2,3.274,0,1,0,0
URL-10682,44,1,4.254,0,1,0,0
URL-10683,27,0,3.316,0,1,0,0
URL-10684,79,1,4.079,0,0,0,1
URL-10685,38,0,4.114,0,1,0,0
URL-10686,48,3,3.839,0,1,0,0
URL-10687,17,0,3.345,0,1,0,0
URL-10688,53,2,4.436,0,1,1,1
URL-10689,47,1,3.416,0,1,0,0
URL-10690,49,1,3.44,0,1,0,0
URL-10691,52,0,3.218,0,1,0,0
URL-10692,64,1,2.648,0,1,0,0
URL-10693,33,1,3.001,0,1,0,0
URL-10694,39,0,3.113,0,1,0,0
URL-10695,33,2,3.647,0,1,0,0
URL-10696,38,3,3.554,0,1,1,0
URL-10697,56,0,3.88,0,1,0,0
URL-10698,21,0,3.079,0,1,0,0
URL-10699,27,2,4.125,0,0,0,0
URL-10700,54,1,4.093,0,1,0,0
URL-10701,50,1,3.512,0,1,0,0
URL-10702,33,0,3.26,0,1,0,0
URL-10703,48,1,3.278,0,1,1,0
URL-10704,42,0,3.569,0,1,0,0
URL-10705,56,2,4.501,0,1,0,1
URL-10706,38,0,3.467,0,1,0,0
URL-10707,83,1,4.087,0,0,1,1
URL-10708,69,0,4.163,0,1,0,0
URL-10709,45,1,3.36,0,1,0,0
URL-10710,85,1,4.483,0,0,0,1
URL-10711,46,1,3.719,0,1,0,0
URL-10712,33,0,3.448,0,1,0,0
URL-10713,66,2,3.838,0,1,0,0
URL-10714,40,0,3.243,0,1,0,0
URL-10715,86,3,4.705,0,0,0,1
URL-10716,121,3,3.826,0,1,1,1
URL-10717,78,2,4.292,0,1,3,1
URL-10718,48,0,3.692,0,1,0,0
URL-10719,32,0,3.689,0,1,0,0
URL-10720,46,2,4.631,0,1,2,1
URL-10721,19,2,3.313,0,1,0,0
URL-10722,40,2,3.373,0,1,0,0
URL-10723,43,1,3.705,0,1,0,0
URL-10724,58,1,3.01,0,1,0,0
URL-10725,123,1,5.477,0,0,1,1
URL-10726,22,0,3.106,0,1,1,0
URL-10727,91,4,3.982,0,0,3,1
URL-10728,21,1,3.89,0,1,0,0
URL-10729,54,3,3.071,0,1,0,0
URL-10730,56,0,3.585,0,1,0,0
URL-10731,81,5,4.157,0,1,1,1
URL-10732,52,0,3.158,0,1,0,0
URL-10733,39,2,3.071,0,1,0,0
URL-10734,36,1,3.252,0,1,0,0
URL-10735,85,2,4.401,0,1,0,1
URL-10736,34,1,3.428,0,1,0,0
URL-10737,108,3,4.091,0,1,2,1
URL-10738,41,0,3.648,0,1,0,0
URL-10739,37,1,3.783,0,1,0,0
URL-10740,46,3,2.965,0,1,0,0
URL-10741,39,0,3.412,0,1,0,0
URL-10742,36,1,3.168,0,0,0,0
URL-10743,27,2,3.12,0,1,0,0
URL-10744,38,0,2.951,0,0,0,0
URL-10745,109,5,4.672,0,0,3,1
URL-10746,24,1,3.318,0,1,0,0
URL-10747,39,0,3.638,0,1,1,0
URL-10748,74,1,5.09,0,0,2,1
URL-10749,29,1,3.132,0,1,1,0
URL-10750,30,1,3.096,0,1,0,0
URL-10751,99,5,4.576,0,0,0,1
URL-10752,24,1,3.349,0,1,0,0
URL-10753,42,1,3.811,0,1,0,0
URL-10754,27,0,3.111,0,1,0,0
URL-10755,87,4,4.027,0,0,2,1
URL-10756,66,2,3.714,0,1,0,0
URL-10757,27,3,2.838,0,1,0,0
URL-10758,89,3,4.61,0,1,0,1
URL-10759,31,1,4.369,0,1,1,1
URL-10760,50,0,3.4,0,1,0,0
URL-10761,22,4,3.711,0,1,0,0
URL-10762,43,0,3.145,0,1,0,0
URL-10763,27,2,3.961,0,1,0,0
URL-10764,35,0,2.969,0,0,0,0
URL-10765,25,0,3.37,0,1,1,0
URL-10766,73,8,4.422,0,0,2,1
URL-10767,59,4,4.121,0,1,2,1
URL-10768,44,2,2.466,0,1,0,0
URL-10769,119,1,4.447,0,0,2,1
URL-10770,36,0,3.387,0,1,1,0
URL-10771,62,2,5.052,0,1,2,1
URL-10772,28,2,3.383,0,1,0,0
URL-10773,40,0,4.247,0,1,0,0
URL-10774,74,1,4.812,0,1,0,1
URL-10775,28,0,4.238,0,1,0,0
URL-10776,52,1,3.666,0,1,0,0
URL-10777,55,1,3.819,0,1,0,0
URL-10778,28,0,3.134,0,1,0,0
URL-10779,20,2,3.407,0,1,0,0
URL-10780,41,3,3.82,0,1,0,0
URL-10781,31,1,3.611,0,1,0,0
URL-10782,60,3,3.537,0,1,0,0
URL-10783,38,0,3.229,0,0,0,0
URL-10784,28,0,3.908,0,1,0,0
URL-10785,89,5,4.769,0,1,1,1
URL-10786,51,0,3.865,0,0,0,0
URL-10787,31,1,3.602,0,1,0,0
URL-10788,38,2,3.504,0,1,0,0
URL-10789,71,2,4.328,0,1,0,1
URL-10790,32,1,3.828,0,1,0,0
URL-10791,37,1,3.188,0,1,0,0
URL-10792,37,1,3.611,0,1,0,0
URL-10793,46,0,3.73,0,1,0,0
URL-10794,45,1,3.264,0,1,0,0
URL-10795,89,8,4.105,0,1,1,1
URL-10796,60,1,4.867,0,0,1,1
URL-10797,33,2,3.354,0,1,0,0
URL-10798,20,1,3.025,0,1,0,0
URL-10799,55,0,3.884,0,0,5,1
URL-10800,60,1,4.188,0,1,1,0
URL-10801,27,1,3.589,0,1,0,0
URL-10802,28,2,3.724,0,1,0,0
URL-10803,27,4,3.092,0,1,0,0
URL-10804,46,3,3.483,0,1,0,0
URL-10805,43,2,3.461,0,1,0,0
URL-10806,47,3,5.122,0,0,1,1
URL-10807,80,2,4.199,1,1,3,1
URL-10808,39,1,3.64,0,1,0,0
URL-10809,19,2,3.397,0,1,0,0
URL-10810,62,1,4.752,0,0,4,1
URL-10811,89,1,5.251,0,1,2,1
URL-10812,22,2,3.283,0,1,0,0
URL-10813,60,0,4.878,1,0,2,1
URL-10814,49,1,4.126,1,1,3,1
URL-10815,30,1,3.587,0,1,0,0
URL-10816,51,0,2.609,0,1,0,0
URL-10817,36,1,3.321,0,1,0,0
URL-10818,36,0,3.161,0,1,0,0
URL-10819,43,1,3.48,0,1,1,0
URL-10820,54,3,3.99,0,1,2,1
URL-10821,39,4,3.621,0,1,0,0
URL-10822,33,2,3.715,0,1,0,0
URL-10823,22,0,3.9,0,1,0,0
URL-10824,42,2,3.376,0,1,1,0
URL-10825,59,1,4.014,1,1,2,1
URL-10826,36,0,3.798,0,1,0,0
URL-10827,23,2,2.919,0,1,0,0
URL-10828,57,1,3.765,0,0,0,0
URL-10829,48,2,3.55,0,1,0,0
URL-10830,49,0,3.657,0,1,1,0
URL-10831,34,0,3.628,0,1,0,0
URL-10832,17,0,3.548,0,1,1,0
URL-10833,61,1,3.562,0,0,0,0
URL-10834,37,0,3.111,0,1,0,0
URL-10835,29,1,3.272,0,1,0,0
URL-10836,48,4,4.463,0,1,5,1
URL-10837,52,0,3.736,0,1,0,0
URL-10838,37,2,3.871,0,1,1,0
URL-10839,53,1,3.379,0,1,0,0
URL-10840,50,0,3.528,0,1,0,0
URL-10841,25,3,3.684,0,1,0,0
URL-10842,29,1,3.922,0,1,0,0
URL-10843,62,4,4.094,0,0,2,1
URL-10844,12,0,3.667,0,1,0,0
URL-10845,36,0,3.749,0,1,0,0
URL-10846,20,1,3.827,0,0,1,0
URL-10847,30,3,4.257,0,0,2,1
URL-10848,34,2,3.949,0,1,0,0
URL-10849,33,2,3.002,0,1,0,0
URL-10850,31,2,3.105,0,1,0,0
URL-10851,24,1,3.668,0,1,0,0
URL-10852,65,2,3.659,0,1,0,0
URL-10853,109,3,4.562,1,1,1,1
URL-10854,24,1,3.345,0,1,1,0
URL-10855,56,0,3.35,0,1,0,0
URL-10856,33,1,3.185,0,1,0,0
URL-10857,39,2,3.484,0,1,0,0
URL-10858,37,1,2.955,0,1,0,0
URL-10859,30,1,3.896,0,1,0,0
URL-10860,107,1,4.453,0,0,0,1
URL-10861,39,2,3.953,0,1,1,0
URL-10862,32,0,3.556,0,1,0,0
URL-10863,22,0,3.487,0,1,0,0
URL-10864,27,1,3.544,0,1,0,0
URL-10865,18,0,3.255,0,1,0,0
URL-10866,38,2,3.065,0,1,0,0
URL-10867,23,3,3.155,0,1,1,0
URL-10868,59,2,4.246,0,1,0,1
URL-10869,96,1,3.826,0,0,3,1
URL-10870,52,1,3.972,0,1,0,0
URL-10871,37,0,3.253,0,1,0,0
URL-10872,36,2,3.638,0,1,0,0
URL-10873,60,2,3.705,0,1,0,0
URL-10874,44,1,3.933,0,1,0,0
URL-10875,34,1,3.739,0,1,0,0
URL-10876,20,1,3.439,0,1,0,0
URL-10877,42,0,4.097,0,1,1,0
URL-10878,47,1,3.065,0,1,0,0
URL-10879,30,0,3.171,0,1,0,0
URL-10880,41,0,3.577,0,1,0,0
URL-10881,33,2,3.53,0,1,0,0
URL-10882,35,1,3.786,0,1,0,0
URL-10883,12,3,3.556,0,1,0,0
URL-10884,45,5,3.887,0,1,3,1
URL-10885,49,0,3.849,0,1,0,0
URL-10886,30,0,3.549,0,1,0,0
URL-10887,38,2,3.738,0,1,0,0
URL-10888,28,1,3.236,0,1,0,0
URL-10889,42,0,3.259,0,1,1,0
URL-10890,35,1,3.808,0,0,0,0
URL-10891,149,2,3.556,0,0,1,1
URL-10892,36,5,4.517,0,1,2,1
URL-10893,49,2,3.257,0,1,0,0
URL-10894,30,0,3.357,0,1,0,0
URL-10895,43,1,3.6,0,1,0,0
URL-10896,44,0,3.395,0,1,0,0
URL-10897,59,1,4.542,0,1,1,1
URL-10898,17,0,3.202,0,1,0,0
URL-10899,50,0,3.277,0,1,0,0
URL-10900,31,2,3.381,0,1,0,0
URL-10901,33,1,3.403,0,1,0,0
URL-10902,69,0,4.049,0,1,0,0
URL-10903,41,2,3.823,0,1,0,0
URL-10904,33,0,3.604,0,1,0,0
URL-10905,81,8,4.981,0,0,3,1
URL-10906,55,1,4.228,0,0,2,1
URL-10907,21,1,3.666,0,1,0,0
URL-10908,25,1,3.615,0,1,0,0
URL-10909,34,1,3.665,0,1,0,0
URL-10910,54,2,3.238,0,1,0,0
URL-10911,47,2,3.393,0,1,0,0
URL-10912,36,3,3.216,0,1,0,0
URL-10913,41,0,3.643,0,1,0,0
URL-10914,30,0,3.501,0,1,0,0
URL-10915,39,0,2.841,0,1,1,0
URL-10916,38,1,3.68,0,1,0,0
URL-10917,68,6,4.221,0,1,0,1
URL-10918,83,5,4.136,0,1,0,1
URL-10919,43,2,3.824,0,1,0,0
URL-10920,72,3,4.403,0,1,1,1
URL-10921,46,0,3.105,0,1,0,0
URL-10922,100,6,4.475,1,1,3,1
URL-10923,96,2,4.265,0,1,3,1
URL-10924,33,2,3.258,0,1,0,0
URL-10925,39,3,2.679,0,1,0,0
URL-10926,48,2,3.96,0,1,0,0
URL-10927,35,1,3.4,0,1,1,0
URL-10928,23,0,3.457,0,1,0,0
URL-10929,38,1,3.612,0,1,0,0
URL-10930,39,0,4.152,0,1,0,0
URL-10931,78,2,3.813,0,1,1,1
URL-10932,24,1,5.02,0,0,0,1
URL-10933,50,0,3.839,0,1,0,0
URL-10934,30,0,3.402,0,1,0,0
URL-10935,30,1,3.209,0,1,0,0
URL-10936,25,0,2.734,0,1,0,0
URL-10937,72,3,4.858,0,0,2,1
URL-10938,55,1,3.584,0,1,0,0
URL-10939,34,3,3.691,0,1,0,0
URL-10940,35,2,3.33,0,0,0,0
URL-10941,55,1,3.738,0,1,0,0
URL-10942,44,1,3.296,0,1,0,0
URL-10943,86,4,5.249,1,0,1,1
URL-10944,23,0,3.538,0,1,0,0
URL-10945,46,2,3.895,0,1,0,0
URL-10946,26,1,3.726,0,1,0,0
URL-10947,54,4,4.666,0,0,1,1
URL-10948,49,2,4.648,0,0,2,1
URL-10949,30,0,3.372,0,1,0,0
URL-10950,35,2,3.216,0,1,0,0
URL-10951,20,1,3.693,0,0,0,0
URL-10952,49,3,3.568,0,0,0,0
URL-10953,52,3,4.177,0,0,2,1
URL-10954,14,2,3.32,0,1,0,0
URL-10955,49,0,3.761,0,1,0,0
URL-10956,28,2,3.636,0,1,0,0
URL-10957,48,0,3.651,0,1,0,0
URL-10958,37,2,4.146,0,1,0,0
URL-10959,38,1,3.849,0,1,0,0
URL-10960,35,2,3.459,0,1,0,0
URL-10961,52,4,3.359,0,1,0,0
URL-10962,23,1,3.262,0,1,1,0
URL-10963,45,0,3.339,0,0,0,0
URL-10964,51,0,2.94,0,1,0,0
URL-10965,46,1,3.074,0,1,0,0
URL-10966,65,1,3.73,0,1,0,0
URL-10967,31,1,4.037,0,1,0,0
URL-10968,49,1,3.519,0,1,0,0
URL-10969,36,0,3.254,0,0,0,0
URL-10970,52,0,2.308,0,1,1,0
URL-10971,55,3,4.455,1,1,0,1
URL-10972,33,1,3.032,0,1,1,0
URL-10973,53,1,2.985,0,1,0,0
URL-10974,32,2,3.396,0,1,0,0
URL-10975,21,2,3.485,0,1,0,0
URL-10976,31,3,3.504,0,1,0,0
URL-10977,45,1,3.201,0,1,0,0
URL-10978,54,0,3.645,0,1,0,0
URL-10979,39,2,3.317,0,1,0,0
URL-10980,53,2,3.326,0,1,0,0
URL-10981,39,5,5.018,0,0,2,1
URL-10982,32,2,3.263,0,1,0,0
URL-10983,34,3,3.061,0,1,0,0
URL-10984,36,2,3.084,0,1,0,0
URL-10985,39,2,3.113,0,1,0,0
URL-10986,46,1,3.66,0,1,1,0
URL-10987,32,0,3.64,0,1,0,0
URL-10988,39,0,3.406,0,1,0,0
URL-10989,122,3,4.605,0,0,2,1
URL-10990,95,4,4.135,0,1,2,1
URL-10991,36,1,3.68,0,1,0,0
URL-10992,36,2,4.048,0,1,0,0
URL-10993,36,1,3.298,0,1,0,0
URL-10994,38,1,3.092,0,1,0,0
URL-10995,38,2,3.849,0,1,0,0
URL-10996,70,3,5.052,0,1,3,1
URL-10997,53,3,3.219,0,1,0,0
URL-10998,94,8,4.203,0,0,0,1
URL-10999,29,1,3.253,0,1,0,0
URL-11000,71,1,3.741,0,1,0,0
URL-11001,25,0,3.67,0,1,0,0
URL-11002,88,5,4.509,0,1,2,1
URL-11003,46,2,2.91,0,1,0,0
URL-11004,63,3,4.494,0,0,2,1
URL-11005,35,2,4.031,0,1,0,0
URL-11006,63,2,4.111,0,0,0,0
URL-11007,24,2,3.68,0,1,0,1
URL-11008,14,2,3.64,0,1,0,0
URL-11009,20,0,3.118,0,1,0,0
URL-11010,48,1,3.969,0,1,0,0
URL-11011,35,2,4.515,0,1,4,1
URL-11012,33,6,4.835,0,0,1,1
URL-11013,46,0,3.617,0,1,0,0
URL-11014,54,2,4.164,0,1,0,0
URL-11015,126,3,4.996,1,1,0,1
URL-11016,35,1,3.506,0,1,0,0
URL-11017,12,2,2.964,0,1,0,0
URL-11018,88,4,3.783,1,1,2,1
URL-11019,32,0,3.733,0,1,0,0
URL-11020,34,0,3.469,0,1,0,0
URL-11021,35,3,3.495,0,1,0,0
URL-11022,114,4,4.492,1,1,0,1
URL-11023,123,2,5.135,0,1,0,1
URL-11024,35,2,4.7,0,1,1,1
URL-11025,51,3,3.464,0,1,0,0
URL-11026,71,1,5.131,1,0,2,1
URL-11027,53,4,4.257,0,1,1,1
URL-11028,48,0,4.339,0,1,0,0
URL-11029,59,4,4.889,1,0,1,1
URL-11030,62,1,2.78,0,1,0,0
URL-11031,20,2,4.382,0,0,0,0
URL-11032,31,0,3.732,0,1,0,0
URL-11033,36,0,3.407,0,1,0,0
URL-11034,43,0,4.017,0,1,0,0
URL-11035,53,0,2.606,0,1,0,0
URL-11036,37,0,3.309,0,1,0,0
URL-11037,20,0,3.569,0,1,0,0
URL-11038,48,2,3.524,0,1,0,0
URL-11039,47,1,4.03,0,1,0,0
URL-11040,14,3,3.913,0,1,0,0
URL-11041,57,4,3.891,0,1,1,1
URL-11042,18,0,3.403,0,1,0,0
URL-11043,30,2,3.836,0,1,0,0
URL-11044,127,5,4.367,0,1,2,1
URL-11045,47,0,3.77,0,0,0,0
URL-11046,39,1,3.245,0,1,0,0
URL-11047,22,0,3.603,0,1,0,0
URL-11048,134,1,4.4,1,0,4,1
URL-11049,20,2,3.862,0,0,0,0
URL-11050,90,2,4.856,0,0,4,1
URL-11051,28,2,3.021,0,1,0,0
URL-11052,82,3,4.346,0,1,1,1
URL-11053,75,3,3.64,0,0,2,1
URL-11054,88,4,3.974,0,1,1,1
URL-11055,54,1,3.752,0,1,0,0
URL-11056,95,6,4.936,1,1,0,1
URL-11057,41,2,3.827,0,1,0,0
URL-11058,32,1,3.401,0,1,1,0
URL-11059,40,1,3.751,0,1,0,0
URL-11060,61,4,4.815,0,1,2,1
URL-11061,67,2,4.853,0,1,1,1
URL-11062,127,1,4.17,0,1,2,1
URL-11063,41,1,3.524,0,1,0,0
URL-11064,42,1,3.757,0,1,0,0
URL-11065,29,3,3.259,0,1,0,0
URL-11066,22,0,3.496,0,1,0,0
URL-11067,55,0,3.307,0,1,0,0
URL-11068,43,0,4.178,0,1,0,0
URL-11069,35,1,3.609,0,0,0,0
URL-11070,24,3,3.531,0,1,0,0
URL-11071,28,2,3.33,0,1,0,0
URL-11072,53,1,3.809,0,1,0,0
URL-11073,39,4,3.5,0,1,0,0
URL-11074,33,0,4.125,0,1,2,1
URL-11075,44,0,3.474,0,1,0,0
URL-11076,28,0,3.113,0,1,0,0
URL-11077,56,0,4.024,0,1,0,0
URL-11078,54,1,3.822,0,1,0,0
URL-11079,105,4,4.229,1,0,1,1
URL-11080,89,2,4.035,0,0,2,1
URL-11081,12,1,3.191,0,1,0,0
URL-11082,20,0,2.983,0,1,0,0
URL-11083,75,2,4.671,0,1,3,1
URL-11084,134,2,4.591,0,1,1,1
URL-11085,34,0,3.365,0,1,0,0
URL-11086,21,2,3.879,0,1,0,0
URL-11087,34,0,3.489,0,1,0,0
URL-11088,45,3,4.915,0,0,4,1
URL-11089,44,0,3.243,0,1,0,0
URL-11090,81,1,4.478,0,1,1,1
URL-11091,36,1,2.933,0,1,0,0
URL-11092,21,0,3.232,0,1,0,0
URL-11093,48,0,3.341,0,0,0,0
URL-11094,47,1,3.787,0,1,0,0
URL-11095,27,2,3.599,0,1,0,0
URL-11096,28,0,3.566,0,1,1,0
URL-11097,32,0,3.662,0,1,0,0
URL-11098,68,2,3.845,1,0,1,1
URL-11099,42,2,3.518,0,1,0,0
URL-11100,34,2,3.138,0,1,0,0
URL-11101,46,4,3.826,0,1,4,1
URL-11102,74,3,4.58,0,0,2,1
URL-11103,63,1,4.619,1,1,0,1
URL-11104,12,3,4.283,1,0,3,1
URL-11105,25,0,3.681,0,1,0,0
URL-11106,23,0,3.621,0,1,0,0
URL-11107,68,4,4.718,0,1,2,1
URL-11108,29,1,3.89,0,1,0,0
URL-11109,39,1,3.161,0,1,0,0
URL-11110,120,4,4.975,0,0,0,1
URL-11111,22,0,3.05,0,1,0,0
URL-11112,35,2,3.657,0,1,0,0
URL-11113,45,0,3.93,0,1,1,0
URL-11114,23,0,3.309,0,1,0,0
URL-11115,47,0,3.753,0,1,0,0
URL-11116,27,2,3.231,0,1,1,0
URL-11117,81,0,4.63,0,1,2,1
URL-11118,44,1,2.718,0,1,0,0
URL-11119,30,0,4.033,0,1,0,0
URL-11120,75,8,4.418,0,1,2,1
URL-11121,75,4,4.108,0,0,2,1
URL-11122,79,4,3.865,0,1,2,1
URL-11123,51,2,4.492,1,0,0,1
URL-11124,16,1,4.116,0,1,0,0
URL-11125,45,2,4.236,0,1,0,0
URL-11126,50,3,3.741,0,1,0,0
URL-11127,27,1,3.506,0,1,1,0
URL-11128,35,2,3.435,0,1,0,0
URL-11129,41,0,3.701,0,1,0,0
URL-11130,46,2,3.761,0,1,0,0
URL-11131,13,2,2.795,0,1,0,0
URL-11132,27,0,3.4,0,1,0,0
URL-11133,34,2,3.295,0,1,1,0
URL-11134,46,0,3.245,0,1,0,0
URL-11135,67,1,3.252,0,1,0,0
URL-11136,116,2,4.244,0,0,1,1
URL-11137,21,2,4.042,0,1,0,0
URL-11138,42,1,3.294,0,1,0,0
URL-11139,53,0,3.449,0,1,0,0
URL-11140,69,3,3.951,1,0,0,1
URL-11141,27,1,3.308,0,1,0,0
URL-11142,49,1,3.646,0,1,1,0
URL-11143,45,1,3.391,0,0,1,0
URL-11144,25,0,3.712,0,1,0,0
URL-11145,126,4,3.858,0,1,1,1
URL-11146,98,6,4.742,0,0,0,1
URL-11147,52,1,3.613,0,1,0,0
URL-11148,73,4,3.975,0,0,5,1
URL-11149,69,4,4.488,0,0,2,1
URL-11150,52,2,3.726,0,1,0,0
URL-11151,62,3,4.478,0,1,3,1
URL-11152,43,2,4.053,0,1,0,0
URL-11153,21,3,3.85,0,1,0,0
URL-11154,50,1,3.5,0,1,0,0
URL-11155,43,1,4.157,0,1,2,1
URL-11156,53,0,4.106,0,1,0,0
URL-11157,76,3,4.902,0,0,0,1
URL-11158,90,4,4.971,0,1,1,1
URL-11159,55,2,3.477,0,1,0,0
URL-11160,108,4,4.31,0,1,0,1
URL-11161,48,0,3.945,0,1,0,0
URL-11162,28,1,3.69,0,1,0,0
URL-11163,34,1,3.315,0,1,0,0
URL-11164,39,1,3.445,0,1,0,0
URL-11165,89,5,4.747,0,0,2,1
URL-11166,58,3,5.285,0,0,3,1
URL-11167,39,3,3.218,0,1,0,0
URL-11168,12,2,4.284,0,1,0,0
URL-11169,42,0,3.308,0,1,0,0
URL-11170,33,1,3.859,0,1,0,0
URL-11171,15,3,4.819,1,1,2,1
URL-11172,33,1,3.79,0,1,0,0
URL-11173,47,1,3.323,0,1,0,0
URL-11174,51,1,3.298,0,1,0,0
URL-11175,41,2,4.53,0,0,0,0
URL-11176,73,4,4.417,0,1,0,1
URL-11177,37,1,3.606,0,1,0,0
URL-11178,32,5,4.964,0,0,1,1
URL-11179,28,0,3.195,0,1,2,0
URL-11180,115,5,5.026,0,1,3,1
URL-11181,43,3,3.749,0,1,0,0
URL-11182,56,3,4.31,0,1,0,0
URL-11183,47,8,4.736,0,0,2,1
URL-11184,29,1,3.919,0,1,0,0
URL-11185,117,2,4.944,0,0,1,1
URL-11186,26,2,3.398,0,1,1,0
URL-11187,46,0,3.85,0,1,0,0
URL-11188,31,1,3.861,0,1,0,0
URL-11189,25,0,3.821,0,1,0,0
URL-11190,41,0,3.356,0,1,0,0
URL-11191,12,0,3.751,0,1,0,0
URL-11192,16,2,3.916,0,1,0,0
URL-11193,35,2,3.835,0,1,0,0
URL-11194,38,2,3.877,0,1,0,0
URL-11195,85,5,4.098,0,0,3,1
URL-11196,95,4,4.393,0,1,1,1
URL-11197,114,7,4.203,0,1,1,1
URL-11198,42,1,3.34,0,0,0,0
URL-11199,44,0,3.016,0,1,0,0
URL-11200,64,3,4.411,0,1,1,1
URL-11201,51,2,3.338,0,0,0,0
URL-11202,42,0,3.24,0,1,0,0
URL-11203,29,1,3.574,0,1,0,0
URL-11204,34,0,3.406,0,1,0,0
URL-11205,77,3,4.526,0,0,1,1
URL-11206,36,2,3.812,0,1,0,0
URL-11207,51,2,3.803,0,1,0,0
URL-11208,46,0,3.139,0,1,0,0
URL-11209,45,6,4.43,0,0,2,1
URL-11210,34,1,3.144,0,1,0,0
URL-11211,54,2,3.199,0,1,0,0
URL-11212,35,1,3.289,0,1,0,0
URL-11213,107,4,4.801,0,1,1,1
URL-11214,37,0,4.204,0,1,0,0
URL-11215,46,2,3.355,0,1,0,0
URL-11216,55,1,3.794,0,1,0,0
URL-11217,35,6,3.779,0,1,0,0
URL-11218,40,2,2.755,0,1,0,0
URL-11219,53,0,3.015,0,1,0,0
URL-11220,70,2,4.057,0,1,0,1
URL-11221,22,0,3.323,0,1,0,0
URL-11222,63,1,3.659,0,1,0,0
URL-11223,82,3,4.424,0,0,3,1
URL-11224,39,1,2.755,0,1,0,0
URL-11225,51,1,3.261,0,1,0,0
URL-11226,30,1,3.754,0,1,0,0
URL-11227,25,2,3.172,0,1,0,0
URL-11228,57,1,4.427,0,0,1,1
URL-11229,16,0,3.079,0,1,0,0
URL-11230,131,2,4.262,1,1,2,1
URL-11231,40,3,3.316,0,1,0,0
URL-11232,34,1,2.849,0,1,0,0
URL-11233,19,3,3.91,0,1,1,0
URL-11234,57,0,3.014,0,1,0,0
URL-11235,39,1,3.44,0,1,0,0
URL-11236,60,1,4.217,0,1,1,1
URL-11237,34,2,3.877,0,1,0,0
URL-11238,108,3,4.543,0,1,2,1
URL-11239,41,2,3.226,0,1,0,0
URL-11240,104,4,4.439,0,1,3,1
URL-11241,93,2,4.639,1,1,1,1
URL-11242,135,3,4.207,0,0,2,1
URL-11243,41,2,4.678,0,1,0,1
URL-11244,109,3,3.896,0,0,2,1
URL-11245,53,0,3.784,0,1,0,0
URL-11246,31,2,3.538,0,1,0,0
URL-11247,30,2,3.345,0,1,0,0
URL-11248,86,1,4.661,0,1,2,1
URL-11249,58,0,3.323,0,0,0,0
URL-11250,57,3,3.853,0,1,2,1
URL-11251,38,0,3.373,0,0,0,0
URL-11252,48,0,3.458,0,1,1,0
URL-11253,43,0,3.723,0,1,0,0
URL-11254,37,0,4.318,0,1,0,0
URL-11255,17,1,3.142,0,1,0,0
URL-11256,28,3,3.074,0,1,0,0
URL-11257,40,0,3.414,0,1,0,0
URL-11258,28,2,3.238,0,1,0,0
URL-11259,40,0,3.745,0,1,2,0
URL-11260,46,0,3.569,0,1,0,0
URL-11261,80,5,4.025,0,1,2,1
URL-11262,23,0,3.762,0,1,0,0
URL-11263,64,0,4.147,0,1,0,0
URL-11264,47,1,3.22,0,1,0,0
URL-11265,37,2,3.614,0,1,0,0
URL-11266,51,0,2.732,0,1,0,0
URL-11267,66,1,3.371,0,1,0,0
URL-11268,20,1,3.608,0,1,0,0
URL-11269,35,0,3.451,0,1,0,0
URL-11270,12,0,3.539,0,1,0,0
URL-11271,86,1,4.344,1,1,3,1
URL-11272,28,2,4.133,0,1,0,1
URL-11273,37,2,3.356,0,1,0,0
URL-11274,30,1,3.07,0,1,0,0
URL-11275,13,5,3.486,0,1,0,0
URL-11276,42,4,3.823,0,1,0,0
URL-11277,97,4,4.775,0,1,1,1
URL-11278,30,1,3.319,0,1,0,0
URL-11279,43,2,4.121,0,1,0,0
URL-11280,19,0,3.474,0,0,1,0
URL-11281,43,0,2.901,0,1,0,0
URL-11282,33,2,3.708,0,1,0,0
URL-11283,28,0,3.452,0,1,0,0
URL-11284,28,2,3.474,0,1,1,0
URL-11285,33,0,3.811,0,1,0,0
URL-11286,42,3,3.409,0,1,0,0
URL-11287,22,2,3.398,0,1,0,0
URL-11288,33,1,3.061,0,1,0,0
URL-11289,37,0,3.315,0,1,0,0
URL-11290,24,2,3.586,0,1,0,0
URL-11291,59,1,3.294,0,1,0,0
URL-11292,27,0,2.916,0,1,0,0
URL-11293,29,0,3.728,0,1,0,0
URL-11294,57,4,4.444,1,0,4,1
URL-11295,59,1,3.745,0,1,1,0
URL-11296,44,0,3.176,0,1,0,0
URL-11297,26,0,3.493,0,1,0,0
URL-11298,51,0,3.584,0,0,0,0
URL-11299,40,1,3.708,0,1,0,0
URL-11300,41,0,3.716,0,1,0,0
URL-11301,91,5,4.697,1,0,3,1
URL-11302,29,1,4.103,0,1,0,0
URL-11303,42,0,3.077,0,1,0,0
URL-11304,31,0,2.929,0,1,0,0
URL-11305,87,4,4.667,0,0,1,1
URL-11306,22,0,3.744,0,1,0,0
URL-11307,25,2,4.852,0,0,2,1
URL-11308,36,1,3.279,0,1,0,0
URL-11309,133,1,3.81,0,1,2,1
URL-11310,47,0,3.806,0,1,0,0
URL-11311,59,1,4.07,0,0,3,1
URL-11312,48,2,3.717,0,1,0,0
URL-11313,85,1,4.27,0,1,3,1
URL-11314,29,2,3.346,0,1,0,0
URL-11315,26,0,3.612,0,1,1,0
URL-11316,22,0,3.614,0,1,0,0
URL-11317,35,0,3.537,0,1,0,0
URL-11318,42,0,4.015,0,1,0,0
URL-11319,46,2,4.1,0,1,0,0
URL-11320,40,0,4.127,0,1,0,0
URL-11321,30,0,3.438,0,1,0,0
URL-11322,49,6,4.901,0,1,3,1
URL-11323,39,0,3.982,0,1,1,0
URL-11324,76,4,4.372,0,1,1,1
URL-11325,47,2,3.35,0,1,0,0
URL-11326,38,1,3.507,0,1,0,0
URL-11327,74,3,4.934,0,0,2,1
URL-11328,30,0,3.4,0,1,0,0
URL-11329,31,1,3.173,0,1,0,0
URL-11330,34,1,3.799,0,1,0,0
URL-11331,41,0,3.364,0,0,1,0
URL-11332,46,0,3.555,0,1,0,0
URL-11333,108,3,4.334,0,1,1,1
URL-11334,93,6,3.651,0,1,1,1
URL-11335,39,2,3.66,0,1,0,0
URL-11336,31,2,3.411,0,1,2,0
URL-11337,26,2,3.355,0,1,0,0
URL-11338,16,1,3.461,0,1,0,0
URL-11339,29,1,3.112,0,1,0,0
URL-11340,43,2,3.219,0,1,0,0
URL-11341,29,3,3.686,0,1,0,0
URL-11342,108,6,4.56,0,0,4,1
URL-11343,43,1,3.162,0,1,0,0
URL-11344,44,0,3.458,0,1,0,0
URL-11345,25,2,2.953,0,1,0,0
URL-11346,49,1,3.547,0,1,0,0
URL-11347,51,2,3.382,0,1,0,0
URL-11348,101,3,4.624,0,0,0,1
URL-11349,28,0,3.706,0,1,0,0
URL-11350,104,2,4.027,0,1,3,1
URL-11351,36,1,3.162,0,1,0,0
URL-11352,12,1,3.723,0,1,0,0
URL-11353,21,2,3.808,0,1,0,0
URL-11354,35,1,4.15,0,1,0,0
URL-11355,85,5,4.026,0,1,1,1
URL-11356,64,3,4.758,0,0,2,1
URL-11357,38,3,3.998,0,1,1,0
URL-11358,55,5,3.526,0,1,0,0
URL-11359,34,0,3.511,0,1,1,0
URL-11360,42,4,4.258,0,1,2,1
URL-11361,55,1,4.028,0,1,0,0
URL-11362,55,1,3.546,0,1,0,0
URL-11363,41,1,3.465,0,0,0,0
URL-11364,14,2,3.222,0,1,1,0
URL-11365,43,0,3.929,0,1,0,0
URL-11366,50,1,3.845,0,1,0,0
URL-11367,135,5,4.53,0,1,4,1
URL-11368,58,2,3.679,0,1,0,0
URL-11369,48,1,3.779,0,1,0,0
URL-11370,102,4,4.095,1,1,2,1
URL-11371,51,2,3.724,0,1,0,0
URL-11372,37,5,4.445,0,1,1,1
URL-11373,12,1,3.718,0,1,0,0
URL-11374,32,1,4.195,0,1,0,0
URL-11375,92,1,4.543,0,1,1,1
URL-11376,28,1,3.933,0,1,0,0
URL-11377,35,1,3.591,0,1,0,0
URL-11378,25,3,3.723,0,1,1,0
URL-11379,59,2,3.652,0,1,0,0
URL-11380,58,1,4.323,0,1,0,0
URL-11381,27,1,3.548,0,0,0,0
URL-11382,27,1,4.29,0,0,2,1
URL-11383,29,2,3.692,0,1,0,0
URL-11384,45,2,4.231,0,1,1,0
URL-11385,44,2,3.161,0,1,0,0
URL-11386,66,1,4.373,0,0,2,1
URL-11387,41,2,3.245,0,1,0,0
URL-11388,68,4,4.559,0,0,3,1
URL-11389,25,0,3.167,0,1,0,0
URL-11390,17,0,3.829,0,1,0,0
URL-11391,33,0,3.577,0,1,0,0
URL-11392,19,1,3.047,0,0,0,0
URL-11393,20,1,3.74,0,1,0,0
URL-11394,25,2,3.621,0,1,0,0
URL-11395,73,5,4.397,0,1,1,1
URL-11396,26,2,3.289,0,1,0,0
URL-11397,44,1,3.071,0,1,0,0
URL-11398,31,0,3.738,0,1,0,0
URL-11399,35,2,3.789,0,1,0,0
URL-11400,48,1,3.113,0,1,0,0
URL-11401,28,0,3.583,0,1,0,0
URL-11402,34,1,3.284,0,1,0,0
URL-11403,42,0,3.84,0,1,0,0
URL-11404,14,0,3.732,0,1,0,0
URL-11405,12,3,3.927,0,1,0,0
URL-11406,80,3,4.398,0,1,2,1
URL-11407,129,1,4.827,0,0,1,1
URL-11408,62,0,3.37,0,1,0,0
URL-11409,77,0,4.164,0,1,3,1
URL-11410,47,0,3.629,0,1,0,0
URL-11411,35,2,3.123,0,1,0,0
URL-11412,41,2,4.032,0,1,0,0
URL-11413,58,2,4.11,0,1,0,0
URL-11414,12,0,3.888,0,1,0,0
URL-11415,78,3,4.396,0,1,0,1
URL-11416,63,1,3.457,0,1,0,0
URL-11417,41,1,3.566,0,1,0,0
URL-11418,57,1,3.235,0,1,0,0
URL-11419,64,4,3.65,0,0,2,1
URL-11420,37,2,3.617,0,1,0,0
URL-11421,38,0,3.211,0,0,0,0
URL-11422,12,1,4.067,0,1,0,0
URL-11423,23,0,3.471,0,1,0,0
URL-11424,33,4,4.009,0,1,1,1
URL-11425,89,4,5.046,0,0,1,1
URL-11426,48,1,3.289,0,1,0,0
URL-11427,47,3,3.946,1,1,1,1
URL-11428,47,0,4.05,0,1,0,0
URL-11429,75,5,4.794,0,1,1,1
URL-11430,52,0,3.86,0,1,0,0
URL-11431,38,0,3.644,0,1,0,0
URL-11432,38,1,3.667,0,1,1,0
URL-11433,34,1,3.495,0,1,0,0
URL-11434,46,3,3.349,0,1,0,0
URL-11435,32,1,3.955,0,1,0,0
URL-11436,49,1,3.729,0,1,0,0
URL-11437,24,2,3.437,0,1,0,0
URL-11438,24,1,3.848,0,1,0,0
URL-11439,46,1,4.029,0,1,0,0
URL-11440,92,3,4.665,0,1,3,1
URL-11441,32,2,4.043,0,1,0,0
URL-11442,48,1,3.333,0,1,0,0
URL-11443,30,1,3.185,0,1,1,0
URL-11444,78,4,4.766,0,1,0,1
URL-11445,54,2,3.514,0,1,0,0
URL-11446,56,0,4.044,0,1,0,0
URL-11447,83,5,5.22,1,0,1,1
URL-11448,53,1,4.222,1,1,1,1
URL-11449,52,2,3.885,0,1,0,0
URL-11450,26,2,3.664,0,0,0,0
URL-11451,27,1,3.327,0,1,0,0
URL-11452,47,2,4.251,0,1,2,1
URL-11453,58,0,3.927,0,1,0,0
URL-11454,27,0,3.132,0,1,0,0
URL-11455,90,4,4.554,0,0,3,1
URL-11456,27,3,3.512,0,1,0,0
URL-11457,46,0,3.942,0,1,0,0
URL-11458,33,4,3.849,0,1,0,0
URL-11459,22,0,3.552,0,1,0,0
URL-11460,43,2,3.924,0,1,0,0
URL-11461,20,1,4.001,0,1,0,0
URL-11462,27,2,3.333,0,1,0,0
URL-11463,12,1,3.362,0,1,0,0
URL-11464,46,2,4.371,0,1,5,1
URL-11465,40,0,4.094,0,1,1,0
URL-11466,68,6,4.354,0,0,3,1
URL-11467,20,0,2.855,0,1,0,0
URL-11468,68,3,4.073,1,1,1,1
URL-11469,48,6,4.108,0,1,2,1
URL-11470,61,2,3.545,0,1,0,0
URL-11471,60,1,4.422,0,1,0,0
URL-11472,76,7,4.137,0,1,3,1
URL-11473,44,2,3.24,0,1,0,0
URL-11474,46,3,3.235,0,1,0,0
URL-11475,30,0,3.53,0,1,0,0
URL-11476,48,3,4.767,0,1,4,1
URL-11477,90,3,3.623,0,1,2,1
URL-11478,107,1,3.457,0,1,6,1
URL-11479,32,0,3.594,0,0,0,0
URL-11480,72,8,4.231,0,1,2,1
URL-11481,28,0,3.715,0,1,0,0
URL-11482,24,2,3.353,0,1,0,0
URL-11483,39,1,3.536,0,1,0,0
URL-11484,42,2,3.811,0,1,0,0
URL-11485,23,1,3.85,0,1,0,0
URL-11486,49,1,3.821,0,1,0,0
URL-11487,16,0,3.517,0,1,0,0
URL-11488,31,1,3.159,0,1,0,0
URL-11489,34,1,3.388,0,1,0,0
URL-11490,30,4,3.508,0,1,0,0
URL-11491,31,0,4.041,0,1,0,0
URL-11492,60,2,3.316,0,1,0,0
URL-11493,27,0,3.571,0,1,1,0
URL-11494,67,3,3.068,0,1,0,0
URL-11495,43,1,3.619,0,1,0,0
URL-11496,39,2,3.484,0,1,1,0
URL-11497,43,1,3.455,0,1,0,0
URL-11498,68,2,3.796,0,1,0,0
URL-11499,42,6,4.706,1,0,1,1
URL-11500,24,3,3.99,0,1,0,0
URL-11501,28,1,3.234,0,1,1,0
URL-11502,38,3,3.978,0,1,0,0
URL-11503,17,2,2.941,0,1,0,0
URL-11504,38,0,3.607,0,1,1,0
URL-11505,58,1,3.714,0,1,0,0
URL-11506,39,2,3.374,0,1,0,0
URL-11507,34,1,3.597,0,1,0,0
URL-11508,30,1,3.373,0,1,0,0
URL-11509,73,3,4.571,0,1,3,1
URL-11510,66,3,4.359,1,0,1,1
URL-11511,60,2,4.276,0,1,0,0
URL-11512,77,2,3.718,0,0,1,1
URL-11513,41,1,3.57,0,1,0,0
URL-11514,37,1,3.353,0,1,0,0
URL-11515,50,2,3.544,0,1,1,0
URL-11516,51,0,3.452,0,1,0,0
URL-11517,119,5,4.453,0,0,0,1
URL-11518,31,0,3.317,0,1,0,0
URL-11519,102,6,4.223,0,1,1,1
URL-11520,42,3,3.369,0,1,0,0
URL-11521,81,6,4.403,0,0,3,1
URL-11522,21,2,3.565,0,1,0,0
URL-11523,32,0,3.246,0,1,0,0
URL-11524,21,1,3.713,0,1,0,0
URL-11525,27,1,3.164,0,1,0,0
URL-11526,44,3,3.673,0,1,0,0
URL-11527,29,1,3.641,0,1,0,0
URL-11528,39,2,3.893,0,0,2,1
URL-11529,18,0,3.117,0,1,0,0
URL-11530,40,2,3.502,0,1,0,0
URL-11531,37,1,3.139,0,1,1,0
URL-11532,29,0,3.461,0,1,0,0
URL-11533,35,2,3.776,0,1,1,0
URL-11534,40,3,3.495,0,1,0,0
URL-11535,28,1,3.939,0,1,0,0
URL-11536,20,1,3.603,0,1,1,0
URL-11537,59,2,3.771,0,1,0,0
URL-11538,30,0,3.751,0,1,0,0
URL-11539,36,0,3.992,0,1,0,0
URL-11540,50,0,3.043,0,1,0,0
URL-11541,80,4,3.317,0,1,0,0
URL-11542,23,0,3.51,0,1,0,0
URL-11543,43,1,3.78,0,1,0,0
URL-11544,68,2,4.576,0,0,1,1
URL-11545,31,2,3.498,0,1,0,0
URL-11546,112,7,4.313,0,0,3,1
URL-11547,24,2,3.382,0,1,1,0
URL-11548,37,2,3.366,0,1,0,0
URL-11549,20,0,3.682,0,1,0,0
URL-11550,64,8,5.001,0,0,3,1
URL-11551,38,3,3.493,0,1,0,0
URL-11552,119,3,3.81,0,0,0,1
URL-11553,54,3,4.27,1,1,0,1
URL-11554,33,2,3.372,0,1,1,0
URL-11555,41,1,3.964,0,1,1,0
URL-11556,24,0,3.372,0,1,0,0
URL-11557,33,0,3.607,0,1,0,0
URL-11558,92,2,4.686,0,0,2,1
URL-11559,59,6,3.788,0,0,1,1
URL-11560,12,1,3.385,0,1,0,0
URL-11561,54,0,2.634,0,1,0,0
URL-11562,103,0,4.66,0,1,3,1
URL-11563,51,2,3.671,0,1,0,0
URL-11564,40,6,3.965,0,1,2,1
URL-11565,22,2,3.31,0,1,0,0
URL-11566,24,1,3.031,0,1,0,0
URL-11567,68,0,2.724,0,1,0,0
URL-11568,59,0,2.973,0,1,0,0
URL-11569,37,0,3.728,0,1,0,0
URL-11570,41,0,3.39,0,1,0,0
URL-11571,30,0,3.573,0,1,0,0
URL-11572,43,1,4.214,0,1,0,0
URL-11573,37,2,3.919,0,1,6,1
URL-11574,13,1,3.689,0,1,0,0
URL-11575,22,0,3.33,0,1,0,0
URL-11576,38,1,4.046,0,1,0,0
URL-11577,24,0,3.932,0,1,0,0
URL-11578,37,1,3.813,0,1,0,0
URL-11579,25,2,3.498,0,1,0,0
URL-11580,28,1,3.176,0,1,0,0
URL-11581,48,1,4.031,0,1,0,0
URL-11582,40,1,3.805,0,1,0,0
URL-11583,37,3,3.429,0,1,0,0
URL-11584,79,8,4.264,1,1,0,1
URL-11585,43,2,3.072,0,1,0,0
URL-11586,55,3,3.766,0,1,0,0
URL-11587,32,1,3.56,0,1,0,0
URL-11588,32,2,3.639,0,1,1,0
URL-11589,22,2,3.826,0,1,0,0
URL-11590,32,2,3.753,0,1,0,0
URL-11591,108,6,4.53,0,1,1,1
URL-11592,53,3,3.508,0,1,0,0
URL-11593,49,0,3.644,0,1,0,0
URL-11594,16,1,3.671,0,1,0,0
URL-11595,50,1,2.943,0,1,0,0
URL-11596,15,1,3.148,0,1,1,0
URL-11597,48,3,3.73,0,1,0,0
URL-11598,33,1,3.725,0,1,0,0
URL-11599,46,5,4.559,0,1,4,1
URL-11600,22,0,2.957,0,1,0,0
URL-11601,52,0,3.814,0,1,0,0
URL-11602,20,1,3.632,0,1,0,0
URL-11603,29,1,3.132,0,0,1,0
URL-11604,26,3,2.881,0,1,0,0
URL-11605,16,1,3.829,0,1,1,0
URL-11606,39,1,3.156,0,1,0,0
URL-11607,72,5,4.64,0,1,3,1
URL-11608,70,2,3.659,0,1,0,0
URL-11609,39,1,3.497,0,0,0,0
URL-11610,59,4,3.774,0,0,0,1
URL-11611,40,1,3.651,0,1,0,0
URL-11612,43,0,4.671,0,1,0,0
URL-11613,33,2,3.753,0,1,1,0
URL-11614,40,1,3.731,0,1,0,0
URL-11615,44,0,3.191,0,1,0,0
URL-11616,85,5,4.254,0,1,1,1
URL-11617,37,1,3.323,0,1,0,0
URL-11618,37,3,3.181,0,1,0,0
URL-11619,47,2,3.426,0,1,1,0
URL-11620,25,1,3.654,0,1,0,0
URL-11621,37,2,3.338,0,1,0,0
URL-11622,60,1,3.193,0,1,0,0
URL-11623,80,5,3.917,0,0,1,1
URL-11624,54,1,3.572,0,1,1,0
URL-11625,38,0,3.696,0,1,0,0
URL-11626,41,1,3.725,0,1,0,0
URL-11627,50,2,2.956,0,1,0,0
URL-11628,56,1,3.209,0,1,0,0
URL-11629,14,0,3.826,0,1,0,0
URL-11630,112,3,4.262,0,0,0,1
URL-11631,53,1,3.571,0,1,1,0
URL-11632,34,3,4.419,0,1,0,0
URL-11633,49,2,4.486,1,1,6,1
URL-11634,84,5,4.051,0,0,4,1
URL-11635,31,2,3.748,0,1,0,0
URL-11636,21,0,3.156,0,1,0,0
URL-11637,63,0,3.453,0,1,1,0
URL-11638,126,5,4.505,0,1,0,1
URL-11639,58,2,3.896,0,0,2,1
URL-11640,45,2,3.265,0,1,1,0
URL-11641,66,2,4.826,0,0,3,1
URL-11642,49,1,3.814,0,1,0,0
URL-11643,50,1,3.695,0,1,0,0
URL-11644,30,0,3.841,0,1,0,0
URL-11645,78,3,4.937,0,0,1,1
URL-11646,47,1,3.526,0,0,0,0
URL-11647,69,6,3.848,0,1,2,1
URL-11648,119,7,4.294,1,0,0,1
URL-11649,42,0,3.961,0,1,0,0
URL-11650,47,3,3.49,0,1,0,0
URL-11651,16,2,3.794,0,1,0,0
URL-11652,46,0,3.351,0,1,0,0
URL-11653,35,2,3.969,0,1,0,0
URL-11654,46,2,3.903,0,1,0,0
URL-11655,92,1,4.022,0,0,5,1
URL-11656,57,0,3.555,0,1,0,0
URL-11657,54,1,3.17,0,1,0,0
URL-11658,54,2,3.826,0,1,0,0
URL-11659,55,1,3.794,0,1,0,0
URL-11660,41,0,3.069,0,1,0,0
URL-11661,38,2,4.26,0,1,0,0
URL-11662,53,1,4.573,0,0,0,1
URL-11663,46,0,3.419,0,1,0,0
URL-11664,76,3,4.14,0,1,1,1
URL-11665,63,4,4.513,0,0,2,1
URL-11666,37,0,3.957,0,1,0,0
URL-11667,95,0,3.982,0,1,0,1
URL-11668,53,0,3.422,0,1,0,0
URL-11669,75,6,4.332,0,1,5,1
URL-11670,62,1,3.31,0,1,0,0
URL-11671,42,3,3.891,0,1,2,1
URL-11672,31,2,4.47,0,1,4,1
URL-11673,97,4,3.881,0,0,0,1
URL-11674,61,4,4.448,0,1,2,1
URL-11675,42,3,4.002,0,1,0,0
URL-11676,41,0,3.652,0,1,0,0
URL-11677,24,0,3.469,0,1,0,0
URL-11678,24,1,3.768,0,1,0,0
URL-11679,41,1,3.467,0,1,0,0
URL-11680,21,0,3.222,0,1,0,0
URL-11681,42,5,4.228,0,0,1,1
URL-11682,44,1,3.846,0,1,0,0
URL-11683,12,3,4.367,0,1,0,1
URL-11684,57,3,2.972,0,1,0,0
URL-11685,101,3,4.81,0,0,4,1
URL-11686,90,4,3.581,0,0,3,1
URL-11687,26,0,4.011,0,1,0,0
URL-11688,12,1,3.275,0,1,0,0
URL-11689,60,2,3.507,0,1,5,1
URL-11690,47,1,3.438,0,1,0,0
URL-11691,33,0,3.692,0,1,0,0
URL-11692,43,0,3.559,0,1,0,0
URL-11693,19,0,3.676,0,1,0,0
URL-11694,47,2,3.575,0,1,0,0
URL-11695,31,0,3.603,0,1,0,0
URL-11696,38,2,3.119,0,1,0,0
URL-11697,36,1,3.526,0,1,0,0
URL-11698,75,1,4.611,1,1,3,1
URL-11699,24,1,3.482,0,1,0,0
URL-11700,59,4,4.583,0,0,1,1
URL-11701,42,2,2.841,0,1,0,0
URL-11702,50,1,4.037,0,1,0,0
URL-11703,41,0,3.021,0,1,0,0
URL-11704,39,2,3.284,0,1,1,0
URL-11705,17,3,3.224,0,1,0,0
URL-11706,34,1,3.604,0,1,0,0
URL-11707,37,0,3.62,0,1,0,0
URL-11708,61,0,3.731,0,1,0,0
URL-11709,46,1,3.746,0,1,0,0
URL-11710,56,2,4.103,0,1,0,0
URL-11711,45,3,3.393,0,1,0,0
URL-11712,54,1,4.47,0,1,1,1
URL-11713,39,0,3.418,0,1,0,0
URL-11714,40,2,3.113,0,1,1,0
URL-11715,62,2,4.605,0,0,2,1
URL-11716,33,1,2.957,0,1,1,0
URL-11717,35,1,3.207,0,1,0,0
URL-11718,48,0,4.363,1,1,2,1
URL-11719,13,4,3.923,0,1,0,0
URL-11720,52,0,3.539,0,1,0,0
URL-11721,26,1,4.158,0,1,0,0
URL-11722,21,2,3.889,0,0,0,0
URL-11723,52,1,3.923,0,1,0,0
URL-11724,46,2,3.451,0,1,0,0
URL-11725,53,0,3.672,0,1,0,0
URL-11726,47,1,3.186,0,1,0,0
URL-11727,27,3,4.523,0,0,2,1
URL-11728,68,5,4.424,0,1,5,1
URL-11729,36,1,2.891,0,1,0,0
URL-11730,42,0,3.323,0,1,0,0
URL-11731,52,1,3.778,0,1,0,0
URL-11732,28,0,3.328,0,1,0,0
URL-11733,30,0,3.242,0,1,0,0
URL-11734,34,1,3.365,0,1,0,0
URL-11735,72,5,4.514,0,1,1,1
URL-11736,39,2,3.626,0,1,0,0
URL-11737,15,1,3.421,0,1,0,0
URL-11738,38,1,3.506,0,1,0,0
URL-11739,48,2,3.8,0,1,0,0
URL-11740,50,1,4.419,1,1,5,1
URL-11741,58,1,3.334,0,1,0,0
URL-11742,75,8,4.354,0,1,2,1
URL-11743,52,1,3.936,0,1,0,0
URL-11744,46,1,3.683,0,1,0,0
URL-11745,17,1,3.009,0,1,0,0
URL-11746,70,1,3.187,0,1,0,0
URL-11747,37,1,3.198,0,1,0,0
URL-11748,74,5,4.049,0,1,0,1
URL-11749,21,2,3.629,0,1,0,0
URL-11750,35,1,4.16,0,1,0,0
URL-11751,36,1,3.471,0,1,0,0
URL-11752,39,0,3.731,0,1,1,0
URL-11753,34,1,3.897,0,1,0,0
URL-11754,76,2,4.47,0,1,2,1
URL-11755,84,2,4.51,1,0,2,1
URL-11756,70,8,4.529,0,1,0,1
URL-11757,36,1,2.992,0,1,0,0
URL-11758,12,0,3.28,0,1,0,0
URL-11759,42,5,3.559,0,1,0,0
URL-11760,26,1,3.24,0,1,1,0
URL-11761,58,6,4.474,1,0,0,1
URL-11762,53,2,3.075,0,1,0,0
URL-11763,26,0,4.552,0,1,0,0
URL-11764,50,0,3.423,0,1,0,0
URL-11765,32,2,4.13,0,1,0,0
URL-11766,59,1,3.418,0,1,0,0
URL-11767,33,5,3.777,0,1,0,0
URL-11768,27,2,3.45,0,1,0,0
URL-11769,46,3,3.503,0,1,0,0
URL-11770,32,0,3.772,0,1,0,0
URL-11771,74,6,4.207,0,1,5,1
URL-11772,101,2,4.519,0,0,0,1
URL-11773,83,3,4.639,0,1,4,1
URL-11774,85,3,4.519,1,1,1,1
URL-11775,14,2,3.529,0,1,0,0
URL-11776,38,0,2.836,0,1,0,0
URL-11777,45,3,3.607,0,1,0,0
URL-11778,40,1,3.943,0,1,0,0
URL-11779,119,2,3.958,0,0,1,1
URL-11780,37,1,3.271,0,1,0,0
URL-11781,78,2,4.275,0,1,4,1
URL-11782,45,2,4.015,0,1,0,0
URL-11783,39,1,3.65,0,1,0,0
URL-11784,33,0,3.238,0,1,0,0
URL-11785,68,5,4.211,0,0,4,1
URL-11786,30,4,3.147,0,1,0,0
URL-11787,30,1,3.037,0,1,0,0
URL-11788,31,0,3.658,0,1,0,0
URL-11789,54,0,3.333,0,1,0,0
URL-11790,12,3,2.792,0,1,0,0
URL-11791,42,1,3.705,0,1,0,0
URL-11792,38,1,4.011,0,1,0,0
URL-11793,17,0,3.731,0,1,0,0
URL-11794,41,4,3.325,0,1,0,0
URL-11795,43,0,2.751,0,1,1,0
URL-11796,45,3,3.551,0,1,0,0
URL-11797,12,1,3.27,0,1,1,0
URL-11798,54,1,3.185,0,1,0,0
URL-11799,29,3,2.819,0,1,1,0
URL-11800,76,5,4.563,1,1,4,1
URL-11801,46,1,3.116,0,1,0,0
URL-11802,27,1,2.862,0,1,0,0
URL-11803,45,1,4.093,0,1,0,0
URL-11804,33,1,3.511,0,1,0,0
URL-11805,72,4,4.798,0,0,1,1
URL-11806,52,2,3.608,0,1,0,0
URL-11807,28,2,3.652,0,1,0,0
URL-11808,27,0,3.575,0,1,0,0
URL-11809,33,2,2.973,0,1,0,0
URL-11810,41,2,2.946,0,1,0,0
URL-11811,89,2,4.015,1,0,2,1
URL-11812,44,1,3.321,0,1,0,0
URL-11813,21,0,3.374,0,1,0,0
URL-11814,29,0,3.58,0,1,0,0
URL-11815,97,2,5.303,0,1,0,1
URL-11816,60,0,3.262,0,1,0,0
URL-11817,71,3,3.989,0,1,2,1
URL-11818,51,2,3.75,0,1,0,0
URL-11819,38,1,3.217,0,1,0,0
URL-11820,32,0,3.021,0,1,0,0
URL-11821,35,0,3.563,0,1,0,0
URL-11822,35,2,3.353,0,1,2,0
URL-11823,53,3,4.758,1,0,2,1
URL-11824,54,0,3.155,0,1,0,0
URL-11825,42,1,3.078,0,1,0,0
URL-11826,52,1,3.278,0,1,0,0
URL-11827,85,4,4.315,0,1,0,1
URL-11828,123,3,5.087,0,1,0,1
URL-11829,29,0,3.469,0,0,0,0
URL-11830,84,3,4.851,0,0,2,1
URL-11831,33,0,3.855,0,1,0,0
URL-11832,46,0,3.669,0,1,0,0
URL-11833,26,1,2.967,0,1,0,0
URL-11834,66,5,4.362,1,0,1,1
URL-11835,46,1,3.707,0,1,0,0
URL-11836,13,1,3.88,0,1,0,0
URL-11837,63,2,3.315,0,1,0,0
URL-11838,67,3,4.576,0,0,1,1
URL-11839,13,2,3.471,0,1,0,0
URL-11840,39,0,3.557,0,1,0,0
URL-11841,38,0,3.915,0,1,0,0
URL-11842,37,2,3.723,0,1,0,0
URL-11843,49,0,3.552,0,1,0,0
URL-11844,18,4,4.976,0,0,2,1
URL-11845,41,0,3.505,0,1,0,0
URL-11846,43,2,3.362,0,1,0,0
URL-11847,36,1,3.738,0,1,0,0
URL-11848,12,3,4.059,0,0,1,1
URL-11849,20,1,3.503,0,0,0,0
URL-11850,39,2,3.865,0,1,0,0
URL-11851,50,8,4.482,1,1,2,1
URL-11852,53,4,4.218,0,0,3,1
URL-11853,53,3,4.526,0,1,0,1
URL-11854,80,3,4.875,0,1,2,1
URL-11855,39,0,3.859,0,1,0,0
URL-11856,90,2,4.45,1,1,2,1
URL-11857,55,7,3.625,0,1,0,0
URL-11858,56,2,4.999,0,1,1,1
URL-11859,51,0,4.126,0,1,0,0
URL-11860,71,2,4.728,0,1,3,1
URL-11861,33,0,2.896,0,1,0,0
URL-11862,22,2,2.826,0,1,0,0
URL-11863,33,2,3.202,0,1,0,0
URL-11864,79,3,4.357,0,0,4,1
URL-11865,91,3,4.63,0,1,3,1
URL-11866,30,2,3.853,0,1,0,0
URL-11867,56,1,3.818,0,1,0,0
URL-11868,24,3,3.808,0,1,0,0
URL-11869,17,0,3.165,0,1,0,0
URL-11870,18,5,3.985,0,1,1,1
URL-11871,12,2,3.243,0,1,0,0
URL-11872,35,0,3.71,0,1,0,0
URL-11873,107,2,5.043,0,1,2,1
URL-11874,37,1,3.81,0,0,0,0
URL-11875,24,0,4.332,0,1,0,0
URL-11876,37,0,3.489,0,1,0,0
URL-11877,37,1,3.114,0,1,0,0
URL-11878,39,2,2.929,0,1,0,0
URL-11879,45,0,3.186,0,1,0,0
URL-11880,25,2,3.873,0,1,0,0
URL-11881,111,6,4.449,0,1,2,1
URL-11882,40,1,3.581,0,1,0,0
URL-11883,90,6,3.98,0,1,1,1
URL-11884,30,0,3.752,0,1,0,0
URL-11885,53,0,2.955,0,1,1,0
URL-11886,34,4,3.845,0,1,1,0
URL-11887,41,1,3.636,0,1,0,0
URL-11888,26,1,2.996,0,1,0,0
URL-11889,76,2,4.206,0,0,4,1
URL-11890,46,0,3.044,0,1,0,0
URL-11891,32,0,3.679,0,1,0,0
URL-11892,63,5,4.362,0,1,2,1
URL-11893,30,1,3.147,0,0,0,0
URL-11894,46,2,3.645,0,1,0,0
URL-11895,30,1,3.783,0,1,0,0
URL-11896,36,2,3.299,0,1,0,0
URL-11897,38,0,3.774,0,1,0,0
URL-11898,14,2,3.403,0,1,0,0
URL-11899,76,3,4.275,0,0,1,1
URL-11900,42,1,3.466,0,1,0,0
URL-11901,29,1,3.911,0,1,0,0
URL-11902,83,7,3.879,0,0,2,1
URL-11903,49,1,3.19,0,1,0,0
URL-11904,46,2,3.224,0,1,0,0
URL-11905,59,0,3.544,0,1,0,0
URL-11906,57,2,4.704,0,0,5,1
URL-11907,45,1,3.6,0,1,0,0
URL-11908,30,0,3.093,0,1,0,0
URL-11909,67,1,3.249,0,1,0,0
URL-11910,61,1,3.945,0,1,0,0
URL-11911,70,5,4.96,0,0,2,1
URL-11912,96,4,3.865,1,0,1,1
URL-11913,54,1,3.411,0,1,0,0
URL-11914,36,1,3.603,0,1,0,0
URL-11915,30,0,3.334,0,1,0,0
URL-11916,85,1,4.506,1,1,0,1
URL-11917,38,0,3.862,0,1,0,0
URL-11918,40,0,3.564,0,1,1,0
URL-11919,27,1,3.244,0,1,0,0
URL-11920,17,1,3.5,0,1,0,0
URL-11921,40,1,3.337,0,1,1,0
URL-11922,48,3,4.024,0,1,0,0
URL-11923,35,3,3.735,0,1,0,0
URL-11924,27,3,4.153,0,0,3,1
URL-11925,29,0,3.051,0,1,0,0
URL-11926,25,0,3.588,0,1,0,0
URL-11927,37,0,3.547,0,1,0,0
URL-11928,37,0,3.681,0,1,0,0
URL-11929,47,2,3.45,0,1,1,0
URL-11930,28,2,3.273,0,1,0,0
URL-11931,54,1,3.678,0,1,0,0
URL-11932,61,0,3.708,0,1,0,0
URL-11933,37,0,3.94,0,1,0,0
URL-11934,52,0,3.757,0,1,0,0
URL-11935,83,4,4.586,0,1,1,1
URL-11936,50,0,3.59,0,1,0,0
URL-11937,82,2,4.067,0,0,4,1
URL-11938,48,2,3.169,0,1,0,0
URL-11939,37,1,2.874,0,1,0,0
URL-11940,12,1,4.287,0,1,0,0
URL-11941,30,0,3.304,0,1,0,0
URL-11942,40,7,4.452,0,1,1,1
URL-11943,26,0,3.577,0,1,0,0
URL-11944,108,2,4.915,0,1,3,1
URL-11945,32,2,2.617,0,1,0,0
URL-11946,28,2,3.442,0,1,0,0
URL-11947,25,2,4.12,0,1,2,0
URL-11948,29,0,3.426,0,1,0,0
URL-11949,51,0,4.072,0,1,0,0
URL-11950,30,2,3.511,0,1,0,0
URL-11951,31,3,3.377,0,1,0,0
URL-11952,32,1,3.551,0,1,0,0
URL-11953,42,0,3.513,0,1,0,0
URL-11954,45,3,4.387,1,0,1,1
URL-11955,38,3,4.631,1,1,4,1
URL-11956,50,2,3.023,0,1,0,0
URL-11957,55,1,3.696,0,1,0,0
URL-11958,25,1,3.533,0,1,0,0
URL-11959,66,4,3.796,0,1,0,1
URL-11960,32,1,3.488,0,1,0,0
URL-11961,28,1,2.97,0,1,0,0
URL-11962,90,1,3.625,0,1,0,1
URL-11963,14,1,3.527,0,1,0,0
URL-11964,24,3,3.349,0,1,0,0
URL-11965,56,1,3.716,0,1,0,0
URL-11966,26,2,3.674,0,1,0,0
URL-11967,52,1,3.081,0,1,0,0
URL-11968,42,1,3.336,0,1,1,0
URL-11969,16,1,3.883,0,1,0,0
URL-11970,45,2,3.157,0,1,0,0
URL-11971,75,4,4.29,0,0,2,1
URL-11972,32,0,3.58,0,1,0,0
URL-11973,40,1,3.096,0,1,0,0
URL-11974,43,2,3.466,0,1,0,0
URL-11975,103,3,4.282,0,1,0,1
URL-11976,52,1,3.387,0,1,0,0
URL-11977,42,1,2.964,0,1,0,0
URL-11978,120,1,4.723,0,0,0,1
URL-11979,67,0,4.975,0,1,1,1
URL-11980,73,0,3.873,0,1,0,0
URL-11981,49,2,4.861,0,1,0,1
URL-11982,66,0,3.228,0,1,0,0
URL-11983,54,1,3.362,0,1,0,0
URL-11984,40,2,3.544,0,1,0,0
URL-11985,41,0,3.361,0,1,0,0
URL-11986,37,0,2.97,0,1,0,0
URL-11987,17,1,3.602,0,1,0,0
URL-11988,38,0,3.684,0,1,0,0
URL-11989,52,1,3.759,0,1,0,0
URL-11990,101,3,4.359,0,1,0,1
URL-11991,42,2,3.21,0,1,0,0
URL-11992,48,1,3.775,0,1,0,0
URL-11993,27,5,3.1,0,1,0,0
URL-11994,61,3,4.873,0,1,2,1
URL-11995,25,0,3.252,0,1,1,0
URL-11996,76,3,4.772,0,0,2,1
URL-11997,22,0,2.972,0,1,0,0
URL-11998,27,2,3.69,0,1,0,0
URL-11999,55,0,3.225,0,1,0,0
URL-12000,27,0,3.669,0,1,0,0
URL-12001,39,0,3.63,0,1,0,0
URL-12002,71,2,4.425,0,1,6,1
URL-12003,52,2,3.517,0,1,2,0
URL-12004,53,3,3.091,0,1,0,0
URL-12005,95,6,3.919,0,1,5,1
URL-12006,41,0,3.455,0,1,0,0
URL-12007,69,2,4.484,0,0,0,1
URL-12008,23,1,3.985,0,1,0,0
URL-12009,61,0,3.189,0,1,0,0
URL-12010,28,2,3.483,0,1,0,0
URL-12011,45,0,3.559,0,1,0,0
URL-12012,84,3,5.5,0,0,1,1
URL-12013,31,1,3.596,0,1,0,0
URL-12014,50,0,3.297,0,1,0,0
URL-12015,47,0,3.476,0,1,1,0
URL-12016,58,0,3.546,0,1,0,0
URL-12017,78,6,3.813,0,1,1,1
URL-12018,22,2,4.08,0,1,0,0
URL-12019,31,1,3.559,0,1,0,0
URL-12020,34,3,4.324,0,1,2,1
URL-12021,38,2,3.246,0,1,1,0
URL-12022,50,3,4.589,0,1,1,1
URL-12023,15,0,3.414,0,1,0,0
URL-12024,43,0,3.489,0,1,0,0
URL-12025,61,0,3.686,0,0,0,0
URL-12026,43,1,3.798,0,1,0,0
URL-12027,129,8,4.385,1,0,2,1
URL-12028,44,0,2.797,0,1,0,0
URL-12029,42,1,3.73,0,1,0,0
URL-12030,49,0,3.181,0,1,0,0
URL-12031,42,0,3.771,0,1,0,0
URL-12032,34,1,3.763,0,1,0,0
URL-12033,82,4,5.004,0,1,2,1
URL-12034,35,1,3.817,0,1,0,0
URL-12035,41,0,3.328,0,1,0,0
URL-12036,34,0,3.981,0,1,1,0
URL-12037,41,1,3.557,0,1,0,0
URL-12038,43,0,3.435,0,1,0,0
URL-12039,47,0,3.899,0,1,1,0
URL-12040,90,5,4.188,1,1,2,1
URL-12041,38,3,2.763,0,1,0,0
URL-12042,22,1,3.063,0,1,0,0
URL-12043,33,0,4.002,0,1,0,0
URL-12044,98,3,4.993,0,1,0,1
URL-12045,15,1,3.56,0,1,0,0
URL-12046,54,0,3.819,0,1,0,0
URL-12047,39,2,3.603,0,1,0,0
URL-12048,42,0,3.404,0,1,0,0
URL-12049,54,1,3.346,0,1,0,0
URL-12050,30,0,3.089,0,1,2,0
URL-12051,44,0,3.127,0,1,0,0
URL-12052,36,3,3.561,0,1,0,0
URL-12053,86,5,4.213,0,1,1,1
URL-12054,74,2,4.008,0,1,0,1
URL-12055,57,2,3.47,0,1,0,0
URL-12056,33,1,3.128,0,1,0,0
URL-12057,46,2,3.586,0,1,0,0
URL-12058,15,2,3.565,0,1,0,0
URL-12059,52,2,3.506,0,0,0,0
URL-12060,50,2,3.555,0,1,1,0
URL-12061,39,1,4.188,0,1,0,0
URL-12062,51,1,4.961,0,1,2,1
URL-12063,42,1,3.165,0,1,0,0
URL-12064,65,0,2.904,0,1,0,0
URL-12065,93,4,4.724,1,1,1,1
URL-12066,47,1,2.822,0,1,0,0
URL-12067,27,1,3.578,0,1,0,0
URL-12068,37,1,3.48,0,1,0,0
URL-12069,35,0,3.299,0,1,0,0
URL-12070,112,3,4.107,0,0,2,1
URL-12071,37,0,3.604,0,1,0,0
URL-12072,24,1,4.062,0,1,0,0
URL-12073,101,2,4.846,0,1,3,1
URL-12074,55,2,5.11,0,0,0,1
URL-12075,49,4,4.671,0,0,0,1
URL-12076,34,1,3.825,0,1,0,0
URL-12077,23,0,3.828,0,1,1,0
URL-12078,80,4,4.038,0,0,4,1
URL-12079,65,4,4.948,0,1,1,1
URL-12080,38,0,3.572,0,1,0,0
URL-12081,20,3,3.73,0,1,0,0
URL-12082,43,0,3.921,0,1,0,0
URL-12083,63,3,3.172,0,0,4,1
URL-12084,32,0,3.521,0,1,0,0
URL-12085,41,0,3.144,0,1,0,0
URL-12086,28,0,3.459,0,1,0,0
URL-12087,37,2,3.636,0,1,0,0
URL-12088,69,5,4.217,0,0,6,1
URL-12089,45,0,2.945,0,1,0,0
URL-12090,44,3,4.955,0,1,2,1
URL-12091,83,1,5.044,0,0,2,1
URL-12092,39,0,3.593,0,1,0,0
URL-12093,47,0,3.098,0,1,1,0
URL-12094,16,1,2.995,0,1,1,0
URL-12095,58,2,4.835,1,1,5,1
URL-12096,47,1,3.016,0,1,0,0
URL-12097,32,2,3.277,0,1,0,0
URL-12098,90,3,4.015,0,1,0,1
URL-12099,34,3,2.771,0,1,0,0
URL-12100,65,8,4.914,0,1,0,1
URL-12101,43,2,3.255,0,1,0,0
URL-12102,25,2,3.143,0,1,0,0
URL-12103,50,0,3.824,0,0,0,0
URL-12104,109,4,4.569,0,0,1,1
URL-12105,25,2,3.657,0,1,0,0
URL-12106,49,3,4.437,0,1,1,1
URL-12107,44,3,3.574,0,1,3,1
URL-12108,30,1,3.48,0,1,0,0
URL-12109,94,1,4.725,0,1,1,1
URL-12110,30,0,2.703,0,1,0,0
URL-12111,37,0,3.194,0,1,0,0
URL-12112,23,0,3.18,0,1,0,0
URL-12113,107,4,3.994,0,1,2,1
URL-12114,63,2,3.556,0,1,0,0
URL-12115,27,0,3.504,0,1,0,0
URL-12116,34,0,4.149,0,1,0,0
URL-12117,33,3,2.791,0,1,0,0
URL-12118,32,0,3.995,0,1,1,0
URL-12119,87,1,3.755,0,0,1,1
URL-12120,86,5,4.004,0,0,1,1
URL-12121,34,0,3.313,0,1,0,0
URL-12122,110,6,4.507,0,0,1,1
URL-12123,53,0,4.025,0,0,0,0
URL-12124,99,0,4.462,0,1,3,1
URL-12125,58,0,3.74,0,1,0,0
URL-12126,12,1,3.24,0,1,0,0
URL-12127,40,0,3.539,0,1,0,0
URL-12128,43,4,4.011,1,0,1,1
URL-12129,33,1,3.894,0,1,0,0
URL-12130,35,1,3.031,0,1,0,0
URL-12131,41,0,3.783,0,1,0,0
URL-12132,31,2,3.449,0,0,0,0
URL-12133,34,1,3.628,0,1,0,0
URL-12134,33,5,3.315,0,1,0,0
URL-12135,38,0,4.228,0,1,1,1
URL-12136,52,0,3.591,0,1,0,0
URL-12137,43,3,3.294,0,0,0,0
URL-12138,41,0,3.329,0,1,0,0
URL-12139,78,0,4.224,0,1,1,1
URL-12140,87,5,4.919,0,0,4,1
URL-12141,28,1,3.528,0,1,0,0
URL-12142,30,1,3.365,0,1,0,0
URL-12143,38,4,3.834,0,1,0,0
URL-12144,25,0,3.316,0,1,0,0
URL-12145,119,4,3.798,0,1,1,1
URL-12146,31,3,4.384,0,1,0,0
URL-12147,63,0,3.633,0,1,0,0
URL-12148,12,0,3.471,0,1,0,0
URL-12149,48,2,4.074,0,0,2,1
URL-12150,58,0,3.426,0,0,1,0
URL-12151,39,2,3.937,0,1,0,0
URL-12152,47,0,3.79,0,1,0,0
URL-12153,88,5,5.128,0,1,0,1
URL-12154,29,0,3.384,0,1,0,0
URL-12155,12,1,3.04,0,1,0,0
URL-12156,40,2,3.592,0,1,0,0
URL-12157,28,1,2.111,0,1,1,0
URL-12158,28,1,2.961,0,1,0,0
URL-12159,32,0,3.532,0,1,0,0
URL-12160,58,0,2.581,0,1,0,0
URL-12161,66,0,4.299,0,0,0,0
URL-12162,40,3,3.19,0,1,0,0
URL-12163,54,2,3.883,0,0,2,1
URL-12164,23,2,3.944,0,1,0,0
URL-12165,55,3,4.513,0,0,1,1
URL-12166,59,0,3.498,0,1,0,0
URL-12167,35,2,3.301,0,0,0,0
URL-12168,12,1,3.039,0,1,0,0
URL-12169,46,1,3.334,0,1,0,0
URL-12170,49,1,3.536,0,1,0,0
URL-12171,18,1,3.491,0,1,0,0
URL-12172,40,2,3.166,0,1,0,0
URL-12173,129,5,4.085,0,1,1,1
URL-12174,37,1,2.999,0,1,0,0
URL-12175,106,3,3.775,0,0,1,1
URL-12176,50,2,3.798,0,1,1,0
URL-12177,33,0,3.583,0,1,0,0
URL-12178,20,2,4.082,0,1,1,0
URL-12179,13,1,3.642,0,1,0,0
URL-12180,53,1,3.983,0,1,0,0
URL-12181,45,1,2.567,0,1,0,0
URL-12182,39,1,3.828,0,1,0,0
URL-12183,32,1,3.705,0,1,0,0
URL-12184,31,1,3.687,0,1,0,0
URL-12185,62,2,4.85,0,0,1,1
URL-12186,83,1,4.561,0,0,3,1
URL-12187,70,2,4.953,0,1,1,1
URL-12188,72,5,4.064,0,1,3,1
URL-12189,34,1,2.843,0,1,0,0
URL-12190,45,2,3.916,0,1,1,0
URL-12191,126,4,4.629,0,1,1,1
URL-12192,47,2,3.269,0,1,0,0
URL-12193,54,0,3.076,0,1,0,0
URL-12194,50,2,3.633,0,1,0,0
URL-12195,43,1,4.054,0,1,0,0
URL-12196,38,0,3.364,0,1,0,0
URL-12197,76,5,4.793,0,1,0,1
URL-12198,46,2,3.496,0,1,0,0
URL-12199,58,0,2.925,0,1,0,0
URL-12200,112,4,4.136,0,0,2,1
URL-12201,61,1,3.267,0,1,0,0
URL-12202,19,0,3.145,0,1,0,0
URL-12203,24,1,3.349,0,1,0,0
URL-12204,48,0,3.389,0,1,0,0
URL-12205,70,4,4.201,0,0,3,1
URL-12206,53,1,3.508,0,1,0,0
URL-12207,87,2,4.263,0,0,2,1
URL-12208,27,1,3.922,0,1,0,0
URL-12209,94,5,4.126,0,0,4,1
URL-12210,51,1,4.305,0,1,1,1
URL-12211,120,5,4.403,0,0,2,1
URL-12212,49,3,3.492,0,1,0,0
URL-12213,83,2,5.017,1,0,2,1
URL-12214,42,1,3.621,0,1,1,0
URL-12215,17,1,3.718,0,1,0,0
URL-12216,99,3,4.703,0,1,1,1
URL-12217,23,0,3.784,0,0,0,0
URL-12218,114,3,4.429,1,1,0,1
URL-12219,30,3,3.152,0,1,0,0
URL-12220,24,1,3.28,0,1,0,0
URL-12221,38,2,3.98,0,1,0,0
URL-12222,30,1,3.511,0,1,0,0
URL-12223,55,1,3.105,0,1,0,0
URL-12224,29,2,3.072,0,1,0,0
URL-12225,21,0,3.031,0,1,0,0
URL-12226,12,0,3.788,0,1,0,0
URL-12227,37,0,3.608,0,1,0,0
URL-12228,31,1,4.146,0,1,0,0
URL-12229,20,1,3.702,0,1,0,0
URL-12230,52,2,3.723,0,1,0,0
URL-12231,46,2,4.196,0,1,0,0
URL-12232,77,5,4.46,1,1,1,1
URL-12233,97,4,5.042,0,1,3,1
URL-12234,45,1,3.694,0,1,0,0
URL-12235,28,1,3.415,0,1,0,0
URL-12236,103,2,4.96,0,0,0,1
URL-12237,47,1,3.929,0,1,0,0
URL-12238,42,1,3.767,0,1,0,0
URL-12239,40,3,4.031,0,1,0,0
URL-12240,62,2,4.618,0,0,2,1
URL-12241,45,0,3.814,0,1,0,0
URL-12242,28,0,3.23,0,1,0,0
URL-12243,23,3,3.859,0,0,1,1
URL-12244,77,6,4.514,0,0,1,1
URL-12245,30,1,3.677,0,1,0,0
URL-12246,19,1,3.296,0,1,0,0
URL-12247,110,2,4.723,0,1,4,1
URL-12248,49,0,3.642,0,1,0,0
URL-12249,41,1,4.112,0,1,0,0
URL-12250,36,0,4.054,0,1,1,0
URL-12251,101,5,4.393,0,1,2,1
URL-12252,43,0,3.353,0,1,0,0
URL-12253,110,2,3.887,0,1,4,1
URL-12254,50,3,4.366,0,0,0,1
URL-12255,29,1,3.574,0,1,0,0
URL-12256,27,1,3.364,0,1,0,0
URL-12257,30,1,3.738,0,1,0,0
URL-12258,33,1,3.416,0,1,0,0
URL-12259,37,0,3.376,0,1,0,0
URL-12260,79,4,4.359,1,1,3,1
URL-12261,12,3,3.733,0,1,0,0
URL-12262,114,1,4.433,0,1,1,1
URL-12263,33,3,3.487,0,1,0,0
URL-12264,56,2,3.55,0,0,0,0
URL-12265,25,1,3.366,0,1,0,0
URL-12266,39,0,4.042,0,1,0,0
URL-12267,55,1,4.145,0,1,0,0
URL-12268,22,1,3.394,0,1,0,0
URL-12269,42,1,3.221,0,1,0,0
URL-12270,28,2,3.338,0,1,2,0
URL-12271,31,1,3.656,0,1,0,0
URL-12272,28,0,3.47,0,1,0,0
URL-12273,29,0,3.052,0,1,0,0
URL-12274,86,5,3.971,0,1,2,1
URL-12275,48,1,3.642,0,1,0,0
URL-12276,51,0,3.845,0,1,0,0
URL-12277,43,1,4.115,0,1,0,0
URL-12278,18,2,3.343,0,1,1,0
URL-12279,42,1,3.282,0,1,0,0
URL-12280,50,1,3.412,0,1,1,0
URL-12281,27,2,3.169,0,1,0,0
URL-12282,49,0,3.255,0,1,0,0
URL-12283,46,1,3.257,0,1,0,0
URL-12284,60,0,3.614,0,1,0,0
URL-12285,32,2,3.209,0,0,0,0
URL-12286,91,3,4.972,1,0,6,1
URL-12287,33,1,3.902,0,1,0,0
URL-12288,55,3,3.106,0,1,1,0
URL-12289,16,0,3.043,0,1,0,0
URL-12290,13,0,3.312,0,1,0,0
URL-12291,39,2,3.36,0,0,0,0
URL-12292,32,2,3.943,0,1,0,0
URL-12293,38,0,3.482,0,0,0,0
URL-12294,49,0,3.647,0,1,0,0
URL-12295,31,3,3.646,0,1,0,0
URL-12296,15,0,3.192,0,1,0,0
URL-12297,62,1,3.412,0,1,0,0
URL-12298,26,1,3.496,0,1,0,0
URL-12299,25,1,3.632,0,0,0,0
URL-12300,71,4,4.94,0,1,5,1
URL-12301,33,1,3.292,0,1,1,0
URL-12302,37,1,3.504,0,1,0,0
URL-12303,43,2,3.346,0,1,0,0
URL-12304,95,4,4.484,0,1,1,1
URL-12305,33,1,3.247,0,1,0,0
URL-12306,56,1,3.013,0,1,0,0
URL-12307,12,0,3.983,0,1,0,0
URL-12308,47,0,3.388,0,1,0,0
URL-12309,27,1,3.477,0,1,0,0
URL-12310,54,0,3.157,0,1,0,0
URL-12311,70,4,4.606,0,1,0,1
URL-12312,29,0,3.743,0,1,0,0
URL-12313,45,0,3.179,0,1,0,0
URL-12314,95,1,4.581,0,1,2,1
URL-12315,45,1,3.327,0,1,0,0
URL-12316,25,1,3.01,0,1,0,0
URL-12317,32,0,3.633,0,1,0,0
URL-12318,37,1,3.766,0,1,0,0
URL-12319,37,0,2.999,0,0,0,0
URL-12320,94,3,4.171,0,0,3,1
URL-12321,13,0,3.809,0,1,0,0
URL-12322,42,0,2.506,0,1,0,0
URL-12323,34,0,3.114,0,1,0,0
URL-12324,98,3,5.339,0,1,3,1
URL-12325,53,1,3.906,1,1,2,1
URL-12326,95,1,4.713,0,1,3,1
URL-12327,12,1,3.176,0,1,0,0
URL-12328,29,1,4.069,0,1,0,0
URL-12329,27,1,3.255,0,1,0,0
URL-12330,44,1,3.208,0,1,0,0
URL-12331,28,2,3.094,0,1,0,0
URL-12332,35,2,3.437,0,1,0,0
URL-12333,56,0,3.816,0,1,0,0
URL-12334,49,2,3.185,0,1,0,0
URL-12335,48,0,3.573,0,1,0,0
URL-12336,32,0,3.571,0,0,0,0
URL-12337,44,1,3.489,0,1,0,0
URL-12338,35,1,3.613,0,1,0,0
URL-12339,35,0,3.817,0,1,0,0
URL-12340,75,2,4.29,0,1,0,1
URL-12341,30,1,3.866,0,1,0,0
URL-12342,55,1,3.115,0,1,0,0
URL-12343,36,1,3.345,0,1,1,0
URL-12344,73,3,4.245,1,1,3,1
URL-12345,55,0,3.692,0,1,0,0
URL-12346,50,1,3.928,0,1,0,0
URL-12347,21,1,3.392,0,1,0,0
URL-12348,43,1,3.599,0,1,0,0
URL-12349,48,0,2.977,0,1,0,0
URL-12350,48,1,3.508,0,1,0,0
URL-12351,41,0,4.107,1,1,4,1
URL-12352,30,1,3.521,0,1,0,0
URL-12353,92,2,3.709,0,1,3,1
URL-12354,28,2,4.093,0,1,0,0
URL-12355,34,1,3.482,0,1,0,0
URL-12356,113,2,4.258,0,0,2,1
URL-12357,37,2,4.168,0,1,0,0
URL-12358,29,0,3.523,0,1,0,0
URL-12359,27,0,2.937,0,1,0,0
URL-12360,41,1,3.349,0,1,0,0
URL-12361,22,1,4.181,0,1,0,0
URL-12362,35,1,3.187,0,1,0,0
URL-12363,41,0,3.346,0,1,0,0
URL-12364,53,2,4.041,0,1,0,0
URL-12365,46,0,3.23,0,1,0,0
URL-12366,29,2,3.467,0,1,0,0
URL-12367,52,2,3.973,0,1,2,0
URL-12368,34,1,3.299,0,1,0,0
URL-12369,23,2,3.221,0,1,0,0
URL-12370,35,3,2.855,0,1,0,0
URL-12371,90,2,4.61,0,0,1,1
URL-12372,39,3,3.191,0,1,0,0
URL-12373,38,1,3.373,0,1,0,0
URL-12374,57,3,3.625,0,1,0,0
URL-12375,20,0,3.484,0,1,0,0
URL-12376,22,1,3.069,0,1,0,0
URL-12377,65,3,4.887,0,1,2,1
URL-12378,42,1,3.114,0,1,0,0
URL-12379,78,5,4.85,0,1,5,1
URL-12380,48,8,4.138,0,1,0,1
URL-12381,76,3,4.335,0,1,3,1
URL-12382,51,2,3.638,0,1,1,1
URL-12383,38,0,4.027,0,1,0,0
URL-12384,39,2,3.485,0,1,0,0
URL-12385,17,0,3.407,0,1,0,0
URL-12386,70,1,3.607,0,1,0,0
URL-12387,44,0,3.404,0,1,0,0
URL-12388,40,0,3.659,0,1,0,0
URL-12389,45,0,4.042,0,1,0,0
URL-12390,46,4,2.908,0,1,0,0
URL-12391,36,0,3.473,0,1,1,0
URL-12392,30,1,4.27,0,1,0,0
URL-12393,45,1,3.363,0,1,0,0
URL-12394,118,4,4.674,0,1,0,1
URL-12395,28,0,3.805,0,1,0,0
URL-12396,55,0,2.997,0,1,0,0
URL-12397,41,0,3.604,0,1,0,0
URL-12398,46,1,3.577,0,1,0,0
URL-12399,54,5,4.614,0,1,0,0
URL-12400,38,2,2.581,0,1,0,0
URL-12401,41,0,2.933,0,1,0,0
URL-12402,47,1,3.42,0,1,0,0
URL-12403,29,1,3.375,0,1,0,0
URL-12404,38,0,3.191,0,1,1,0
URL-12405,39,0,3.213,0,1,0,0
URL-12406,26,1,3.739,0,1,0,0
URL-12407,65,0,3.206,0,1,0,0
URL-12408,61,4,4.017,0,1,4,1
URL-12409,22,2,3.849,0,1,0,0
URL-12410,53,0,3.795,0,1,0,0
URL-12411,46,1,3.333,0,1,0,0
URL-12412,25,0,2.987,0,1,1,0
URL-12413,45,0,3.808,0,1,0,0
URL-12414,55,1,3.171,0,0,0,0
URL-12415,84,2,4.206,0,1,1,1
URL-12416,69,0,3.647,0,1,0,0
URL-12417,17,2,3.432,0,1,0,0
URL-12418,46,2,3.653,0,1,0,0
URL-12419,51,1,2.817,0,1,0,0
URL-12420,48,0,4.018,0,1,0,0
URL-12421,35,0,3.427,0,1,0,0
URL-12422,94,3,4.806,0,1,0,1
URL-12423,43,1,3.298,0,1,0,0
URL-12424,47,2,3.44,0,1,0,0
URL-12425,97,5,3.77,0,0,0,1
URL-12426,50,1,3.405,0,1,0,0
URL-12427,108,0,4.227,1,0,2,1
URL-12428,35,2,3.739,0,1,0,0
URL-12429,12,4,4.722,0,1,0,1
URL-12430,33,1,4.044,0,1,0,0
URL-12431,85,1,4.613,0,0,3,1
URL-12432,35,8,3.912,1,1,2,1
URL-12433,69,3,3.001,0,1,0,0
URL-12434,146,5,4.596,1,1,2,1
URL-12435,38,1,3.048,0,1,0,0
URL-12436,39,2,3.615,0,1,0,0
URL-12437,30,0,3.043,0,1,0,0
URL-12438,37,1,3.325,0,1,0,0
URL-12439,51,1,3.152,0,1,0,0
URL-12440,39,0,3.498,0,1,0,0
URL-12441,28,0,4.21,0,1,0,0
URL-12442,75,3,4.091,0,1,3,1
URL-12443,84,5,5.065,0,0,2,1
URL-12444,38,2,3.709,0,1,0,0
URL-12445,52,2,3.447,0,1,0,0
URL-12446,21,1,3.055,0,1,0,0
URL-12447,34,1,3.335,0,1,0,0
URL-12448,39,0,2.97,0,1,0,0
URL-12449,15,1,3.328,0,1,0,0
URL-12450,27,0,3.16,0,1,0,0
URL-12451,76,2,5.186,0,1,1,1
URL-12452,28,0,3.725,0,1,0,0
URL-12453,40,1,2.571,0,1,0,0
URL-12454,36,2,3.537,0,1,0,0
URL-12455,31,1,2.694,0,1,0,0
URL-12456,43,1,3.502,0,1,0,0
URL-12457,58,0,4.057,0,1,1,0
URL-12458,57,1,3.378,0,1,0,0
URL-12459,14,0,3.59,0,1,0,0
URL-12460,96,1,4.793,0,0,1,1
URL-12461,30,1,3.854,0,0,1,1
URL-12462,39,0,3.792,0,1,0,0
URL-12463,33,0,3.652,0,1,0,0
URL-12464,39,0,3.236,0,1,0,0
URL-12465,39,0,3.726,0,1,0,0
URL-12466,31,2,4.021,0,1,0,0
URL-12467,27,2,3.67,0,1,0,0
URL-12468,32,0,3.567,0,1,0,0
URL-12469,40,0,2.914,0,1,0,0
URL-12470,45,1,3.128,0,0,0,0
URL-12471,73,2,4.275,1,1,3,1
URL-12472,56,2,4.129,0,1,1,1
URL-12473,41,0,3.442,0,1,0,0
URL-12474,49,1,3.175,0,1,0,0
URL-12475,84,5,3.97,0,0,3,1
URL-12476,37,1,3.36,0,1,0,0
URL-12477,97,3,4.605,1,1,0,1
URL-12478,40,2,3.177,0,1,0,0
URL-12479,51,2,4.325,0,1,2,1
URL-12480,35,2,3.401,0,1,0,0
URL-12481,48,5,4.83,0,0,4,1
URL-12482,92,3,4.491,0,1,0,1
URL-12483,34,0,4.101,0,1,0,0
URL-12484,40,0,3.8,0,1,0,0
URL-12485,80,5,4.232,0,1,2,1
URL-12486,46,2,2.819,0,1,0,0
URL-12487,59,2,4.442,0,1,0,1
URL-12488,34,1,3.102,0,1,0,0
URL-12489,33,1,2.895,0,1,0,0
URL-12490,37,1,3.723,0,1,0,0
URL-12491,32,0,3.496,0,1,0,0
URL-12492,95,3,5.169,1,0,3,1
URL-12493,33,3,3.474,0,1,0,0
URL-12494,57,1,3.424,0,1,0,0
URL-12495,55,0,3.054,0,1,0,0
URL-12496,27,1,3.281,0,1,0,0
URL-12497,64,5,4.665,0,0,0,1
URL-12498,63,8,4.436,1,1,2,1
URL-12499,34,1,3.039,0,1,0,0
URL-12500,12,2,4.313,0,0,2,1
URL-12501,141,5,4.484,0,1,3,1
URL-12502,42,0,3.636,0,0,0,0
URL-12503,81,0,4.645,0,1,1,1
URL-12504,25,1,3.037,0,1,0,0
URL-12505,27,1,3.384,0,1,0,0
URL-12506,99,1,4.453,0,0,1,1
URL-12507,27,2,3.212,0,1,0,0
URL-12508,81,1,4.717,0,0,3,1
URL-12509,74,3,4.513,0,0,4,1
URL-12510,62,0,3.549,0,1,0,0
URL-12511,57,4,5.111,0,0,2,1
URL-12512,21,1,3.595,0,1,0,0
URL-12513,30,1,3.321,0,1,0,0
URL-12514,32,2,3.887,0,1,0,0
URL-12515,35,3,3.93,0,1,1,1
URL-12516,48,1,3.608,0,1,0,0
URL-12517,47,0,3.51,0,1,0,0
URL-12518,24,0,3.615,0,1,0,0
URL-12519,46,2,3.751,0,0,0,0
URL-12520,56,1,3.189,0,1,0,0
URL-12521,60,2,3.189,0,1,0,0
URL-12522,72,0,3.575,0,1,0,0
URL-12523,27,3,3.838,0,1,0,0
URL-12524,62,5,3.768,0,1,0,1
URL-12525,33,1,4.003,0,1,0,0
URL-12526,30,0,3.395,0,1,0,0
URL-12527,88,1,4.663,0,1,2,1
URL-12528,31,1,3.659,0,1,0,0
URL-12529,102,6,4.636,0,1,2,1
URL-12530,22,1,3.313,0,1,0,0
URL-12531,112,3,4.532,0,0,1,1
URL-12532,53,1,3.826,0,1,0,0
URL-12533,37,3,3.606,0,1,0,0
URL-12534,39,0,3.538,0,1,0,0
URL-12535,66,2,4.114,0,1,1,1
URL-12536,52,2,3.744,0,1,0,0
URL-12537,18,3,3.382,0,1,0,0
URL-12538,83,3,4.552,0,1,2,1
URL-12539,93,3,4.763,0,0,1,1
URL-12540,39,0,3.711,0,1,1,0
URL-12541,47,4,4.004,0,1,1,1
URL-12542,63,6,3.748,0,1,3,1
URL-12543,25,0,3.247,0,1,0,0
URL-12544,14,1,3.49,0,1,0,0
URL-12545,31,1,3.334,0,1,0,0
URL-12546,53,1,3.592,0,1,0,0
URL-12547,36,1,3.648,0,1,0,0
URL-12548,21,2,2.81,0,1,0,0
URL-12549,32,0,3.618,0,1,0,0
URL-12550,20,0,4.524,0,1,0,0
URL-12551,24,0,3.389,0,0,0,0
URL-12552,52,4,4.194,0,1,3,1
URL-12553,68,2,5.389,0,1,0,1
URL-12554,51,0,2.925,0,1,2,0
URL-12555,101,5,3.948,0,0,2,1
URL-12556,39,0,3.206,0,1,0,0
URL-12557,34,1,3.431,0,1,1,0
URL-12558,47,0,2.989,0,1,1,0
URL-12559,47,1,3.655,0,1,0,0
URL-12560,65,4,4.444,0,0,3,1
URL-12561,44,1,3.971,0,1,0,0
URL-12562,35,1,3.024,0,1,1,0
URL-12563,44,2,3.818,0,1,0,0
URL-12564,33,0,3.647,0,1,0,0
URL-12565,38,0,3.2,0,1,1,0
URL-12566,34,1,2.959,0,1,0,0
URL-12567,32,2,3.399,0,1,0,0
URL-12568,111,3,4.202,0,0,3,1
URL-12569,110,1,5.162,1,0,2,1
URL-12570,53,1,3.168,0,1,0,0
URL-12571,85,2,4.218,0,1,1,1
URL-12572,22,0,3.226,0,1,0,0
URL-12573,53,1,3.703,0,1,0,0
URL-12574,34,2,3.927,0,1,0,0
URL-12575,45,1,3.219,0,1,0,0
URL-12576,66,5,4.444,0,0,4,1
URL-12577,39,1,3.805,0,1,0,0
URL-12578,41,0,3.395,0,1,0,0
URL-12579,20,1,3.346,0,1,0,0
URL-12580,45,0,4.0,0,1,0,0
URL-12581,23,1,4.884,1,1,1,1
URL-12582,35,1,3.597,0,1,0,0
URL-12583,54,2,2.936,0,1,0,0
URL-12584,35,1,3.473,0,1,0,0
URL-12585,48,1,3.192,0,1,0,0
URL-12586,12,2,3.323,0,1,0,0
URL-12587,67,2,3.302,0,1,0,0
URL-12588,55,0,3.955,0,1,0,0
URL-12589,34,0,3.268,0,1,0,0
URL-12590,92,8,4.827,0,1,1,1
URL-12591,72,2,4.8,0,0,1,1
URL-12592,20,1,3.375,0,1,0,0
URL-12593,43,0,3.283,0,1,0,0
URL-12594,42,0,3.885,0,1,0,0
URL-12595,104,2,3.819,1,1,3,1
URL-12596,51,2,3.531,0,0,0,0
URL-12597,47,4,3.605,0,1,0,0
URL-12598,49,1,3.969,0,1,1,0
URL-12599,38,0,3.138,0,1,0,0
URL-12600,21,2,3.901,0,1,0,0
URL-12601,49,1,2.977,0,1,0,0
URL-12602,34,2,3.215,0,1,0,0
URL-12603,21,1,3.186,0,0,0,0
URL-12604,54,0,3.451,0,1,0,0
URL-12605,63,1,3.237,0,1,0,0
URL-12606,37,1,3.945,0,1,1,0
URL-12607,63,1,3.682,0,1,0,0
URL-12608,39,2,3.495,0,1,1,0
URL-12609,33,5,3.193,0,1,0,0
URL-12610,70,3,3.587,0,1,1,1
URL-12611,57,3,3.534,0,1,0,0
URL-12612,28,1,3.412,0,1,0,0
URL-12613,46,1,3.452,0,1,0,0
URL-12614,31,1,3.422,0,1,0,0
URL-12615,32,1,3.796,0,1,0,0
URL-12616,50,3,3.896,0,1,0,0
URL-12617,33,0,3.176,0,1,0,0
URL-12618,70,4,3.361,0,0,0,1
URL-12619,51,0,3.289,0,1,0,0
URL-12620,116,6,4.831,0,1,2,1
URL-12621,75,2,3.847,0,0,1,1
URL-12622,30,0,3.019,0,1,0,0
URL-12623,25,3,5.116,0,1,3,1
URL-12624,38,0,3.38,0,1,1,0
URL-12625,43,1,4.443,0,0,0,1
URL-12626,26,2,3.171,0,1,0,0
URL-12627,46,2,3.365,0,1,0,0
URL-12628,39,2,3.247,0,1,0,0
URL-12629,17,1,3.765,0,1,0,0
URL-12630,26,0,3.462,0,1,1,0
URL-12631,31,2,3.245,0,1,0,0
URL-12632,37,1,3.088,0,1,0,0
URL-12633,60,0,3.361,0,1,0,0
URL-12634,40,0,3.408,0,0,0,0
URL-12635,27,0,3.797,0,1,0,0
URL-12636,72,5,4.571,0,1,2,1
URL-12637,79,2,4.323,0,1,4,1
URL-12638,82,0,4.23,0,1,2,1
URL-12639,44,0,3.749,0,1,0,0
URL-12640,52,2,3.314,0,1,0,0
URL-12641,37,1,3.765,0,1,0,0
URL-12642,75,2,3.852,1,0,1,1
URL-12643,48,4,3.642,0,1,0,0
URL-12644,29,1,4.349,0,1,0,0
URL-12645,64,1,3.581,0,1,0,0
URL-12646,95,3,4.362,1,0,2,1
URL-12647,27,1,3.04,0,0,0,0
URL-12648,57,2,3.529,0,1,0,0
URL-12649,62,1,3.849,0,1,0,0
URL-12650,37,1,3.252,0,1,0,0
URL-12651,31,1,3.689,0,0,0,0
URL-12652,35,0,3.408,0,1,0,0
URL-12653,46,1,3.361,0,1,0,0
URL-12654,96,6,4.836,0,0,1,1
URL-12655,44,1,2.837,0,1,0,0
URL-12656,104,2,4.905,0,0,1,1
URL-12657,90,4,3.833,1,0,0,1
URL-12658,34,0,3.435,0,1,0,0
URL-12659,50,0,3.502,0,1,0,0
URL-12660,34,0,3.454,0,1,0,0
URL-12661,96,2,4.68,0,1,1,1
URL-12662,36,1,3.635,0,1,0,0
URL-12663,37,3,3.053,0,1,0,0
URL-12664,33,1,3.197,0,1,0,0
URL-12665,54,0,3.533,0,1,0,0
URL-12666,29,0,3.94,0,1,0,0
URL-12667,29,1,3.731,0,1,0,0
URL-12668,63,0,3.847,0,1,0,0
URL-12669,49,2,3.105,0,1,0,0
URL-12670,12,1,3.721,0,1,0,0
URL-12671,31,0,3.242,0,1,0,0
URL-12672,16,0,3.458,0,1,0,0
URL-12673,26,0,3.798,0,1,0,0
URL-12674,134,5,4.689,0,1,1,1
URL-12675,36,1,2.996,0,1,0,0
URL-12676,24,0,3.371,0,1,0,0
URL-12677,38,0,3.542,0,1,0,0
URL-12678,18,3,3.739,0,0,0,0
URL-12679,38,2,3.189,0,1,0,0
URL-12680,33,1,3.306,0,1,0,0
URL-12681,109,5,4.289,0,0,1,1
URL-12682,54,0,3.691,0,1,0,0
URL-12683,47,3,3.571,0,1,0,0
URL-12684,34,1,3.449,0,1,0,0
URL-12685,61,2,3.241,0,1,0,0
URL-12686,19,1,3.81,0,0,0,0
URL-12687,21,3,3.925,0,1,0,0
URL-12688,36,0,3.295,0,1,0,0
URL-12689,65,0,3.334,0,1,0,0
URL-12690,35,2,3.739,0,1,0,0
URL-12691,35,1,3.559,0,1,0,0
URL-12692,20,0,3.704,0,1,0,0
URL-12693,49,0,3.595,0,1,0,0
URL-12694,98,4,4.65,0,0,1,1
URL-12695,47,0,3.357,0,1,0,0
URL-12696,30,0,2.801,0,1,0,0
URL-12697,29,2,3.568,0,1,0,0
URL-12698,106,5,3.798,1,1,2,1
URL-12699,73,4,4.707,1,0,0,1
URL-12700,25,1,3.239,0,1,1,0
URL-12701,86,5,3.933,0,0,3,1
URL-12702,32,0,4.36,0,1,0,0
URL-12703,32,1,3.623,0,1,0,0
URL-12704,47,1,3.933,0,0,1,1
URL-12705,49,3,4.236,0,1,3,1
URL-12706,38,0,3.424,0,1,0,0
URL-12707,34,2,3.067,0,1,0,0
URL-12708,40,1,3.455,0,1,1,0
URL-12709,26,0,3.327,0,1,0,0
URL-12710,70,1,5.306,0,1,0,1
URL-12711,39,0,3.4,0,1,0,0
URL-12712,19,0,3.255,0,1,0,0
URL-12713,49,1,3.381,0,1,0,0
URL-12714,27,0,3.796,0,1,0,0
URL-12715,39,2,3.522,0,1,0,0
URL-12716,51,2,3.425,0,1,0,0
URL-12717,118,2,4.618,0,0,1,1
URL-12718,77,2,4.15,0,0,3,1
URL-12719,33,1,3.113,0,1,0,0
URL-12720,48,4,4.799,0,0,1,1
URL-12721,72,5,3.779,0,1,0,1
URL-12722,93,2,4.422,0,1,1,1
URL-12723,28,2,2.97,0,1,0,0
URL-12724,13,1,3.788,0,1,0,0
URL-12725,39,0,3.544,0,1,0,0
URL-12726,37,1,3.6,0,1,1,0
URL-12727,51,1,3.785,0,1,0,0
URL-12728,42,0,3.788,0,1,0,0
URL-12729,54,0,3.253,0,1,1,0
URL-12730,29,3,3.504,0,1,0,0
URL-12731,51,1,3.47,0,1,0,0
URL-12732,31,0,3.437,0,1,0,0
URL-12733,51,2,4.476,0,1,4,1
URL-12734,101,2,4.457,0,0,1,1
URL-12735,136,6,4.436,0,1,0,1
URL-12736,77,4,4.041,0,1,3,1
URL-12737,34,3,3.975,0,1,0,0
URL-12738,80,1,4.915,0,0,1,1
URL-12739,31,1,3.394,0,0,0,0
URL-12740,25,0,3.352,0,1,0,0
URL-12741,48,1,3.635,0,1,1,0
URL-12742,36,2,3.018,0,1,0,0
URL-12743,32,1,3.803,0,1,0,0
URL-12744,38,0,2.93,0,1,0,0
URL-12745,69,6,4.177,1,0,1,1
URL-12746,51,1,3.674,0,1,0,0
URL-12747,51,0,4.183,0,1,0,0
URL-12748,58,5,4.91,0,1,2,1
URL-12749,39,1,3.73,0,1,0,0
URL-12750,12,0,3.744,0,1,0,0
URL-12751,29,2,3.19,0,1,1,0
URL-12752,32,2,3.126,0,1,0,0
URL-12753,15,3,3.173,0,1,0,0
URL-12754,88,5,5.282,0,0,1,1
URL-12755,14,0,3.497,0,1,0,0
URL-12756,37,1,3.512,0,1,0,0
URL-12757,79,2,4.549,0,1,2,1
URL-12758,51,0,3.24,0,1,0,0
URL-12759,42,0,3.794,0,1,0,0
URL-12760,26,0,3.651,0,1,0,0
URL-12761,14,1,4.053,0,1,0,0
URL-12762,16,0,3.651,0,1,0,0
URL-12763,22,2,3.476,0,1,0,0
URL-12764,27,0,4.252,0,1,1,0
URL-12765,90,2,3.93,0,0,0,1
URL-12766,25,0,3.601,0,1,0,0
URL-12767,42,0,3.652,0,1,0,0
URL-12768,35,0,3.826,0,1,0,0
URL-12769,38,6,3.53,0,1,0,0
URL-12770,51,0,4.468,0,0,0,0
URL-12771,23,1,3.299,0,1,0,0
URL-12772,71,3,4.531,0,1,4,1
URL-12773,37,2,2.988,0,1,0,0
URL-12774,33,2,3.155,0,1,0,0
URL-12775,48,2,2.955,0,1,0,0
URL-12776,48,1,3.176,0,1,0,0
URL-12777,26,1,2.927,0,1,0,0
URL-12778,35,1,3.538,0,1,0,0
URL-12779,41,3,3.187,0,1,0,0
URL-12780,34,1,4.03,0,1,0,0
URL-12781,99,7,4.205,0,1,1,1
URL-12782,87,3,3.672,0,1,3,1
URL-12783,89,5,4.336,0,1,2,1
URL-12784,38,7,4.403,0,0,1,1
URL-12785,36,1,3.917,0,1,0,0
URL-12786,89,7,3.82,0,0,3,1
URL-12787,45,0,3.261,0,0,0,0
URL-12788,60,3,4.006,1,0,1,1
URL-12789,61,1,4.304,0,0,3,1
URL-12790,30,2,3.023,0,1,0,0
URL-12791,91,7,4.862,0,1,2,1
URL-12792,20,0,3.952,0,1,0,0
URL-12793,32,1,3.715,0,1,1,0
URL-12794,51,1,3.616,0,1,0,0
URL-12795,37,1,3.689,0,1,0,0
URL-12796,45,2,4.131,0,1,0,0
URL-12797,57,0,3.778,0,1,0,0
URL-12798,96,5,4.562,0,1,3,1
URL-12799,31,0,3.47,0,1,0,0
URL-12800,134,7,4.527,0,1,1,1
URL-12801,56,3,4.642,0,1,1,1
URL-12802,90,4,5.163,0,0,5,1
URL-12803,64,6,4.588,0,0,2,1
URL-12804,49,0,3.515,0,1,0,0
URL-12805,77,0,4.664,0,1,2,1
URL-12806,81,1,4.31,0,1,3,1
URL-12807,25,0,3.353,0,1,0,0
URL-12808,43,1,3.448,0,0,0,0
URL-12809,28,0,3.607,0,1,0,0
URL-12810,36,0,3.717,0,1,0,0
URL-12811,48,1,4.458,0,1,0,0
URL-12812,47,0,3.035,0,1,0,0
URL-12813,37,1,3.706,0,1,0,0
URL-12814,16,2,4.017,0,1,0,0
URL-12815,102,1,4.286,0,0,3,1
URL-12816,58,1,3.74,0,1,0,0
URL-12817,46,2,3.372,0,1,0,0
URL-12818,28,1,3.319,0,1,0,0
URL-12819,36,1,3.243,0,1,0,0
URL-12820,85,7,4.073,0,0,2,1
URL-12821,53,2,3.455,0,1,0,0
URL-12822,41,2,3.764,0,1,0,0
URL-12823,28,0,2.995,0,1,0,0
URL-12824,32,1,3.798,0,1,0,0
URL-12825,123,4,3.878,0,0,3,1
URL-12826,57,0,3.608,0,1,0,0
URL-12827,56,2,4.301,0,1,0,0
URL-12828,47,1,3.932,0,1,0,0
URL-12829,34,2,3.325,0,1,0,0
URL-12830,12,0,3.084,0,1,0,0
URL-12831,41,0,3.259,0,1,0,0
URL-12832,37,0,3.297,0,1,0,0
URL-12833,39,0,2.86,0,1,0,0
URL-12834,38,1,3.673,0,1,1,0
URL-12835,29,6,4.369,0,1,1,1
URL-12836,68,2,4.867,1,1,2,1
URL-12837,45,1,3.828,0,0,0,0
URL-12838,55,1,4.053,0,1,0,1
URL-12839,49,2,3.412,0,1,0,0
URL-12840,45,0,3.249,0,1,0,0
URL-12841,76,3,4.055,1,0,2,1
URL-12842,91,1,3.682,0,1,1,1
URL-12843,63,2,4.776,1,1,1,1
URL-12844,39,2,3.258,0,1,0,0
URL-12845,49,2,3.039,0,1,0,0
URL-12846,103,3,3.965,1,0,3,1
URL-12847,62,1,3.478,0,1,0,0
URL-12848,64,0,3.934,0,1,0,0
URL-12849,38,1,3.267,0,1,1,0
URL-12850,12,1,3.888,0,1,0,0
URL-12851,52,1,3.993,0,0,0,0
URL-12852,31,1,3.415,0,0,0,0
URL-12853,97,6,4.163,0,1,0,1
URL-12854,33,2,3.094,0,1,0,0
URL-12855,32,1,3.102,0,1,0,0
URL-12856,45,1,3.611,0,1,1,0
URL-12857,19,1,3.311,0,1,0,0
URL-12858,25,1,3.584,0,1,0,0
URL-12859,42,0,3.557,0,1,0,0
URL-12860,80,6,4.4,0,0,5,1
URL-12861,45,1,3.685,0,1,0,0
URL-12862,73,2,4.556,0,0,3,1
URL-12863,26,0,3.579,0,1,0,0
URL-12864,31,2,3.608,0,1,0,0
URL-12865,40,1,3.499,0,1,0,0
URL-12866,55,1,3.867,0,1,0,0
URL-12867,65,1,4.495,0,1,4,1
URL-12868,35,0,3.762,0,1,0,0
URL-12869,22,1,3.674,0,1,0,0
URL-12870,122,3,3.829,0,1,1,1
URL-12871,78,4,4.328,0,1,0,1
URL-12872,72,1,4.021,0,1,1,1
URL-12873,43,0,3.284,0,1,0,0
URL-12874,151,1,4.435,0,0,2,1
URL-12875,32,0,4.126,0,1,0,0
URL-12876,32,2,3.47,0,0,0,0
URL-12877,64,2,4.068,0,1,0,0
URL-12878,35,3,3.16,0,1,0,0
URL-12879,46,0,3.549,0,1,1,0
URL-12880,38,2,3.752,0,1,0,0
URL-12881,90,5,4.248,0,1,2,1
URL-12882,13,1,3.121,0,0,0,0
URL-12883,31,0,3.074,0,1,0,0
URL-12884,50,0,3.717,0,1,0,0
URL-12885,129,3,4.027,0,1,2,1
URL-12886,48,2,3.722,0,1,1,0
URL-12887,26,1,4.003,0,1,0,0
URL-12888,82,3,4.407,0,0,1,1
URL-12889,98,4,4.459,0,0,2,1
URL-12890,40,1,2.791,0,1,0,0
URL-12891,37,5,3.78,0,1,1,0
URL-12892,96,1,4.417,0,1,1,1
URL-12893,54,3,3.064,0,0,0,0
URL-12894,29,0,3.935,0,1,0,0
URL-12895,77,3,3.588,1,1,5,1
URL-12896,38,1,3.774,0,1,0,0
URL-12897,33,1,3.288,0,0,0,0
URL-12898,78,0,3.415,0,1,0,0
URL-12899,46,1,3.693,0,1,0,0
URL-12900,33,0,3.683,0,1,0,0
URL-12901,64,1,4.091,1,1,1,1
URL-12902,15,1,3.661,0,1,0,0
URL-12903,25,1,3.374,0,1,0,0
URL-12904,39,1,3.461,0,1,0,0
URL-12905,55,1,3.429,0,1,0,0
URL-12906,67,2,3.676,0,1,3,1
URL-12907,40,0,3.0,0,1,0,0
URL-12908,34,1,3.727,0,1,0,0
URL-12909,41,1,3.626,0,1,2,0
URL-12910,31,1,2.706,0,1,0,0
URL-12911,58,1,3.805,0,1,0,0
URL-12912,35,1,3.849,0,1,0,0
URL-12913,88,1,4.802,1,0,0,1
URL-12914,12,0,3.67,0,1,0,0
URL-12915,35,0,3.594,0,1,0,0
URL-12916,48,1,4.281,0,1,0,0
URL-12917,64,3,4.59,0,1,2,1
URL-12918,28,2,3.537,0,1,0,0
URL-12919,47,1,3.883,0,1,0,0
URL-12920,20,1,4.063,0,1,0,0
URL-12921,50,1,4.225,0,1,0,0
URL-12922,48,5,4.517,0,1,3,1
URL-12923,33,2,3.65,0,1,0,0
URL-12924,24,0,3.283,0,1,0,0
URL-12925,97,3,4.692,0,1,4,1
URL-12926,41,5,4.071,0,0,2,1
URL-12927,46,3,4.055,0,1,1,1
URL-12928,58,4,4.78,1,1,2,1
URL-12929,51,2,3.675,0,1,0,0
URL-12930,34,1,2.868,0,1,0,0
URL-12931,54,1,3.864,0,1,0,0
URL-12932,47,0,3.956,0,1,0,0
URL-12933,12,1,3.293,0,1,0,0
URL-12934,25,2,2.867,0,1,0,0
URL-12935,49,0,4.019,0,1,0,0
URL-12936,47,5,4.935,0,0,4,1
URL-12937,25,1,3.777,0,1,0,0
URL-12938,62,6,4.797,1,1,2,1
URL-12939,15,1,3.402,0,1,0,0
URL-12940,36,0,3.967,0,1,0,0
URL-12941,64,2,3.388,0,1,0,0
URL-12942,47,0,3.555,0,1,0,0
URL-12943,64,3,3.498,0,1,0,0
URL-12944,111,2,3.928,0,0,2,1
URL-12945,50,0,3.462,0,1,0,0
URL-12946,61,1,3.503,0,1,0,0
URL-12947,42,1,4.127,0,1,0,0
URL-12948,35,0,3.684,0,1,1,0
URL-12949,84,3,4.45,0,1,2,1
URL-12950,72,6,3.939,0,1,1,1
URL-12951,32,1,3.108,0,1,0,0
URL-12952,29,4,3.856,0,1,1,0
URL-12953,39,4,3.606,0,1,0,0
URL-12954,71,3,4.393,1,1,5,1
URL-12955,47,2,3.466,0,1,0,0
URL-12956,20,3,3.687,0,1,0,0
URL-12957,56,2,4.497,0,0,3,1
URL-12958,30,3,3.88,0,1,0,0
URL-12959,53,5,4.492,0,1,1,1
URL-12960,27,1,3.106,0,0,0,0
URL-12961,70,2,3.233,0,0,0,0
URL-12962,40,2,3.357,0,1,0,0
URL-12963,82,0,4.185,0,0,3,1
URL-12964,61,3,4.139,0,0,2,1
URL-12965,47,1,3.084,0,1,0,0
URL-12966,35,1,3.026,0,1,0,0
URL-12967,48,1,3.053,0,1,0,0
URL-12968,73,3,4.263,0,0,3,1
URL-12969,32,3,3.216,0,1,0,0
URL-12970,13,2,3.366,0,1,0,0
URL-12971,22,1,3.965,0,1,0,0
URL-12972,105,6,4.0,0,1,2,1
URL-12973,57,1,3.605,0,1,1,0
URL-12974,38,0,3.085,0,1,0,0
URL-12975,57,0,3.033,0,0,0,0
URL-12976,65,4,4.212,0,1,1,1
URL-12977,35,1,3.736,0,1,0,0
URL-12978,38,3,3.776,0,0,0,0
URL-12979,34,3,4.49,1,0,0,1
URL-12980,35,1,3.438,0,1,0,0
URL-12981,51,0,3.596,0,1,0,0
URL-12982,39,1,3.365,0,1,1,0
URL-12983,107,1,4.535,0,0,1,1
URL-12984,50,2,3.181,0,1,0,0
URL-12985,65,3,4.342,0,1,3,1
URL-12986,26,2,3.127,0,1,1,0
URL-12987,21,0,3.538,0,1,0,0
URL-12988,39,0,2.938,0,1,0,0
URL-12989,97,3,4.476,0,0,2,1
URL-12990,39,0,4.191,0,0,0,0
URL-12991,88,0,3.5,0,0,2,1
URL-12992,69,1,3.415,0,1,0,0
URL-12993,22,2,3.803,0,1,0,0
URL-12994,14,2,3.516,0,1,0,0
URL-12995,119,2,3.987,0,1,3,1
URL-12996,33,2,3.638,0,1,0,0
URL-12997,41,0,3.806,0,1,0,0
URL-12998,45,0,2.808,0,1,1,0
URL-12999,78,5,4.622,0,0,2,1
