date,daily_return,realized_volatility,finbert_sentiment_polarity,news_headline_volume,vix_close
2023-01-02,-0.01626,0.2212,-0.24,39,20.59
2023-01-03,0.00614,0.2051,-0.146,49,17.92
2023-01-04,0.01488,0.1921,0.312,49,21.22
2023-01-05,-0.00753,0.2065,0.264,40,24.9
2023-01-06,-0.00098,0.1633,0.043,47,17.52
2023-01-09,0.00054,0.153,0.091,44,17.52
2023-01-10,-0.00737,0.1572,0.497,37,25.13
2023-01-11,0.00858,0.2004,-0.157,45,21.72
2023-01-12,-0.00029,0.0911,0.241,58,16.53
2023-01-13,0.00541,0.1894,-0.021,49,20.78
2023-01-16,-0.00675,0.1279,-0.026,46,16.55
2023-01-17,-0.00197,0.086,0.435,43,16.54
2023-01-18,0.00752,0.1564,0.339,44,19.52
2023-01-19,-0.00256,0.126,0.335,54,10.5
2023-01-20,0.01133,0.1005,0.507,47,11.26
2023-01-23,-0.00194,0.0929,0.057,31,16.14
2023-01-24,0.00163,0.0872,0.289,52,14.25
2023-01-25,0.01288,0.2125,-0.059,42,19.82
2023-01-26,-0.00835,0.0979,0.163,46,14.69
2023-01-27,-0.0123,0.1145,0.004,42,12.57
2023-01-30,-0.0219,0.232,0.084,50,24.66
2023-01-31,0.00916,0.1102,0.258,39,17.55
2023-02-01,-0.00623,0.1908,-0.236,37,18.78
2023-02-02,0.00846,0.05,0.782,45,12.52
2023-02-03,-0.00542,0.1638,-0.302,56,16.21
2023-02-06,0.0029,0.2148,-0.375,47,18.97
2023-02-07,0.00526,0.05,0.455,37,13.67
2023-02-08,0.02191,0.1702,0.327,45,20.08
2023-02-09,0.01667,0.1253,0.268,39,15.98
2023-02-10,0.01202,0.1527,0.27,39,17.27
2023-02-13,0.01032,0.1538,0.046,46,15.97
2023-02-14,0.01152,0.2978,-0.264,51,26.28
2023-02-15,0.00862,0.1677,0.077,45,18.44
2023-02-16,-0.00432,0.136,-0.187,43,14.06
2023-02-17,-0.00818,0.1665,0.391,37,21.95
2023-02-20,0.00037,0.1444,-0.001,42,13.37
2023-02-21,-0.00174,0.1996,-0.239,48,19.38
2023-02-22,-0.00287,0.1147,-0.062,49,10.5
2023-02-23,0.00419,0.0863,0.195,39,12.92
2023-02-24,0.01075,0.172,-0.147,51,19.33
2023-02-27,0.00137,0.1738,-0.238,48,21.6
2023-02-28,0.02022,0.2129,0.135,35,19.22
2023-03-01,-0.00837,0.1219,0.136,52,18.01
2023-03-02,-0.00145,0.1513,-0.127,48,17.24
2023-03-03,-0.00441,0.1065,-0.115,41,12.29
2023-03-06,-0.01838,0.1597,0.131,39,15.48
2023-03-07,-0.00053,0.1792,-0.457,38,16.57
2023-03-08,-0.00173,0.2779,-0.443,43,22.94
2023-03-09,0.0177,0.1815,-0.201,52,19.94
2023-03-10,0.00513,0.1191,-0.025,40,11.1
2023-03-13,-0.00893,0.1446,0.159,47,19.86
2023-03-14,0.02114,0.1776,0.566,47,16.88
2023-03-15,0.00691,0.0846,0.35,46,15.66
2023-03-16,0.00769,0.1988,-0.006,41,21.07
2023-03-17,-0.00279,0.2237,0.043,51,22.83
2023-03-20,-0.01427,0.2428,-0.301,54,22.41
2023-03-21,-0.00284,0.1383,0.044,55,14.98
2023-03-22,0.01133,0.1593,-0.051,43,17.2
2023-03-23,0.02027,0.1674,0.163,40,19.89
2023-03-24,0.02174,0.2195,-0.24,48,22.6
2023-03-27,-0.00457,0.1613,0.232,38,16.49
2023-03-28,-0.01224,0.1792,0.586,36,17.72
2023-03-29,0.0014,0.1131,0.012,40,13.85
2023-03-30,-0.00801,0.0755,0.191,48,13.48
2023-03-31,0.00384,0.1688,0.292,39,21.91
2023-04-03,-0.00244,0.3052,-0.09,54,24.2
2023-04-04,-0.00355,0.1347,0.128,47,18.2
2023-04-05,-0.02426,0.2455,0.054,38,22.71
2023-04-06,0.00769,0.2252,0.084,43,20.02
2023-04-07,-0.00463,0.1499,-0.221,45,15.79
2023-04-10,-0.01368,0.191,0.059,37,20.02
2023-04-11,-0.0444,0.2476,0.224,34,24.96
2023-04-12,0.00021,0.1108,0.558,40,18.35
2023-04-13,0.02095,0.1841,0.386,41,25.07
2023-04-14,0.00563,0.05,0.804,49,10.5
2023-04-17,-0.00495,0.1857,-0.219,46,21.95
2023-04-18,-0.00446,0.128,0.355,50,18.87
2023-04-19,0.00381,0.1156,0.114,47,17.24
2023-04-20,-0.00647,0.1093,0.816,45,18.89
2023-04-21,0.00231,0.1005,-0.233,42,10.5
2023-04-24,0.00931,0.1846,-0.244,35,17.58
2023-04-25,0.01208,0.1511,-0.16,50,20.0
2023-04-26,-0.00141,0.2876,-0.693,49,24.71
2023-04-27,-0.00199,0.1863,-0.134,40,16.32
2023-04-28,-0.00534,0.1038,-0.216,51,15.1
2023-05-01,-0.00763,0.1542,0.103,40,16.39
2023-05-02,-0.00278,0.223,0.17,42,22.34
2023-05-03,0.00258,0.0942,0.707,56,19.88
2023-05-04,0.01075,0.1798,0.383,60,16.28
2023-05-05,-0.01017,0.209,-0.152,38,20.66
2023-05-08,0.01717,0.1783,-0.264,54,18.91
2023-05-09,-0.0028,0.1871,0.222,52,22.57
2023-05-10,0.00013,0.1986,-0.412,49,15.55
2023-05-11,-0.0045,0.104,0.691,40,17.12
2023-05-12,-0.02151,0.1435,0.463,59,16.85
2023-05-15,0.00593,0.0993,-0.114,38,12.35
2023-05-16,0.01131,0.235,-0.55,56,19.74
2023-05-17,-0.00132,0.097,0.524,49,19.6
2023-05-18,0.00113,0.1735,0.01,59,18.52
2023-05-19,0.00368,0.1008,0.483,53,17.51
2023-05-22,-0.01333,0.1395,-0.508,41,12.56
2023-05-23,-0.00637,0.2032,-0.16,39,16.73
2023-05-24,0.00949,0.1816,0.052,33,17.06
2023-05-25,-0.01185,0.155,0.066,42,15.13
2023-05-26,0.00289,0.1344,-0.108,32,17.82
2023-05-29,-0.01273,0.1536,0.268,46,20.2
2023-05-30,0.00904,0.2942,-0.324,41,26.42
2023-05-31,-2e-05,0.1851,0.0,54,19.23
2023-06-01,-0.02386,0.2384,0.092,39,19.58
2023-06-02,0.01257,0.1659,0.23,54,18.19
2023-06-05,-0.00389,0.0928,0.299,54,10.5
2023-06-06,-0.00952,0.1943,-0.344,58,18.39
2023-06-07,0.00316,0.2185,-0.487,51,18.75
2023-06-08,0.01552,0.2089,0.497,45,28.85
2023-06-09,-0.0108,0.175,0.166,51,17.69
2023-06-12,0.00128,0.2253,-0.212,43,19.77
2023-06-13,0.00297,0.0953,0.593,39,18.35
2023-06-14,0.00401,0.0826,0.09,42,13.59
2023-06-15,0.00168,0.1148,0.463,41,23.3
2023-06-16,-0.00415,0.1966,0.074,28,21.66
2023-06-19,-0.00488,0.1013,0.771,43,21.82
2023-06-20,0.00067,0.05,0.664,51,14.68
2023-06-21,-0.01522,0.2313,-0.037,43,24.39
2023-06-22,-0.03162,0.174,0.39,59,12.61
2023-06-23,0.00505,0.169,0.276,47,20.96
2023-06-26,0.01372,0.2339,0.529,59,27.7
2023-06-27,-0.02397,0.1637,-0.288,47,14.34
2023-06-28,-0.00738,0.1223,0.29,39,16.12
2023-06-29,0.00683,0.1648,0.42,39,18.92
2023-06-30,0.02543,0.1931,-0.566,51,16.39
2023-07-03,0.0006,0.1546,-0.364,43,11.99
2023-07-04,-0.0105,0.2376,-0.664,49,18.79
2023-07-05,-0.001,0.1218,-0.044,52,14.04
2023-07-06,0.01678,0.1891,0.301,39,20.49
2023-07-07,-0.00323,0.0893,0.576,47,14.64
2023-07-10,-0.00923,0.1913,0.076,40,25.01
2023-07-11,-0.00309,0.1147,0.62,53,15.21
2023-07-12,-0.00974,0.1689,-0.433,48,17.15
2023-07-13,0.00223,0.2369,-0.546,34,21.92
2023-07-14,0.01318,0.1249,0.031,42,13.33
2023-07-17,0.00444,0.1985,0.184,50,19.46
2023-07-18,-0.00309,0.2196,0.039,33,23.99
2023-07-19,-0.00275,0.1716,-0.674,49,11.75
2023-07-20,-0.01966,0.2037,0.019,53,19.28
2023-07-21,0.0145,0.2535,-0.407,45,19.59
2023-07-24,-0.00055,0.1943,0.284,52,21.78
2023-07-25,-0.00093,0.117,0.178,49,13.3
2023-07-26,0.02184,0.1066,-0.279,40,12.95
2023-07-27,0.00359,0.1695,-0.13,51,20.69
2023-07-28,-0.00902,0.199,-0.321,49,19.75
2023-07-31,-0.00391,0.1604,0.028,49,19.55
2023-08-01,0.01102,0.1468,0.384,47,19.96
2023-08-02,0.00167,0.1775,-0.295,54,15.64
2023-08-03,-0.01587,0.1796,0.226,52,19.48
2023-08-04,0.01126,0.1876,-0.136,42,19.73
2023-08-07,-0.00698,0.1753,-0.228,37,15.5
2023-08-08,0.02844,0.2376,0.013,52,26.34
2023-08-09,0.01085,0.1536,-0.312,48,20.49
2023-08-10,-0.00285,0.1153,-0.144,48,13.5
2023-08-11,0.01822,0.2208,-0.369,51,21.26
2023-08-14,0.00061,0.05,0.738,50,14.41
2023-08-15,0.01216,0.219,0.062,63,21.81
2023-08-16,0.00873,0.2729,-0.195,49,23.37
2023-08-17,-0.00853,0.1675,0.125,41,15.05
2023-08-18,-0.00727,0.1891,0.011,32,22.55
2023-08-21,0.01531,0.2298,-0.027,42,20.23
2023-08-22,-0.00348,0.1839,0.265,50,21.95
2023-08-23,-0.00472,0.2014,0.315,50,26.47
2023-08-24,-0.00891,0.1547,-0.136,45,17.47
2023-08-25,0.00441,0.1502,-0.152,49,15.33
2023-08-28,0.01751,0.1317,-0.046,43,14.76
2023-08-29,-0.01337,0.2047,-0.756,37,15.07
2023-08-30,0.00073,0.2132,-0.48,49,18.18
2023-08-31,0.01235,0.1343,0.528,34,19.93
2023-09-01,-0.00032,0.1443,0.626,48,19.66
2023-09-04,0.00737,0.2445,-0.037,60,21.97
2023-09-05,-0.01157,0.1788,0.252,44,18.55
2023-09-06,0.00475,0.1611,0.159,43,24.6
2023-09-07,-0.00019,0.05,1.0,43,17.39
2023-09-08,0.01652,0.2596,0.442,55,29.92
2023-09-11,0.0114,0.1471,0.005,39,21.13
2023-09-12,0.02637,0.1592,-0.284,48,14.9
2023-09-13,0.00569,0.1449,-0.512,54,14.0
2023-09-14,0.00313,0.133,0.121,65,20.53
2023-09-15,0.00286,0.2009,-0.215,54,17.56
2023-09-18,-0.00529,0.2556,-0.448,50,21.5
2023-09-19,0.00421,0.1787,-0.176,36,20.49
2023-09-20,-0.00188,0.1226,-0.329,57,18.19
2023-09-21,0.00122,0.0774,0.64,51,14.94
2023-09-22,0.00855,0.0982,0.359,36,12.14
2023-09-25,-0.00654,0.1094,0.047,49,16.62
2023-09-26,0.01159,0.1558,0.568,38,22.1
2023-09-27,0.01406,0.1646,0.077,32,19.4
2023-09-28,-0.00082,0.1636,-0.251,40,13.27
2023-09-29,-0.01715,0.1313,0.583,41,19.23
2023-10-02,-0.00474,0.1342,0.239,43,20.12
2023-10-03,0.01696,0.2027,-0.313,47,14.79
2023-10-04,0.00015,0.1742,-0.017,49,19.15
2023-10-05,-0.01189,0.1952,-0.256,51,18.74
2023-10-06,-0.00401,0.1388,-0.434,45,13.7
2023-10-09,0.00756,0.1353,0.374,37,20.0
2023-10-10,0.00406,0.1063,0.718,47,20.86
2023-10-11,-0.00317,0.2374,-0.439,46,23.05
2023-10-12,-0.00504,0.2355,0.247,41,22.93
2023-10-13,-0.00187,0.0918,-0.178,34,12.71
2023-10-16,-0.00487,0.0907,-0.12,26,14.56
2023-10-17,0.02518,0.2435,-0.157,43,20.66
2023-10-18,-0.00371,0.2022,-0.252,46,20.66
2023-10-19,0.01308,0.1654,0.067,51,20.66
2023-10-20,0.0336,0.3464,-0.241,37,34.68
2023-10-23,0.01055,0.1614,0.145,48,20.9
2023-10-24,-0.00649,0.2533,0.032,30,23.27
2023-10-25,0.00619,0.2276,-0.034,49,22.51
2023-10-26,9e-05,0.2012,-0.268,49,21.24
2023-10-27,-0.013,0.2353,-0.152,42,17.18
2023-10-30,0.00353,0.1532,0.314,46,21.69
2023-10-31,-0.01061,0.1483,0.225,44,15.25
2023-11-01,0.01498,0.1949,-0.292,45,17.51
2023-11-02,-0.00488,0.1805,0.085,33,16.46
2023-11-03,0.00284,0.1926,0.313,40,18.84
2023-11-06,0.00569,0.2965,-0.534,54,28.22
2023-11-07,-0.00062,0.0624,0.24,38,10.66
2023-11-08,0.00866,0.2234,-0.182,48,21.38
2023-11-09,-0.00189,0.0765,0.25,46,11.73
2023-11-10,0.01296,0.2289,-0.217,38,16.52
2023-11-13,-0.02094,0.2517,-0.582,33,23.07
2023-11-14,0.002,0.2008,-0.52,40,18.77
2023-11-15,0.01738,0.139,0.067,54,13.97
2023-11-16,-0.00573,0.0973,0.141,50,15.5
2023-11-17,-0.00746,0.184,-0.267,42,21.35
2023-11-20,0.00573,0.1646,0.274,54,15.43
2023-11-21,0.00266,0.2001,-0.532,44,19.41
2023-11-22,0.00346,0.1385,0.027,45,18.69
2023-11-23,0.00655,0.1996,-0.374,55,15.76
2023-11-24,0.01199,0.2899,-0.178,40,27.5
2023-11-27,0.01532,0.2135,0.067,56,21.16
2023-11-28,0.00447,0.1575,-0.251,47,10.5
2023-11-29,-0.00208,0.1633,-0.085,50,19.28
2023-11-30,0.00336,0.0699,0.402,38,15.72
2023-12-01,0.03233,0.2668,-0.152,66,22.08
2023-12-04,-0.00053,0.1108,0.342,53,15.17
2023-12-05,-0.01091,0.1843,-0.345,40,18.02
2023-12-06,0.01491,0.208,0.235,44,20.62
2023-12-07,-0.00089,0.1704,0.555,42,22.14
2023-12-08,-0.02767,0.2051,-0.815,37,13.46
2023-12-11,0.01388,0.2525,-0.229,65,17.1
2023-12-12,-0.00353,0.1166,0.252,48,16.51
2023-12-13,-0.00063,0.1811,-0.021,51,15.76
2023-12-14,0.00488,0.2141,0.18,39,25.91
2023-12-15,0.00282,0.2016,-0.161,38,20.2
2023-12-18,0.00782,0.1661,0.08,42,13.2
2023-12-19,-0.00554,0.2164,-0.004,44,22.36
2023-12-20,0.00759,0.2223,0.459,47,27.41
2023-12-21,-0.00323,0.2222,0.139,37,22.84
2023-12-22,0.00489,0.0965,0.168,48,12.12
2023-12-25,0.00573,0.1376,-0.094,47,16.47
2023-12-26,-0.0107,0.1884,-0.121,39,23.82
2023-12-27,0.00678,0.0933,-0.101,40,15.53
2023-12-28,-0.00745,0.2326,0.188,46,20.36
2023-12-29,0.00868,0.1627,-0.097,28,21.75
2024-01-01,0.00318,0.1201,0.151,44,14.61
2024-01-02,0.01153,0.0961,0.776,41,18.25
2024-01-03,-0.00071,0.0788,0.355,28,10.5
2024-01-04,-0.00328,0.1672,-0.064,48,14.2
2024-01-05,0.00022,0.1497,0.47,44,17.44
2024-01-08,-0.00186,0.1185,-0.093,45,13.26
2024-01-09,0.01395,0.2689,-0.663,36,25.36
2024-01-10,-0.0152,0.1532,-0.303,41,12.49
2024-01-11,-0.01242,0.1931,-0.605,38,16.65
2024-01-12,-0.01568,0.239,-0.073,65,19.05
2024-01-15,0.0142,0.2306,0.056,48,24.55
2024-01-16,0.01095,0.0979,0.637,54,12.47
2024-01-17,-0.00104,0.2183,0.164,49,23.39
2024-01-18,-0.00189,0.2152,-0.027,59,18.54
2024-01-19,0.00091,0.1157,0.34,45,14.38
2024-01-22,0.01573,0.2095,-0.724,54,20.44
2024-01-23,-0.01015,0.1806,0.132,49,19.34
2024-01-24,0.00193,0.1022,0.32,39,15.98
2024-01-25,0.01228,0.1934,-0.468,43,18.79
2024-01-26,0.00463,0.1341,0.45,35,16.88
2024-01-29,0.00282,0.2025,0.168,54,18.98
2024-01-30,0.01311,0.2015,-0.095,46,21.28
2024-01-31,-0.03635,0.2158,0.271,54,25.16
2024-02-01,0.00511,0.1104,0.845,41,13.3
2024-02-02,-0.00965,0.2438,0.114,52,27.46
2024-02-05,-0.01997,0.1766,0.137,51,10.5
2024-02-06,0.00667,0.1947,-0.111,52,17.86
2024-02-07,0.01405,0.1577,-0.247,46,20.97
2024-02-08,-0.0011,0.1733,0.341,41,19.68
2024-02-09,0.0112,0.18,-0.25,43,15.88
2024-02-12,0.02023,0.1952,0.075,43,17.63
2024-02-13,0.01535,0.1805,-0.117,39,16.43
2024-02-14,0.01343,0.1261,0.218,39,16.02
2024-02-15,0.00741,0.15,0.167,47,22.07
2024-02-16,0.00109,0.1442,0.413,47,20.0
2024-02-19,-0.01282,0.131,-0.129,43,15.59
2024-02-20,-0.0025,0.1869,-0.044,45,22.28
2024-02-21,-0.01133,0.2209,-0.293,43,19.79
2024-02-22,0.03559,0.2573,-0.106,47,21.91
2024-02-23,-0.0017,0.1899,0.182,47,21.14
