zone_id,latitude,longitude,registered_ev_count,daily_traffic_flow,median_household_income,commercial_poi_count,power_grid_capacity_mw,existing_chargers
ZN-5000,37.81464,-122.40938,172,18246,92613,12,6.41,8
ZN-5001,37.76384,-122.45375,148,21587,67212,19,4.68,5
ZN-5002,37.82672,-122.40962,159,21172,63742,13,14.59,8
ZN-5003,37.89674,-122.37594,196,17298,100270,19,13.53,0
ZN-5004,37.75617,-122.41549,170,9756,76760,23,12.18,6
ZN-5005,37.75617,-122.41615,178,23803,50579,11,7.9,8
ZN-5006,37.90124,-122.47556,152,26443,67205,13,16.93,2
ZN-5007,37.83629,-122.47243,171,10748,70840,16,17.97,7
ZN-5008,37.73734,-122.53161,213,9532,114364,20,4.2,2
ZN-5009,37.8183,-122.27943,178,17179,99477,17,5.06,6
ZN-5010,37.73783,-122.51891,151,14242,73209,13,10.29,3
ZN-5011,37.73764,-122.47483,152,18869,80305,12,2.78,2
ZN-5012,37.79426,-122.47687,149,25247,127802,12,8.75,6
ZN-5013,37.62184,-122.34781,139,4525,118402,21,11.26,2
ZN-5014,37.63691,-122.443,153,27487,67048,17,10.23,11
ZN-5015,37.72992,-122.31958,138,15559,124088,21,6.92,8
ZN-5016,37.69387,-122.47328,123,21070,92984,13,10.58,2
ZN-5017,37.80004,-122.39708,181,21712,114990,12,17.79,5
ZN-5018,37.70226,-122.48623,196,22412,90917,10,4.76,4
ZN-5019,37.66192,-122.24779,147,18371,124645,16,12.53,2
ZN-5020,37.89215,-122.51441,141,19773,66009,16,1.95,2
ZN-5021,37.75684,-122.39461,154,19734,88613,14,2.35,6
ZN-5022,37.7803,-122.3687,146,14218,125411,14,10.75,9
ZN-5023,37.66092,-122.3863,164,7451,35184,15,3.02,7
ZN-5024,37.73135,-122.43422,170,10684,93848,18,1.59,11
ZN-5025,37.78377,-122.42979,143,17374,85161,13,4.17,11
ZN-5026,37.68282,-122.4159,139,13279,112116,12,10.97,11
ZN-5027,37.80496,-122.43116,137,13293,121747,17,13.37,13
ZN-5028,37.72685,-122.34229,163,28795,113257,18,4.7,10
ZN-5029,37.75156,-122.24256,151,23153,101025,19,12.76,0
ZN-5030,37.72676,-122.464,179,16487,96014,12,4.36,10
ZN-5031,37.92308,-122.52898,183,22032,86432,14,11.81,1
ZN-5032,37.77382,-122.42646,144,15478,100249,16,8.33,2
ZN-5033,37.69028,-122.21302,185,18664,131491,15,12.51,1
ZN-5034,37.8407,-122.48369,195,20649,74237,16,18.41,8
ZN-5035,37.67723,-122.28827,163,15494,84947,14,17.42,2
ZN-5036,37.79161,-122.28518,134,13888,93112,12,1.27,2
ZN-5037,37.61813,-122.46369,127,25343,120023,10,16.52,8
ZN-5038,37.66865,-122.37388,191,21684,100582,14,2.35,1
ZN-5039,37.79065,-122.28913,189,4472,119587,18,17.69,8
ZN-5040,37.83398,-122.44973,171,13991,120852,13,6.08,10
ZN-5041,37.78861,-122.43569,154,13312,109800,11,7.81,3
ZN-5042,37.76565,-122.46593,154,14273,68400,15,2.79,12
ZN-5043,37.75081,-122.50058,191,23174,136527,11,3.14,7
ZN-5044,37.65662,-122.47134,158,18115,130309,15,13.77,6
ZN-5045,37.71731,-122.51732,189,9662,96588,11,17.54,2
ZN-5046,37.73805,-122.41667,151,15700,60455,16,11.77,7
ZN-5047,37.85947,-122.481,164,21250,55987,18,13.58,8
ZN-5048,37.80239,-122.4007,219,16682,101357,12,14.38,7
ZN-5049,37.63386,-122.54387,160,14131,77456,18,5.75,0
ZN-5050,37.80083,-122.39293,140,19987,52070,19,1.98,15
ZN-5051,37.74409,-122.35272,142,27709,55515,20,1.23,2
ZN-5052,37.72075,-122.5789,148,20768,83250,12,7.27,10
ZN-5053,37.82383,-122.38948,146,25805,99873,14,5.38,6
ZN-5054,37.85738,-122.32119,154,14534,130142,17,2.28,10
ZN-5055,37.8494,-122.51617,135,17949,107105,16,4.31,1
ZN-5056,37.70776,-122.28559,174,17828,85464,15,3.35,7
ZN-5057,37.75016,-122.38588,152,18712,104498,14,17.03,11
ZN-5058,37.8014,-122.4758,172,20643,102264,18,3.63,16
ZN-5059,37.85294,-122.42386,191,12486,113488,15,10.5,7
ZN-5060,37.73657,-122.37473,136,21883,94001,14,11.46,8
ZN-5061,37.76005,-122.41332,164,8232,120904,12,10.6,12
ZN-5062,37.68639,-122.3763,179,9985,115611,14,2.91,8
ZN-5063,37.6792,-122.49305,160,30813,97067,12,6.72,7
ZN-5064,37.8399,-122.40585,164,14939,92019,19,2.09,4
ZN-5065,37.8834,-122.5325,133,22377,117993,16,8.05,8
ZN-5066,37.76914,-122.4283,143,28189,77163,14,4.46,8
ZN-5067,37.85518,-122.49171,148,4113,57334,10,10.92,3
ZN-5068,37.80383,-122.47824,194,24757,57192,13,13.19,5
ZN-5069,37.72329,-122.32051,185,21893,75090,14,10.41,9
ZN-5070,37.80381,-122.3321,150,27842,111491,10,8.71,9
ZN-5071,37.89794,-122.37067,152,10910,84430,12,7.9,3
ZN-5072,37.77203,-122.50679,123,26707,100112,14,15.76,4
ZN-5073,37.90007,-122.44471,176,13563,82617,18,5.0,6
ZN-5074,37.56532,-122.32235,206,24328,82816,15,13.9,0
ZN-5075,37.84065,-122.40806,177,17783,69363,13,14.3,2
ZN-5076,37.78186,-122.23385,174,22624,92702,15,8.45,0
ZN-5077,37.75098,-122.38793,136,18293,90620,20,6.34,14
ZN-5078,37.78224,-122.40404,187,6963,105316,10,9.34,6
ZN-5079,37.61589,-122.44413,118,3000,102192,13,2.81,0
ZN-5080,37.75733,-122.40872,197,19259,90071,21,1.99,7
ZN-5081,37.80347,-122.4316,131,16417,57347,22,3.13,7
ZN-5082,37.89313,-122.36275,193,20389,121764,18,4.44,20
ZN-5083,37.73344,-122.34286,202,16487,92873,12,9.92,5
ZN-5084,37.71022,-122.48228,127,30108,96991,11,15.89,1
ZN-5085,37.73476,-122.5259,193,19383,135012,13,5.28,6
ZN-5086,37.84813,-122.5663,165,15318,117705,11,17.38,6
ZN-5087,37.8012,-122.37876,141,20024,106161,11,17.72,5
ZN-5088,37.73252,-122.50767,184,15427,94942,13,17.79,3
ZN-5089,37.81596,-122.59163,132,18557,94708,19,15.69,2
ZN-5090,37.78267,-122.38831,169,10695,101002,13,7.49,9
ZN-5091,37.85239,-122.21996,169,17948,105172,9,2.46,0
ZN-5092,37.71874,-122.41989,183,15132,137785,12,11.04,15
ZN-5093,37.74869,-122.35232,149,11263,156831,15,10.87,9
ZN-5094,37.74353,-122.41285,141,29854,102256,19,15.9,8
ZN-5095,37.65782,-122.42731,137,11497,41168,12,18.43,0
ZN-5096,37.79859,-122.34587,197,18041,71206,13,9.99,9
ZN-5097,37.79578,-122.44262,174,13183,140287,15,7.17,11
ZN-5098,37.77531,-122.39801,162,19782,112966,16,4.42,18
ZN-5099,37.75613,-122.39366,156,10353,105651,13,1.28,12
ZN-5100,37.66167,-122.47285,151,23042,90829,12,10.01,3
ZN-5101,37.74125,-122.34004,201,30216,65274,11,10.81,2
ZN-5102,37.74748,-122.4334,184,12962,136944,13,15.47,11
ZN-5103,37.71072,-122.47986,167,25301,74419,26,9.93,2
ZN-5104,37.762,-122.37648,176,15708,113232,12,17.05,6
ZN-5105,37.80722,-122.49128,206,27034,62482,14,12.07,6
ZN-5106,37.92579,-122.41715,160,31130,89616,15,15.74,0
ZN-5107,37.78887,-122.42013,189,16597,119823,17,3.77,11
ZN-5108,37.7955,-122.33253,148,8878,88757,14,16.0,6
ZN-5109,37.76894,-122.38142,149,23688,85788,14,12.88,10
ZN-5110,37.6214,-122.4214,227,19346,95265,9,4.15,4
ZN-5111,37.77278,-122.35398,172,21010,61599,15,4.48,10
ZN-5112,37.77972,-122.30818,156,15960,56896,19,17.23,3
ZN-5113,37.97196,-122.37478,157,12693,112855,14,1.76,3
ZN-5114,37.75951,-122.41857,148,24962,84444,19,9.2,7
ZN-5115,37.79902,-122.52435,192,19918,112662,9,6.62,13
ZN-5116,37.77212,-122.50461,150,9338,122954,9,12.71,9
ZN-5117,37.68141,-122.44382,184,22121,124966,10,15.73,7
ZN-5118,37.86633,-122.46816,201,20917,54474,17,7.43,0
ZN-5119,37.83505,-122.43436,172,16048,77554,13,8.59,9
ZN-5120,37.83818,-122.41487,195,27718,108439,19,18.19,8
ZN-5121,37.70215,-122.37702,158,14290,108825,12,14.76,2
ZN-5122,37.88712,-122.42504,139,16986,151235,15,16.72,7
ZN-5123,37.66275,-122.38048,176,22611,72309,11,8.79,5
ZN-5124,37.82185,-122.41424,160,18460,124204,11,5.25,12
ZN-5125,37.95014,-122.57744,205,9693,104306,12,8.33,0
ZN-5126,37.69566,-122.49455,136,19102,53994,12,13.59,4
ZN-5127,37.7296,-122.43093,160,15513,81304,20,3.09,7
ZN-5128,37.78287,-122.51618,187,23141,101563,16,5.88,7
ZN-5129,37.73462,-122.37141,189,18907,52390,17,2.01,8
ZN-5130,37.65085,-122.29694,174,18567,43152,19,8.68,4
ZN-5131,37.78039,-122.3219,177,11710,50968,14,15.51,5
ZN-5132,37.68992,-122.43648,162,16619,101478,20,1.63,5
ZN-5133,37.81279,-122.30014,173,23820,82883,16,12.88,3
ZN-5134,37.70135,-122.40751,131,13340,79501,14,17.33,5
ZN-5135,37.89889,-122.44637,187,17804,80359,22,5.3,7
ZN-5136,37.71224,-122.46847,169,12381,59396,15,13.2,9
ZN-5137,37.74914,-122.4436,149,10896,83589,17,18.07,0
ZN-5138,37.83998,-122.45045,215,17490,49490,19,17.85,9
ZN-5139,37.67643,-122.40577,127,19042,124691,13,5.26,13
ZN-5140,37.7931,-122.40655,146,29963,137308,20,2.94,8
ZN-5141,37.87947,-122.41916,210,15267,36848,14,3.77,3
ZN-5142,37.6463,-122.38444,205,17698,83271,13,13.35,0
ZN-5143,37.78967,-122.32415,166,10499,84899,16,13.76,6
ZN-5144,37.79569,-122.34344,184,21673,90637,21,12.86,4
ZN-5145,37.83745,-122.53819,162,20388,120038,15,7.01,6
ZN-5146,37.67594,-122.62371,164,26930,83344,15,4.14,0
ZN-5147,37.66926,-122.34465,156,24669,92793,18,11.25,3
ZN-5148,37.81666,-122.52875,181,20108,169476,17,9.57,6
ZN-5149,37.79866,-122.43738,171,15179,92217,11,13.81,13
ZN-5150,37.79494,-122.51301,149,19228,139155,15,8.84,7
ZN-5151,37.80262,-122.56356,113,17333,107549,15,7.06,0
ZN-5152,37.7205,-122.37608,152,23720,81157,18,6.28,10
ZN-5153,37.79348,-122.35867,122,22957,76981,17,4.86,2
ZN-5154,37.79835,-122.46552,144,16221,94818,15,5.8,9
ZN-5155,37.71775,-122.62668,203,9228,66838,12,2.84,0
ZN-5156,37.92416,-122.4631,125,26000,73403,10,7.2,3
ZN-5157,37.81281,-122.38806,160,21491,84423,16,1.83,6
ZN-5158,37.6796,-122.53771,182,16083,102333,19,4.42,1
ZN-5159,37.82742,-122.40473,140,21257,140649,19,14.12,11
ZN-5160,37.69693,-122.42062,187,18449,82876,8,6.83,3
ZN-5161,37.83787,-122.37306,177,25911,106537,16,12.76,6
ZN-5162,37.86759,-122.40983,143,6421,54302,14,13.6,8
ZN-5163,37.70925,-122.49725,145,15616,121507,13,11.25,9
ZN-5164,37.85197,-122.32367,140,27594,51957,19,17.79,7
ZN-5165,37.80792,-122.43208,170,21379,114959,19,1.57,11
ZN-5166,37.84066,-122.42158,167,28635,92976,19,13.98,4
ZN-5167,37.92664,-122.49406,201,10669,91983,15,17.79,5
ZN-5168,37.75527,-122.45486,184,24433,87493,13,16.12,7
ZN-5169,37.7146,-122.49018,205,24073,62468,15,4.1,7
ZN-5170,37.70374,-122.43324,137,7909,63793,13,6.85,13
ZN-5171,37.70964,-122.28246,171,16226,115913,27,4.18,7
ZN-5172,37.76873,-122.52915,129,17360,95298,18,11.6,4
ZN-5173,37.80219,-122.54848,153,8282,87311,17,13.52,9
ZN-5174,37.79704,-122.30171,151,16352,106084,14,6.69,3
ZN-5175,37.84107,-122.43615,140,23239,97532,13,10.53,8
ZN-5176,37.77594,-122.47293,183,15654,75176,15,13.15,11
ZN-5177,37.89118,-122.33621,176,19452,156524,21,8.49,3
ZN-5178,37.75373,-122.46785,186,19496,113518,13,15.97,7
ZN-5179,37.99251,-122.27332,170,17927,98176,13,14.55,0
ZN-5180,37.82495,-122.36517,126,13768,82159,15,2.32,9
ZN-5181,37.70633,-122.45843,155,21952,118818,10,11.95,19
ZN-5182,37.68923,-122.24682,174,8477,75310,14,5.27,0
ZN-5183,37.8135,-122.46786,175,18051,73205,13,10.85,3
ZN-5184,37.75702,-122.36003,195,26312,137333,17,17.75,9
ZN-5185,37.83202,-122.39546,135,15315,95766,12,16.41,5
ZN-5186,37.81276,-122.31526,194,13636,75916,20,8.2,4
ZN-5187,37.76907,-122.29448,160,22353,95142,23,6.24,1
ZN-5188,37.70716,-122.41684,185,18980,116254,13,5.26,6
ZN-5189,37.65371,-122.47967,165,22472,110531,10,10.41,9
ZN-5190,37.73918,-122.3826,174,18230,119356,11,3.18,14
ZN-5191,37.84341,-122.47362,127,3670,63761,16,10.7,5
ZN-5192,37.79203,-122.25833,183,25079,118728,4,1.22,4
ZN-5193,37.67524,-122.40848,180,30420,90523,13,6.8,3
ZN-5194,37.78875,-122.44863,165,25704,97227,14,5.0,11
ZN-5195,37.80573,-122.40463,166,3000,125237,15,18.0,10
ZN-5196,37.70419,-122.52717,154,20706,112568,12,13.78,6
ZN-5197,37.7872,-122.49713,192,15199,103776,16,7.25,7
ZN-5198,37.77956,-122.32337,184,11494,45400,14,2.81,8
ZN-5199,37.68346,-122.47195,126,18736,93862,15,10.14,3
ZN-5200,37.80352,-122.50315,145,17106,75383,15,4.89,7
ZN-5201,37.81976,-122.37647,183,21051,112776,17,10.48,7
ZN-5202,37.86154,-122.32454,190,18339,119773,14,15.65,11
ZN-5203,37.8592,-122.36188,158,11275,87449,18,11.85,6
ZN-5204,37.66469,-122.33972,146,14540,78323,7,12.16,7
ZN-5205,37.69987,-122.47994,172,13572,133907,14,10.56,10
ZN-5206,37.8161,-122.53314,138,7701,79921,9,17.24,5
ZN-5207,37.816,-122.29929,128,9770,65136,15,17.32,2
ZN-5208,37.8161,-122.44521,139,16733,74183,16,10.07,6
ZN-5209,38.08312,-122.43947,188,26542,81125,14,6.49,0
ZN-5210,37.82057,-122.31314,176,14786,73465,20,9.15,6
ZN-5211,37.86575,-122.3749,198,13455,116134,10,4.43,9
ZN-5212,37.85122,-122.38293,126,10912,40052,14,12.21,11
ZN-5213,37.82701,-122.2462,151,18183,72935,16,9.85,0
ZN-5214,37.74968,-122.47088,163,25075,93812,15,2.99,7
ZN-5215,37.83562,-122.34517,145,30016,100256,20,4.62,10
ZN-5216,37.71307,-122.41484,165,19712,137295,27,9.5,15
ZN-5217,37.75595,-122.39791,154,18839,133630,24,16.56,12
ZN-5218,37.73607,-122.29712,135,14739,54981,12,11.0,6
ZN-5219,37.78145,-122.37877,144,15740,47298,17,12.99,1
ZN-5220,37.96007,-122.37634,123,21775,95624,14,7.07,0
ZN-5221,37.62552,-122.3336,151,16110,78170,16,11.09,0
ZN-5222,37.8298,-122.4486,188,17026,65199,20,8.94,2
ZN-5223,37.64588,-122.48654,196,17847,95403,13,12.6,0
ZN-5224,37.73715,-122.50298,137,14455,100767,21,2.07,8
ZN-5225,37.86202,-122.57671,165,17550,74025,19,9.73,1
ZN-5226,37.78004,-122.2549,148,5883,79397,16,6.32,0
ZN-5227,37.68868,-122.50766,156,21293,75948,13,6.84,3
ZN-5228,37.71768,-122.4371,181,32110,84712,10,17.82,8
ZN-5229,37.82927,-122.44155,180,14687,108536,16,4.36,6
ZN-5230,37.71647,-122.39481,149,20243,68052,12,6.58,6
ZN-5231,37.79222,-122.35414,189,23109,78982,17,10.02,6
ZN-5232,37.77855,-122.35056,147,25681,85017,16,16.13,4
ZN-5233,37.72277,-122.46605,172,16414,94831,15,8.41,6
ZN-5234,37.94642,-122.43277,164,7180,101899,11,14.07,0
ZN-5235,37.82561,-122.39679,161,19603,146056,21,16.02,11
ZN-5236,37.61289,-122.4393,181,18771,109303,11,6.56,0
ZN-5237,37.78982,-122.29081,179,15926,109898,20,7.99,9
ZN-5238,37.72196,-122.38012,132,17198,88334,20,7.37,10
ZN-5239,37.84309,-122.36061,137,18862,70503,18,15.61,8
ZN-5240,37.7115,-122.36637,189,20170,81794,13,1.97,2
ZN-5241,37.76572,-122.32552,175,19918,77241,15,6.54,3
ZN-5242,37.8153,-122.40492,156,16693,104805,20,12.95,6
ZN-5243,37.84416,-122.52315,193,20305,53717,11,10.98,1
ZN-5244,37.67888,-122.38742,136,16289,109813,12,8.75,2
ZN-5245,37.74814,-122.47151,147,21852,92069,15,10.54,6
ZN-5246,37.7369,-122.46169,200,14235,113333,15,4.62,6
ZN-5247,37.72263,-122.37249,142,18438,76902,18,8.65,9
ZN-5248,37.91614,-122.32034,135,8257,72465,13,9.88,0
ZN-5249,37.8073,-122.4177,136,15780,84833,25,16.79,8
ZN-5250,37.67403,-122.39469,179,21404,84233,18,5.71,0
ZN-5251,37.84833,-122.28322,149,11797,115158,12,16.21,6
ZN-5252,37.94467,-122.40014,163,16079,114920,21,12.35,2
ZN-5253,37.8575,-122.21127,133,3569,142625,23,1.55,4
ZN-5254,37.65335,-122.37416,198,9791,82612,16,13.74,2
ZN-5255,37.73616,-122.56026,165,11361,35000,22,1.82,1
ZN-5256,37.87625,-122.35913,137,18610,84764,15,18.45,5
ZN-5257,37.71829,-122.38891,160,20000,100766,16,16.3,5
ZN-5258,37.81041,-122.31622,179,17663,112863,14,6.34,9
ZN-5259,37.83687,-122.36555,135,15704,102590,10,5.65,2
ZN-5260,37.70075,-122.43048,165,15725,82593,12,7.8,8
ZN-5261,37.77014,-122.51734,161,22296,137854,11,7.36,4
ZN-5262,37.5156,-122.43612,149,19276,69156,11,7.64,0
ZN-5263,37.69295,-122.48744,199,15996,88133,16,6.71,5
ZN-5264,37.75469,-122.46584,138,25759,68002,12,11.95,4
ZN-5265,37.67508,-122.37231,157,29699,95489,24,4.04,4
ZN-5266,37.90549,-122.28581,192,10525,134725,18,15.84,8
ZN-5267,37.66049,-122.38783,179,21135,91476,12,15.25,6
ZN-5268,37.7397,-122.51507,123,36539,91630,12,9.44,6
ZN-5269,37.78536,-122.38383,206,19681,52600,15,15.95,12
ZN-5270,37.8902,-122.32367,187,18692,87825,13,5.48,5
ZN-5271,37.66003,-122.46818,118,17665,123762,14,1.5,11
ZN-5272,37.86795,-122.43012,210,20941,88744,16,11.91,6
ZN-5273,37.77572,-122.41822,182,22529,87055,15,9.12,8
ZN-5274,37.69638,-122.48219,185,10531,122642,9,11.01,15
ZN-5275,37.81187,-122.36754,161,17841,87160,11,16.76,11
ZN-5276,37.79082,-122.42908,163,4383,127301,12,17.98,16
ZN-5277,37.72688,-122.38584,162,16744,62884,12,12.18,7
ZN-5278,37.78048,-122.4904,187,12583,111946,14,14.42,9
ZN-5279,37.74407,-122.4544,169,20035,136158,14,2.65,12
ZN-5280,37.78398,-122.36161,183,8061,120196,17,3.98,12
ZN-5281,37.82787,-122.44923,179,14926,48318,16,13.88,5
ZN-5282,37.90178,-122.28124,149,23799,79042,11,8.66,0
ZN-5283,37.67587,-122.45137,137,13942,88951,15,8.92,7
ZN-5284,37.94554,-122.40143,173,6570,120248,11,6.54,10
ZN-5285,37.61873,-122.34479,194,19545,61709,18,11.71,3
ZN-5286,37.76276,-122.53287,148,14480,69526,15,4.4,6
ZN-5287,37.82197,-122.56026,190,16884,54871,16,12.05,1
ZN-5288,37.79738,-122.54145,149,13620,74354,20,4.21,0
ZN-5289,37.72508,-122.31839,209,29846,63709,16,2.3,1
ZN-5290,37.75825,-122.46355,157,8651,134947,17,6.92,13
ZN-5291,37.73546,-122.21474,125,35000,78815,17,5.2,0
ZN-5292,37.72775,-122.46454,154,15656,112273,18,16.58,7
ZN-5293,37.84287,-122.40464,153,19100,95449,17,2.15,6
ZN-5294,37.80346,-122.29603,129,14551,95099,14,4.26,1
ZN-5295,37.71947,-122.25891,198,14300,80213,16,10.69,0
ZN-5296,37.84687,-122.25448,158,13291,114250,13,9.52,5
ZN-5297,37.79948,-122.32273,200,21607,98858,16,1.99,0
ZN-5298,37.83993,-122.33747,168,9535,97418,17,1.33,0
ZN-5299,37.82527,-122.372,187,20184,80164,11,18.29,4
ZN-5300,37.70858,-122.35713,189,4893,84255,15,12.6,6
ZN-5301,37.73009,-122.46349,156,19641,109722,17,7.52,5
ZN-5302,37.83468,-122.48486,154,23094,100751,8,9.34,5
ZN-5303,37.82373,-122.41967,170,10352,98086,13,5.81,8
ZN-5304,37.77323,-122.43301,137,22072,76148,13,7.17,2
ZN-5305,37.78429,-122.45566,139,18308,143602,10,12.43,16
ZN-5306,37.87711,-122.36369,129,27590,83007,13,16.47,3
ZN-5307,37.72757,-122.34298,161,12868,94243,13,4.39,1
ZN-5308,37.81867,-122.41233,172,34895,90324,9,15.74,10
ZN-5309,37.75872,-122.3012,169,3655,143867,19,3.3,13
ZN-5310,37.75749,-122.51074,146,16022,87729,9,4.92,6
ZN-5311,37.8628,-122.43489,156,7808,85441,13,1.84,6
ZN-5312,37.84093,-122.47675,126,29106,97957,16,3.64,3
ZN-5313,37.83998,-122.56872,149,16429,77661,18,17.07,1
ZN-5314,37.87934,-122.42601,144,16969,97789,19,9.15,2
ZN-5315,37.77658,-122.42914,184,20659,154290,16,2.54,8
ZN-5316,37.82946,-122.29832,164,17971,102492,17,17.8,1
ZN-5317,37.75008,-122.36894,163,14437,101581,14,16.41,10
ZN-5318,37.80083,-122.50133,190,10460,77052,10,14.26,4
ZN-5319,37.76449,-122.27107,147,19011,137730,15,17.35,3
ZN-5320,37.78266,-122.32172,198,20273,143475,15,5.01,11
ZN-5321,37.82251,-122.37283,138,22172,116317,10,15.67,11
ZN-5322,37.70944,-122.43752,146,29476,111345,12,13.14,8
ZN-5323,37.94229,-122.49616,133,4957,89130,15,16.25,0
ZN-5324,37.69442,-122.44918,145,17593,104783,15,14.99,5
ZN-5325,37.67776,-122.3323,159,25150,74121,12,7.19,0
ZN-5326,37.86755,-122.26863,185,17252,66847,20,14.6,0
ZN-5327,37.83823,-122.29594,134,3970,57816,7,5.74,6
ZN-5328,37.82483,-122.45851,130,10253,105266,13,6.88,8
ZN-5329,37.82517,-122.50897,135,19971,60540,19,3.07,2
ZN-5330,37.77392,-122.40813,203,19753,82509,16,17.38,3
ZN-5331,37.70312,-122.56088,191,22035,93469,10,6.23,2
ZN-5332,37.78096,-122.39355,193,13313,119882,13,10.21,14
ZN-5333,37.72073,-122.43121,158,19559,80544,15,7.97,7
ZN-5334,37.85291,-122.45668,184,12324,122831,26,17.81,3
ZN-5335,37.76314,-122.54698,169,19559,118478,18,7.0,4
ZN-5336,37.70886,-122.37831,164,18319,68217,13,14.67,5
ZN-5337,37.74919,-122.46202,166,13074,123070,16,16.0,16
ZN-5338,37.80793,-122.51299,149,27349,87910,13,8.74,5
ZN-5339,37.7298,-122.64918,160,7766,82526,15,7.74,0
ZN-5340,37.70912,-122.4216,193,17150,88016,22,14.14,3
ZN-5341,37.79439,-122.27762,145,12942,94912,8,16.99,1
ZN-5342,37.7945,-122.2865,176,29005,84623,16,14.26,6
ZN-5343,37.73434,-122.45597,137,21590,74007,17,5.13,7
ZN-5344,37.73722,-122.46758,196,14104,76218,12,16.57,0
ZN-5345,37.79346,-122.3819,176,16321,98473,9,7.91,7
ZN-5346,37.65905,-122.49927,156,29167,90988,13,11.17,0
ZN-5347,37.6623,-122.39526,147,12322,108182,10,15.58,3
ZN-5348,37.71742,-122.35811,193,7413,96309,11,4.46,13
ZN-5349,37.75782,-122.32125,130,19746,96925,13,14.77,0
ZN-5350,37.79977,-122.42741,149,19881,109820,16,11.51,6
ZN-5351,37.89293,-122.43569,160,21996,130472,17,16.65,13
ZN-5352,37.84351,-122.48964,134,22035,131475,14,4.18,9
ZN-5353,37.7621,-122.48555,184,28624,128510,14,8.48,10
ZN-5354,37.77338,-122.43752,152,7691,116761,12,15.61,14
ZN-5355,37.6947,-122.39001,169,10783,147135,17,1.53,9
ZN-5356,37.77342,-122.34631,122,21973,105945,8,3.14,13
ZN-5357,37.75181,-122.48365,169,11366,103138,15,18.34,3
ZN-5358,37.80072,-122.29998,129,9260,151098,12,6.05,5
ZN-5359,37.70872,-122.44109,143,29195,35000,16,18.08,6
ZN-5360,37.81645,-122.42111,195,8280,89652,14,4.36,10
ZN-5361,37.89752,-122.47918,158,15892,126312,13,7.45,4
ZN-5362,37.7662,-122.61334,159,17643,119506,18,14.22,5
ZN-5363,37.80704,-122.34868,170,25854,159141,11,12.58,14
ZN-5364,37.83011,-122.36045,162,6787,97687,17,11.25,5
ZN-5365,37.7428,-122.44191,144,20492,84229,13,10.37,6
ZN-5366,37.79283,-122.41404,163,12657,86697,17,15.79,10
ZN-5367,37.77591,-122.37812,151,21765,102951,22,5.26,1
ZN-5368,37.78271,-122.5444,160,12559,135541,18,8.85,8
ZN-5369,37.71306,-122.46172,160,27433,135853,20,3.89,13
ZN-5370,37.77686,-122.35586,159,12594,93599,17,11.51,6
ZN-5371,37.81474,-122.51974,217,3228,101325,20,5.53,5
ZN-5372,37.89099,-122.39592,148,13266,79709,15,6.98,3
ZN-5373,37.85164,-122.52793,156,16432,82319,13,9.35,5
ZN-5374,37.94715,-122.38209,155,24494,121156,11,1.66,7
ZN-5375,37.71351,-122.42225,134,10449,135055,16,2.79,7
ZN-5376,37.84469,-122.54861,200,10568,77567,11,13.07,2
ZN-5377,37.78957,-122.32622,184,23763,101073,23,8.62,4
ZN-5378,37.95008,-122.47817,159,9748,88923,17,16.16,2
ZN-5379,37.71024,-122.48422,218,16926,116596,14,13.22,13
ZN-5380,37.70772,-122.40335,157,17048,85287,18,1.34,3
ZN-5381,37.72695,-122.32751,176,19305,46838,16,11.87,5
ZN-5382,37.60499,-122.50067,192,13500,120092,16,2.82,6
ZN-5383,37.73284,-122.41447,179,12438,87412,13,14.71,12
ZN-5384,37.71417,-122.38509,156,20009,90013,11,18.35,6
ZN-5385,37.78693,-122.36395,157,12624,105889,17,10.39,7
ZN-5386,37.80224,-122.40528,137,9840,103820,16,13.01,14
ZN-5387,37.92499,-122.44876,152,25366,106403,15,5.31,4
ZN-5388,37.85093,-122.48561,153,20928,54256,17,8.77,8
ZN-5389,37.72875,-122.41251,140,28605,108907,16,16.01,5
ZN-5390,37.70303,-122.50517,158,22703,47273,10,4.1,3
ZN-5391,37.81425,-122.65311,125,10391,114239,13,5.79,6
ZN-5392,37.66928,-122.38448,173,18578,122959,23,8.91,9
ZN-5393,37.92142,-122.34709,153,11906,60786,20,13.52,2
ZN-5394,37.86926,-122.60843,109,8090,103210,13,7.7,0
ZN-5395,37.73737,-122.50018,180,15316,121429,12,17.25,14
ZN-5396,37.63785,-122.36987,153,23889,83774,22,2.83,5
ZN-5397,37.88321,-122.2548,195,19649,111840,22,7.61,10
ZN-5398,37.76574,-122.41774,168,9654,35000,15,13.46,7
ZN-5399,37.87393,-122.47764,147,15105,122454,16,5.11,1
ZN-5400,37.64735,-122.43403,182,17142,95749,15,12.56,0
ZN-5401,37.72695,-122.30941,141,7865,88554,23,4.04,3
ZN-5402,37.77532,-122.47108,148,22279,119601,18,2.17,10
ZN-5403,37.77866,-122.48334,159,16627,138232,18,3.29,11
ZN-5404,37.73889,-122.45802,151,9656,107142,18,17.29,7
ZN-5405,37.82473,-122.49567,186,9316,135217,14,10.75,10
ZN-5406,37.68949,-122.40959,163,24603,56167,11,14.98,3
ZN-5407,37.76351,-122.28943,141,15715,111648,10,6.95,8
ZN-5408,37.78452,-122.39355,154,25142,91699,13,11.45,5
ZN-5409,37.81606,-122.43959,131,27432,75294,23,9.76,12
ZN-5410,37.83183,-122.44274,158,24134,46782,9,17.56,9
ZN-5411,37.68493,-122.54446,200,14799,110294,19,14.13,5
ZN-5412,37.65217,-122.34875,205,3012,116882,9,13.84,9
ZN-5413,37.87711,-122.42563,136,19877,128550,13,2.0,10
ZN-5414,37.80149,-122.43384,135,30549,124412,15,10.71,9
ZN-5415,37.71502,-122.16395,202,17787,75707,21,9.28,0
ZN-5416,37.89899,-122.3955,142,6061,127267,6,17.25,5
ZN-5417,37.78415,-122.47954,156,13950,129908,15,5.65,10
ZN-5418,37.86924,-122.45351,205,16897,88500,12,5.87,2
ZN-5419,37.7803,-122.32752,156,11412,95710,13,8.32,8
ZN-5420,37.93976,-122.41034,145,3000,71646,16,5.41,0
ZN-5421,37.91533,-122.53446,193,17412,132022,14,3.43,3
ZN-5422,37.75498,-122.34586,144,13290,57205,16,16.03,8
ZN-5423,37.85263,-122.47285,174,28636,108374,19,10.86,6
ZN-5424,37.82653,-122.26954,178,18606,80079,13,16.1,0
ZN-5425,37.88439,-122.333,183,20817,67303,13,15.58,5
ZN-5426,37.69771,-122.45519,179,17285,48131,19,6.08,1
ZN-5427,37.82978,-122.31692,168,18562,89614,20,10.68,5
ZN-5428,37.85957,-122.41397,153,8086,63385,13,2.64,3
ZN-5429,37.6342,-122.35118,145,11759,96410,15,17.03,0
ZN-5430,37.68024,-122.38062,162,24531,139233,17,8.19,7
ZN-5431,37.61176,-122.48711,169,19256,99987,11,8.01,1
ZN-5432,37.75335,-122.47088,213,15608,144932,14,6.44,11
ZN-5433,37.8323,-122.337,209,20917,70443,15,9.17,4
ZN-5434,37.89509,-122.44618,158,21035,62976,14,5.56,6
ZN-5435,37.78083,-122.45169,168,29945,69324,11,7.68,6
ZN-5436,37.90519,-122.49581,155,18978,93372,17,15.04,3
ZN-5437,37.66449,-122.38551,148,11624,163073,14,15.63,12
ZN-5438,37.63863,-122.2544,173,17305,53447,12,6.46,2
ZN-5439,37.77046,-122.5048,157,21645,110491,17,9.31,3
ZN-5440,37.80563,-122.41746,126,23973,77500,10,16.32,3
ZN-5441,37.77228,-122.30642,180,8309,89404,21,2.11,1
ZN-5442,37.6095,-122.42577,137,19522,63549,23,16.58,0
ZN-5443,37.76777,-122.38321,181,12616,116978,18,4.99,14
ZN-5444,37.67054,-122.50439,144,14600,93901,17,12.94,0
ZN-5445,37.82847,-122.38514,175,23075,122186,13,11.28,12
ZN-5446,37.80423,-122.43437,135,22477,99381,20,10.77,5
ZN-5447,37.69971,-122.34054,121,13931,46709,16,16.07,3
ZN-5448,37.73379,-122.32441,170,17052,122413,14,2.96,11
ZN-5449,37.69016,-122.21223,202,14783,44674,13,7.2,0
ZN-5450,37.76989,-122.37303,143,35350,48252,11,10.51,13
ZN-5451,37.85131,-122.39334,147,19670,72069,17,15.24,4
ZN-5452,37.69604,-122.40385,150,12963,72403,13,4.94,2
ZN-5453,37.81522,-122.44765,122,25933,129900,18,15.09,13
ZN-5454,37.73248,-122.39232,166,26144,90721,15,8.11,2
ZN-5455,37.71147,-122.44303,170,28750,126184,11,4.47,9
ZN-5456,37.76634,-122.40592,154,30527,80802,16,14.33,10
ZN-5457,37.69208,-122.31399,229,22246,102941,16,2.77,7
ZN-5458,37.73061,-122.49992,162,15900,106851,17,10.11,1
ZN-5459,37.67907,-122.32821,139,16784,112401,17,2.31,9
ZN-5460,37.93208,-122.31403,165,16247,83376,10,7.37,0
ZN-5461,37.77772,-122.42885,174,15577,85553,16,11.6,4
ZN-5462,37.71892,-122.58915,156,25439,87546,12,10.82,6
ZN-5463,37.79202,-122.46803,150,18004,53689,13,8.2,8
ZN-5464,37.76591,-122.31564,175,23828,92902,23,8.62,5
ZN-5465,37.75722,-122.42123,189,22059,85407,14,5.12,7
ZN-5466,37.82403,-122.49934,164,11408,109501,21,9.09,7
ZN-5467,37.8355,-122.45978,189,7696,97282,12,17.69,8
ZN-5468,37.73246,-122.35215,183,10580,128409,14,15.91,7
ZN-5469,37.72883,-122.37566,189,15439,96752,17,3.71,9
ZN-5470,37.7529,-122.43851,178,18805,80944,12,1.72,6
ZN-5471,37.59075,-122.44875,161,14110,96442,17,17.35,0
ZN-5472,37.65368,-122.45074,180,22218,113104,14,10.31,12
ZN-5473,37.88425,-122.49319,146,14833,50669,14,10.5,0
ZN-5474,37.9065,-122.29017,123,19541,77118,21,14.71,0
ZN-5475,37.75498,-122.44519,196,18705,77645,14,6.64,5
ZN-5476,37.82102,-122.32203,121,28406,105274,23,9.54,2
ZN-5477,37.7998,-122.29769,176,12148,108182,14,17.96,2
ZN-5478,38.02121,-122.33954,149,31250,97530,16,12.83,0
ZN-5479,37.86447,-122.45393,185,14433,35000,16,3.86,6
ZN-5480,37.76467,-122.3871,167,9959,53702,15,3.5,7
ZN-5481,37.69846,-122.42134,168,16698,89026,20,4.73,6
ZN-5482,37.64638,-122.4917,164,37440,82463,12,14.46,0
ZN-5483,37.79118,-122.39345,183,23371,95134,20,6.31,7
ZN-5484,37.71439,-122.51372,167,21617,83265,14,1.57,5
ZN-5485,37.66112,-122.32439,172,22771,133291,18,17.53,8
ZN-5486,37.72317,-122.45657,154,13382,37651,13,4.14,4
ZN-5487,37.68838,-122.40331,140,19956,102565,20,1.37,2
ZN-5488,37.90987,-122.39674,160,18015,115700,21,5.3,10
ZN-5489,37.84543,-122.44011,179,28854,112538,24,5.27,7
ZN-5490,37.77426,-122.37246,175,17347,114681,13,8.5,13
ZN-5491,37.8933,-122.45739,135,15730,118277,12,17.12,7
ZN-5492,37.78109,-122.3497,168,11011,79900,13,16.41,8
ZN-5493,37.706,-122.52708,175,18840,67462,14,9.1,1
ZN-5494,37.89675,-122.40929,136,19757,44132,21,8.31,2
ZN-5495,37.81801,-122.26429,193,10790,85934,12,10.8,3
ZN-5496,37.69192,-122.49943,198,20718,75561,9,5.41,2
ZN-5497,37.75967,-122.47362,143,19399,124040,9,2.1,6
ZN-5498,37.70485,-122.37829,133,24080,87811,13,17.45,7
ZN-5499,37.66428,-122.40503,155,25274,69239,16,4.43,7
ZN-5500,37.84899,-122.39135,178,18565,65286,18,4.63,5
ZN-5501,37.92765,-122.38027,152,11781,144720,13,9.37,4
ZN-5502,37.66301,-122.36862,168,13016,94447,17,9.7,9
ZN-5503,37.81994,-122.33062,159,28572,75462,13,1.52,8
ZN-5504,37.72285,-122.38661,138,18992,98101,18,3.76,2
ZN-5505,37.73593,-122.4387,143,28476,142422,10,7.74,8
ZN-5506,37.72751,-122.36559,202,20991,85257,11,13.03,3
ZN-5507,37.70578,-122.26741,134,22522,112175,11,5.15,2
ZN-5508,37.77878,-122.43001,157,23632,124661,9,8.52,12
ZN-5509,37.70842,-122.49736,142,10661,47714,10,10.84,0
ZN-5510,37.79654,-122.33083,150,19841,79039,8,16.57,4
ZN-5511,37.77088,-122.42903,177,10578,121527,15,6.84,16
ZN-5512,37.75578,-122.59321,185,16290,77517,18,3.51,3
ZN-5513,37.70229,-122.35161,135,21841,105365,14,9.66,8
ZN-5514,37.72876,-122.46223,198,11847,76037,23,14.12,4
ZN-5515,37.83533,-122.42664,171,21356,83861,16,3.1,1
ZN-5516,37.81497,-122.39284,177,9009,80815,13,8.55,12
ZN-5517,37.6967,-122.40416,179,24859,110916,18,1.51,12
ZN-5518,37.78285,-122.36264,176,14013,100039,16,1.78,2
ZN-5519,37.83501,-122.45424,126,11837,97471,11,9.56,6
ZN-5520,37.64135,-122.37835,180,9387,157687,14,6.36,9
ZN-5521,37.81837,-122.44016,121,14523,138492,11,15.82,11
ZN-5522,37.72189,-122.3603,154,6554,45468,20,11.62,1
ZN-5523,37.82055,-122.37017,126,14709,83914,10,9.05,5
ZN-5524,37.71384,-122.49424,161,24596,155661,20,8.26,9
ZN-5525,37.63051,-122.33252,186,16867,80635,16,9.8,7
ZN-5526,37.6447,-122.46228,165,10934,147193,10,1.9,11
ZN-5527,37.77875,-122.35476,184,19357,84341,16,16.65,10
ZN-5528,37.79568,-122.39002,184,18827,89150,14,18.47,11
ZN-5529,37.70255,-122.27235,133,29739,116589,13,4.34,7
ZN-5530,37.82599,-122.43728,136,22744,92744,18,3.28,9
ZN-5531,37.64198,-122.44735,173,19833,107365,12,3.68,0
ZN-5532,37.76961,-122.42095,177,23430,134373,14,12.64,12
ZN-5533,37.67802,-122.44365,195,17193,113970,14,12.64,8
ZN-5534,37.72275,-122.3554,155,17547,98538,15,15.87,8
ZN-5535,37.77869,-122.5487,131,27953,136838,11,14.21,6
ZN-5536,37.70607,-122.50369,185,8186,116917,18,8.98,10
ZN-5537,37.74414,-122.50482,193,23807,76661,17,11.8,8
ZN-5538,37.8554,-122.34338,181,17335,144501,15,13.11,2
ZN-5539,37.72875,-122.28255,151,16251,111059,14,10.07,9
ZN-5540,37.84176,-122.42776,151,14682,89658,11,9.43,5
ZN-5541,37.68452,-122.43291,182,18922,44479,16,12.36,3
ZN-5542,37.81728,-122.4138,158,17738,60560,12,10.84,5
ZN-5543,37.89023,-122.32645,130,15511,137503,17,12.34,0
ZN-5544,37.57717,-122.49359,154,13784,138491,15,11.8,0
ZN-5545,37.71115,-122.40033,145,6568,97132,14,13.64,7
ZN-5546,37.82107,-122.34138,192,13657,50743,14,12.32,2
ZN-5547,37.75866,-122.37931,196,14926,67825,16,10.19,2
ZN-5548,37.80459,-122.40423,153,18907,54405,16,13.0,9
ZN-5549,37.72658,-122.33932,146,29778,53497,14,8.98,7
ZN-5550,37.78183,-122.63566,168,14304,145670,14,5.38,2
ZN-5551,37.76245,-122.36517,131,11857,146497,9,1.22,10
ZN-5552,37.86832,-122.47173,164,13713,66978,13,10.89,2
ZN-5553,37.79525,-122.56585,139,18920,94781,13,11.42,2
ZN-5554,37.80191,-122.3785,148,21531,62880,15,18.02,10
ZN-5555,37.74195,-122.30951,146,22370,94619,15,7.45,1
ZN-5556,37.73589,-122.4304,150,22966,135982,13,8.02,15
ZN-5557,37.7403,-122.34317,158,23815,121967,17,4.69,5
ZN-5558,37.80646,-122.29042,194,16326,115216,15,2.42,5
ZN-5559,37.74122,-122.31421,137,30318,90145,15,14.57,3
ZN-5560,37.79808,-122.2882,152,15871,126549,15,5.52,2
ZN-5561,37.94093,-122.36003,169,18656,111166,19,11.73,2
ZN-5562,37.84459,-122.41337,182,25774,105097,15,13.1,8
ZN-5563,37.74882,-122.54756,173,21398,92114,14,9.35,5
ZN-5564,37.871,-122.43908,168,4554,102959,14,16.36,11
ZN-5565,37.74225,-122.48686,186,18033,102206,20,8.88,3
ZN-5566,37.61185,-122.24572,193,23171,81464,16,6.13,0
ZN-5567,37.69425,-122.43347,146,9939,75627,9,16.7,3
ZN-5568,37.62524,-122.40954,175,22504,70077,13,16.11,3
ZN-5569,37.74678,-122.37528,128,20340,71678,20,4.04,5
ZN-5570,37.77637,-122.41591,162,25103,90297,8,1.65,5
ZN-5571,37.90901,-122.2838,150,13848,86182,13,2.76,5
ZN-5572,37.80105,-122.46921,160,23975,79481,17,6.16,13
ZN-5573,37.75737,-122.40383,132,18957,77630,20,18.02,7
ZN-5574,37.84125,-122.4788,137,28596,102297,14,10.86,6
ZN-5575,37.59801,-122.525,148,34716,129440,11,7.66,6
ZN-5576,37.79375,-122.46834,180,27229,94727,18,16.57,6
ZN-5577,37.83657,-122.42236,127,20883,93091,19,9.04,8
ZN-5578,37.65661,-122.45374,147,31926,71627,14,6.65,8
ZN-5579,37.8664,-122.47479,161,21620,89423,16,17.48,2
ZN-5580,37.80198,-122.53191,176,12552,124758,14,15.9,8
ZN-5581,37.74168,-122.42605,120,17764,120936,14,15.8,12
ZN-5582,37.82552,-122.53978,156,22570,119199,12,10.06,4
ZN-5583,37.95656,-122.3586,172,22955,118396,19,14.86,2
ZN-5584,37.78945,-122.4128,205,11248,105918,15,4.3,9
ZN-5585,37.79476,-122.536,153,11438,105030,14,11.12,9
ZN-5586,37.73815,-122.44414,161,15952,101118,20,18.22,4
ZN-5587,37.70691,-122.47957,174,21207,84577,13,6.23,5
ZN-5588,37.84133,-122.39387,137,21975,97092,10,14.94,3
ZN-5589,37.70641,-122.31216,192,18847,100389,13,9.69,1
ZN-5590,37.78063,-122.56941,167,12993,110829,16,1.89,12
ZN-5591,37.73669,-122.4102,158,28421,97506,14,14.4,8
ZN-5592,37.81322,-122.43221,146,11567,147629,16,4.12,12
ZN-5593,37.80159,-122.36569,144,25814,64754,10,12.12,6
ZN-5594,37.8579,-122.40234,132,22432,113861,8,2.68,14
ZN-5595,37.7341,-122.47956,167,25681,93968,18,17.58,0
ZN-5596,37.75331,-122.44492,167,15333,95053,19,6.25,5
ZN-5597,37.6966,-122.48308,177,17144,74685,10,5.12,1
ZN-5598,37.73936,-122.33332,182,18330,120483,15,3.43,5
ZN-5599,37.80508,-122.4177,186,15141,111321,17,17.57,11
ZN-5600,37.83546,-122.2673,151,19351,115840,10,13.52,6
ZN-5601,37.70113,-122.42425,136,27474,99231,15,14.03,12
ZN-5602,37.84447,-122.47607,140,10218,86877,14,9.84,4
ZN-5603,37.88335,-122.5405,134,14056,93335,23,9.41,5
ZN-5604,37.80797,-122.56365,200,13405,105836,24,3.1,6
ZN-5605,37.92504,-122.54613,189,17433,44860,17,10.89,0
ZN-5606,37.713,-122.39803,146,17186,116823,16,5.47,6
ZN-5607,37.67533,-122.3787,122,22633,155654,19,18.1,12
ZN-5608,37.6326,-122.5459,147,18202,107008,20,14.98,0
ZN-5609,37.89458,-122.3478,135,19817,87976,12,8.34,0
ZN-5610,37.82725,-122.45804,199,20390,90969,14,3.82,6
ZN-5611,37.77045,-122.40766,202,19472,112688,12,14.79,15
ZN-5612,37.7973,-122.29042,189,22219,88542,15,3.31,0
ZN-5613,37.68486,-122.34765,172,17266,116716,18,4.48,6
ZN-5614,37.97056,-122.44088,148,27878,90646,14,4.86,0
ZN-5615,37.78524,-122.4907,199,33249,137854,12,10.83,4
ZN-5616,37.78365,-122.59155,123,22237,137164,10,14.82,8
ZN-5617,37.83296,-122.47693,139,19367,86745,19,6.64,3
ZN-5618,37.81338,-122.43629,185,21747,92974,12,2.66,6
ZN-5619,37.79281,-122.49837,165,11393,94440,18,9.24,5
ZN-5620,37.71166,-122.4299,169,19080,94775,17,14.14,6
ZN-5621,37.81262,-122.41325,166,13612,71314,17,5.03,12
ZN-5622,37.92546,-122.43739,165,21059,67818,21,5.0,6
ZN-5623,37.88253,-122.4714,152,13641,126243,19,17.59,4
ZN-5624,37.90235,-122.40591,170,15931,122244,10,17.71,8
ZN-5625,37.734,-122.38404,175,6768,121813,17,18.34,9
ZN-5626,37.69573,-122.50663,175,10960,93265,19,15.17,4
ZN-5627,37.76484,-122.30653,171,20129,142300,19,4.46,10
ZN-5628,37.77936,-122.42729,191,12786,94438,11,4.87,14
ZN-5629,37.86244,-122.41789,144,24382,116571,14,7.09,6
ZN-5630,37.6395,-122.36274,178,12276,60284,12,6.7,0
ZN-5631,37.89726,-122.40074,178,20719,89256,26,17.75,2
ZN-5632,37.76226,-122.34315,136,13428,91104,19,14.85,4
ZN-5633,37.74075,-122.39643,198,20312,93362,10,13.73,9
ZN-5634,37.69393,-122.46839,135,8791,61862,12,4.42,4
ZN-5635,37.64251,-122.39048,155,15280,112597,6,16.93,7
ZN-5636,37.84075,-122.5109,145,12922,120715,8,15.52,10
ZN-5637,37.78077,-122.41072,175,23299,76403,15,4.03,13
ZN-5638,37.6717,-122.42206,160,20773,66316,14,16.27,3
ZN-5639,37.67129,-122.43605,135,10604,75776,21,5.91,4
ZN-5640,37.74804,-122.42968,202,16780,107387,20,2.6,11
ZN-5641,37.90842,-122.56995,155,13366,80084,14,12.56,0
ZN-5642,37.75413,-122.4633,158,23701,91648,16,12.51,12
ZN-5643,37.65465,-122.41197,176,25629,68163,19,2.84,7
ZN-5644,37.75524,-122.40661,180,9350,144482,18,6.72,8
ZN-5645,37.75308,-122.50161,182,22960,96829,9,18.38,5
ZN-5646,37.55915,-122.31814,190,13060,123742,14,12.94,5
ZN-5647,37.77056,-122.48869,176,16482,107329,19,13.83,2
ZN-5648,37.75643,-122.34184,173,18193,93952,16,4.88,4
ZN-5649,37.8306,-122.38522,149,28899,92658,11,2.56,8
ZN-5650,37.92282,-122.4711,129,11976,76868,13,5.99,0
ZN-5651,37.86503,-122.27738,137,23008,83738,19,5.51,0
ZN-5652,37.75339,-122.51489,204,10970,69804,10,5.26,1
ZN-5653,37.68638,-122.34587,212,10556,67078,21,4.53,0
ZN-5654,37.98077,-122.33935,163,18170,147159,11,11.14,0
ZN-5655,37.77964,-122.47305,162,18130,101972,16,6.88,11
ZN-5656,37.77601,-122.308,151,3000,131642,11,15.39,12
ZN-5657,37.77297,-122.4394,190,24957,75148,12,4.38,15
ZN-5658,37.79075,-122.3963,184,5165,63709,15,9.24,9
ZN-5659,37.76335,-122.39857,139,17124,70555,18,1.44,7
ZN-5660,37.72901,-122.43014,188,25965,84448,17,9.53,6
ZN-5661,37.73115,-122.35454,168,31255,95912,16,2.17,4
ZN-5662,37.77228,-122.35592,193,15821,91226,22,18.11,9
ZN-5663,37.73143,-122.55928,167,9402,75670,13,14.88,0
ZN-5664,37.71787,-122.31505,144,25743,97192,9,9.68,1
ZN-5665,37.78341,-122.5524,142,23190,99384,15,2.7,1
ZN-5666,37.7545,-122.3368,168,15066,112556,13,11.45,11
ZN-5667,37.89522,-122.32926,191,14305,131760,16,14.33,5
ZN-5668,37.56282,-122.50668,174,13695,85902,14,4.5,0
ZN-5669,37.86222,-122.45227,178,15932,125387,14,11.03,8
ZN-5670,37.87459,-122.50786,170,19896,96648,17,15.29,2
ZN-5671,37.60903,-122.43659,178,14603,56817,13,14.49,0
ZN-5672,37.74748,-122.44404,139,15362,139581,20,15.09,12
ZN-5673,37.74518,-122.35703,147,21847,151813,16,16.41,5
ZN-5674,37.6623,-122.31458,181,9105,110477,14,17.42,3
ZN-5675,37.71267,-122.30775,119,15744,97244,18,8.22,11
ZN-5676,37.68605,-122.46437,196,7944,88214,9,11.04,7
ZN-5677,37.91508,-122.43614,173,18650,83401,11,14.88,2
ZN-5678,37.84975,-122.55408,163,6363,125267,15,13.26,4
ZN-5679,37.87662,-122.48387,193,23340,94568,17,18.42,2
ZN-5680,37.83263,-122.34221,148,10112,136848,17,1.44,3
ZN-5681,37.68458,-122.29015,183,7364,95871,12,7.34,0
ZN-5682,37.73294,-122.51815,145,15818,84691,14,6.06,5
ZN-5683,37.81405,-122.4668,129,28266,79967,10,5.74,5
ZN-5684,37.67713,-122.42151,166,22267,76407,6,5.05,9
ZN-5685,37.83194,-122.39699,127,6466,107853,9,13.47,7
ZN-5686,37.75567,-122.48417,164,9941,62637,11,2.67,7
ZN-5687,37.74491,-122.38548,158,15626,74541,15,14.03,5
ZN-5688,37.83178,-122.45731,197,31430,128112,15,13.2,9
ZN-5689,37.81044,-122.42056,182,12366,71136,9,5.54,13
ZN-5690,37.74602,-122.3757,180,12414,116567,12,5.57,9
ZN-5691,37.86765,-122.41889,150,27164,43424,17,12.08,7
ZN-5692,37.68841,-122.45431,175,19169,131252,7,14.39,14
ZN-5693,37.82417,-122.42817,182,24318,63244,9,16.36,8
ZN-5694,37.82235,-122.42647,148,13637,73090,13,15.94,7
ZN-5695,37.75014,-122.449,169,17390,112008,15,17.89,15
ZN-5696,37.80099,-122.4401,174,25893,101760,17,11.26,6
ZN-5697,37.67481,-122.29151,190,17130,117374,16,16.92,0
ZN-5698,37.84882,-122.37453,138,24738,63043,18,15.19,4
ZN-5699,37.76011,-122.44304,172,20323,87829,16,16.68,9
ZN-5700,37.73308,-122.36364,120,11762,79573,11,1.4,5
ZN-5701,37.85882,-122.44611,144,17902,67245,20,17.91,5
ZN-5702,37.71855,-122.32555,185,23888,109897,15,9.39,11
ZN-5703,37.66222,-122.38983,175,22016,118576,14,15.01,13
ZN-5704,37.65037,-122.42798,181,17758,86578,13,3.4,6
ZN-5705,37.82338,-122.38358,164,6649,133067,7,8.05,8
ZN-5706,37.67247,-122.54507,191,7224,75357,23,5.9,1
ZN-5707,37.91528,-122.50954,152,8500,132461,10,6.25,11
ZN-5708,37.60835,-122.51491,165,14937,109055,15,3.33,2
ZN-5709,37.91062,-122.40796,172,15737,64410,11,15.14,4
ZN-5710,37.79178,-122.2808,142,9147,144538,13,1.36,4
ZN-5711,37.76716,-122.2409,196,24135,83888,17,6.61,0
ZN-5712,37.73131,-122.36836,157,10417,125127,12,4.22,12
ZN-5713,37.80683,-122.37933,123,9776,98641,22,11.39,0
ZN-5714,37.77189,-122.56348,196,18529,104361,6,5.6,1
ZN-5715,37.86316,-122.46281,166,23843,117530,22,5.68,6
ZN-5716,37.78404,-122.48242,194,30329,116146,9,9.65,5
ZN-5717,37.78692,-122.46907,188,21495,86446,18,12.49,9
ZN-5718,37.74581,-122.43285,155,27478,108291,11,3.3,9
ZN-5719,37.77034,-122.45717,190,10727,106414,16,4.24,9
ZN-5720,37.79952,-122.57774,163,30958,100339,19,5.48,0
ZN-5721,37.63809,-122.35957,192,6831,89917,27,18.05,3
ZN-5722,37.66705,-122.50522,158,14976,100289,18,8.07,0
ZN-5723,37.83436,-122.40026,208,21363,144188,10,11.56,10
ZN-5724,37.78857,-122.25347,184,8368,87624,13,5.38,2
ZN-5725,37.76018,-122.49295,191,12437,125164,10,9.68,10
ZN-5726,37.77637,-122.62182,186,11484,79509,14,2.48,0
ZN-5727,37.80271,-122.44228,164,16138,72967,16,1.8,5
ZN-5728,37.73172,-122.33132,185,26529,176909,22,9.31,13
ZN-5729,37.71264,-122.26273,149,18100,108500,14,8.1,0
ZN-5730,37.79057,-122.51776,144,15221,109187,20,3.57,10
ZN-5731,37.69663,-122.37966,212,3000,109880,11,13.1,6
ZN-5732,37.80756,-122.45662,143,20800,130182,9,18.38,12
ZN-5733,37.63869,-122.42788,132,22740,105195,12,8.04,1
ZN-5734,37.85723,-122.20785,137,7799,115405,14,12.0,3
ZN-5735,37.81271,-122.53964,140,17598,68535,7,17.86,0
ZN-5736,37.79538,-122.3991,190,19158,119598,15,15.59,11
ZN-5737,37.85352,-122.38198,201,23787,89080,12,9.22,10
ZN-5738,37.90814,-122.33254,172,13651,111793,21,13.96,3
ZN-5739,37.85605,-122.41156,185,12747,52122,10,3.42,5
ZN-5740,37.62763,-122.39476,156,15261,110754,14,10.06,8
ZN-5741,37.67253,-122.45073,141,25706,38952,18,6.03,1
ZN-5742,37.72491,-122.39787,190,24263,88102,15,3.99,13
ZN-5743,37.77699,-122.44686,174,17871,52361,16,8.57,9
ZN-5744,37.81631,-122.36967,168,24118,110825,12,3.47,16
ZN-5745,37.71684,-122.44897,189,3787,96731,20,13.29,15
ZN-5746,37.78984,-122.38923,137,22749,75730,12,9.09,6
ZN-5747,37.71447,-122.42174,149,11287,130860,16,10.39,9
ZN-5748,37.72598,-122.32932,122,28602,72583,10,3.73,6
ZN-5749,37.66237,-122.42351,113,11614,35000,11,3.62,6
ZN-5750,37.70104,-122.56124,135,12883,107840,14,11.29,2
ZN-5751,37.66677,-122.31845,162,21374,50835,15,18.24,0
ZN-5752,37.69683,-122.49186,135,21953,73374,10,2.87,7
ZN-5753,37.85919,-122.4717,128,15322,82066,19,6.14,13
ZN-5754,37.69895,-122.46705,148,20228,59400,12,16.24,6
ZN-5755,37.98549,-122.30944,172,20972,82656,10,2.45,2
ZN-5756,37.81437,-122.59025,153,20358,59867,17,16.35,0
ZN-5757,37.78969,-122.16838,147,15572,99059,24,10.27,0
ZN-5758,37.70623,-122.33492,161,21031,64281,20,8.26,1
ZN-5759,37.83092,-122.40154,196,26438,95753,11,6.56,10
ZN-5760,37.72885,-122.42379,141,10647,124050,14,6.34,10
ZN-5761,37.78466,-122.39656,163,12959,114559,9,6.49,9
ZN-5762,37.97971,-122.37771,163,18163,92957,18,16.51,0
ZN-5763,37.76722,-122.36778,161,11662,70281,13,13.72,14
ZN-5764,37.86684,-122.37495,151,7179,98979,16,12.79,5
ZN-5765,37.71865,-122.41223,133,24558,77607,20,15.02,7
ZN-5766,37.7721,-122.43519,133,4627,100028,21,5.65,6
ZN-5767,37.91656,-122.4315,154,15585,52117,12,11.89,4
ZN-5768,37.72474,-122.43499,189,22553,115181,9,9.16,9
ZN-5769,37.9199,-122.3287,161,19600,95830,16,14.74,0
ZN-5770,37.83152,-122.37192,180,15676,150212,11,6.55,10
ZN-5771,37.7299,-122.65463,143,11415,127651,23,12.33,12
ZN-5772,37.82549,-122.36693,158,20063,109154,13,16.46,13
ZN-5773,37.8527,-122.40382,106,12069,91900,13,8.16,9
ZN-5774,37.82464,-122.4209,151,19595,76759,8,2.35,6
ZN-5775,37.64928,-122.45048,141,18845,118560,18,10.13,12
ZN-5776,37.71673,-122.32947,220,18906,89263,22,7.19,1
ZN-5777,37.7551,-122.3436,201,14158,124209,20,12.83,15
ZN-5778,37.76895,-122.48123,186,30210,105020,13,17.65,7
ZN-5779,37.82455,-122.38684,196,20149,105199,20,9.6,10
ZN-5780,37.78912,-122.49713,128,16327,109863,16,9.27,7
ZN-5781,37.66807,-122.52977,161,19585,72009,19,12.52,0
ZN-5782,37.80532,-122.46954,152,13353,69446,8,2.99,4
ZN-5783,37.82375,-122.35041,166,15682,68582,16,5.59,7
ZN-5784,37.81968,-122.34315,141,32351,121187,16,17.1,11
ZN-5785,37.86136,-122.37835,172,13395,71356,13,12.79,6
ZN-5786,37.84161,-122.36139,174,17533,74471,13,1.43,6
ZN-5787,37.81163,-122.37811,175,15263,108437,15,4.74,4
ZN-5788,37.76929,-122.47072,186,11762,88698,15,13.01,9
ZN-5789,37.64202,-122.38485,189,20526,85505,20,14.42,5
ZN-5790,37.80927,-122.35537,194,18218,83336,11,15.73,5
ZN-5791,37.79152,-122.35906,162,23466,36859,13,6.25,3
ZN-5792,37.79663,-122.32429,163,22863,70827,14,17.31,7
ZN-5793,37.67276,-122.36274,140,23404,124539,9,10.77,14
ZN-5794,37.68842,-122.39128,182,12490,81515,10,13.25,4
ZN-5795,37.85915,-122.33379,160,21845,47487,13,11.52,0
ZN-5796,37.77174,-122.42152,138,21991,69800,18,3.32,12
ZN-5797,37.82942,-122.48995,190,11873,103996,15,17.86,8
ZN-5798,37.77717,-122.43245,122,16088,103500,14,3.33,11
ZN-5799,37.77728,-122.47899,164,9263,87642,19,5.61,11
ZN-5800,37.84996,-122.47341,171,22017,77769,14,15.28,7
ZN-5801,37.73362,-122.43096,185,21990,59945,13,11.9,1
ZN-5802,37.78259,-122.48279,188,26582,104204,14,15.7,3
ZN-5803,37.73792,-122.44404,192,16627,115946,24,10.12,12
ZN-5804,37.74014,-122.57089,200,20708,127222,20,7.72,5
ZN-5805,37.75017,-122.40234,182,23926,67235,15,17.15,4
ZN-5806,37.79267,-122.4193,183,13476,129138,18,1.83,11
ZN-5807,37.7366,-122.48477,184,12564,93584,16,16.01,6
ZN-5808,37.87536,-122.36666,190,13662,95664,11,5.19,7
ZN-5809,37.70333,-122.34439,190,15904,117339,12,15.88,7
ZN-5810,37.75995,-122.548,142,12776,81476,16,3.61,1
ZN-5811,37.73972,-122.48042,139,13921,40904,16,11.24,2
ZN-5812,37.89066,-122.48093,139,23285,112621,12,16.56,5
ZN-5813,37.79062,-122.49459,200,17421,103714,20,9.39,5
ZN-5814,37.85745,-122.35304,168,19840,85993,11,14.12,0
ZN-5815,37.65606,-122.43491,158,14695,110563,20,15.12,12
ZN-5816,37.79626,-122.44056,174,14301,115673,17,13.94,14
ZN-5817,37.84607,-122.57971,176,19713,57199,19,17.21,0
ZN-5818,37.78148,-122.36857,173,18756,95562,12,8.93,6
ZN-5819,37.86014,-122.51854,166,22667,38060,11,4.2,1
ZN-5820,37.73352,-122.41461,139,25809,91907,18,2.03,6
ZN-5821,37.88765,-122.39721,144,13851,85681,8,5.46,4
ZN-5822,37.95881,-122.31055,168,23167,107297,18,3.68,0
ZN-5823,37.74587,-122.52411,182,11521,68173,14,10.85,0
ZN-5824,37.73926,-122.66096,174,30442,84462,22,4.4,0
ZN-5825,37.89117,-122.40469,154,13282,35000,15,1.87,5
ZN-5826,37.90127,-122.27536,153,22143,108937,12,1.82,2
ZN-5827,37.73307,-122.32028,183,11476,92790,9,15.59,5
ZN-5828,37.74129,-122.40263,166,17087,97181,13,11.43,4
ZN-5829,37.75236,-122.45873,188,27274,57664,16,7.39,9
ZN-5830,37.66734,-122.35483,132,13093,104951,20,16.67,2
ZN-5831,37.70141,-122.49728,136,31225,136318,11,2.41,11
ZN-5832,37.69457,-122.38129,117,17968,90377,17,18.16,4
ZN-5833,37.71348,-122.37896,177,23854,111252,12,11.86,10
ZN-5834,37.77213,-122.33458,162,20417,73234,15,4.37,0
ZN-5835,37.79364,-122.19863,207,20742,93078,17,12.95,0
ZN-5836,37.89894,-122.38801,204,9443,56716,12,14.41,1
ZN-5837,37.69503,-122.46012,180,15162,114703,8,8.63,9
ZN-5838,37.85365,-122.42145,177,25175,98996,10,16.11,7
ZN-5839,37.75778,-122.56093,155,15934,64517,16,3.81,2
ZN-5840,37.77094,-122.47498,136,18832,74953,12,6.02,12
ZN-5841,37.82889,-122.45214,180,8715,96527,16,2.82,4
ZN-5842,37.68508,-122.46133,190,14774,118096,18,4.85,6
ZN-5843,37.80549,-122.40721,195,24738,131988,13,5.33,14
ZN-5844,37.78822,-122.48519,168,10304,91646,20,17.08,10
ZN-5845,37.8143,-122.32972,132,22302,60883,17,2.55,5
ZN-5846,37.79803,-122.41938,148,19066,100961,16,8.59,8
ZN-5847,37.97132,-122.42014,120,16584,139622,9,10.41,7
ZN-5848,37.72388,-122.44563,144,16320,54431,21,16.75,11
ZN-5849,37.73242,-122.40698,157,15053,71135,14,18.46,5
ZN-5850,37.72505,-122.35339,172,15588,110274,18,14.23,8
ZN-5851,37.73046,-122.48877,191,23578,98839,16,17.99,8
ZN-5852,37.72391,-122.47205,126,15407,81374,14,14.82,5
ZN-5853,37.87002,-122.4437,147,28845,100502,12,17.86,0
ZN-5854,37.88854,-122.52707,187,19797,119438,16,13.44,7
ZN-5855,37.72924,-122.48494,165,14542,92541,14,2.58,9
ZN-5856,37.70831,-122.4575,118,23840,90349,10,8.15,8
ZN-5857,37.81261,-122.34945,140,21743,109725,17,12.39,14
ZN-5858,37.73072,-122.3984,138,8074,88237,19,7.27,7
ZN-5859,37.82553,-122.40391,194,11793,123563,18,5.93,11
ZN-5860,37.79113,-122.35133,150,17307,145668,16,11.19,10
ZN-5861,37.65364,-122.43039,192,8498,72676,12,17.35,1
ZN-5862,37.8987,-122.38816,130,30543,63749,14,1.81,1
ZN-5863,37.91857,-122.42766,140,22933,104292,17,14.51,9
ZN-5864,37.72588,-122.39817,147,17920,62862,13,13.7,10
ZN-5865,37.74388,-122.46602,128,15943,62435,8,17.88,12
ZN-5866,37.79777,-122.61451,161,14402,43769,15,17.3,1
ZN-5867,37.80166,-122.43014,153,6215,85443,15,14.39,10
ZN-5868,37.82758,-122.30558,151,7602,94175,8,10.2,1
ZN-5869,37.93572,-122.3453,164,29406,82065,12,4.73,2
ZN-5870,37.76074,-122.34217,217,27441,129758,29,10.63,5
ZN-5871,37.71104,-122.32051,155,14545,127897,11,14.44,8
ZN-5872,37.66455,-122.41231,188,23447,143221,21,16.7,2
ZN-5873,37.71643,-122.40361,188,21038,96163,22,14.86,9
ZN-5874,37.77225,-122.46881,152,21745,124595,9,4.58,9
ZN-5875,37.91846,-122.44469,133,9448,102721,9,11.57,2
ZN-5876,37.73349,-122.37014,195,7150,100209,18,6.95,5
ZN-5877,37.7928,-122.32309,144,25095,83315,15,1.36,3
ZN-5878,37.77359,-122.43056,204,6124,38421,16,4.66,15
ZN-5879,37.86997,-122.45542,169,17110,110932,16,3.16,8
ZN-5880,37.97705,-122.41936,164,15793,123853,14,15.78,4
ZN-5881,37.73243,-122.3713,192,15239,56859,9,5.67,2
ZN-5882,37.73574,-122.53491,138,19886,94757,13,6.13,1
ZN-5883,37.85843,-122.60309,185,13934,119791,13,17.81,5
ZN-5884,37.82945,-122.46344,155,20374,86012,10,7.76,5
ZN-5885,37.92264,-122.51706,164,18846,124827,17,1.37,3
ZN-5886,37.82161,-122.46005,189,30592,91492,14,6.11,5
ZN-5887,37.74616,-122.43122,177,9687,81871,16,3.26,9
ZN-5888,37.82215,-122.45566,164,18175,126257,14,2.98,15
ZN-5889,37.8636,-122.3032,174,20588,71656,14,2.54,0
ZN-5890,37.84054,-122.39326,150,16461,76877,18,11.46,7
ZN-5891,37.81548,-122.39536,157,9977,72611,12,4.48,7
ZN-5892,37.86023,-122.36962,181,25542,66435,15,7.45,3
ZN-5893,37.86844,-122.51051,126,20021,98825,21,16.11,5
ZN-5894,37.88547,-122.33627,116,10398,82176,16,8.54,3
ZN-5895,37.8268,-122.42546,206,20632,107215,14,17.04,0
ZN-5896,37.76153,-122.36576,144,28209,51633,16,9.81,8
ZN-5897,37.78664,-122.50515,171,17782,66936,16,8.1,5
ZN-5898,37.87142,-122.5437,173,17986,96289,12,14.18,0
ZN-5899,37.70955,-122.35397,144,27408,131742,24,2.47,15
ZN-5900,37.80439,-122.38929,191,12177,104462,18,2.75,4
ZN-5901,37.74343,-122.49156,174,28365,80265,17,12.48,5
ZN-5902,37.7772,-122.48897,163,23837,57761,13,9.62,5
ZN-5903,37.87718,-122.32937,158,12454,78803,11,14.87,6
ZN-5904,37.79019,-122.51455,127,13990,93937,11,17.05,5
ZN-5905,37.77861,-122.28799,190,14851,36057,26,7.92,0
ZN-5906,37.66611,-122.49145,135,6998,64665,26,11.52,4
ZN-5907,37.8346,-122.36833,153,19562,76561,16,9.86,11
ZN-5908,37.82654,-122.44569,198,12726,88564,11,18.18,7
ZN-5909,37.94796,-122.37115,144,19779,93641,24,15.58,1
ZN-5910,37.75028,-122.46293,140,10254,79728,9,16.97,12
ZN-5911,37.79243,-122.43242,162,23538,107646,15,5.6,8
ZN-5912,37.79485,-122.41613,182,22425,98117,10,14.56,5
ZN-5913,37.9011,-122.49957,124,13764,85748,13,5.79,3
ZN-5914,37.76728,-122.36013,172,20157,111094,17,4.81,11
ZN-5915,37.79722,-122.46046,159,18497,109048,19,17.54,8
ZN-5916,37.82353,-122.43769,172,26893,58655,19,1.53,12
ZN-5917,37.78983,-122.49895,195,11805,94199,11,17.9,5
ZN-5918,37.73919,-122.62439,153,17086,117256,20,3.78,8
ZN-5919,37.79043,-122.43468,152,14155,121437,13,15.38,12
ZN-5920,37.86079,-122.22639,143,18268,104272,18,5.97,0
ZN-5921,37.69278,-122.35663,178,21199,89167,15,7.27,1
ZN-5922,37.78554,-122.42094,190,14089,105532,13,4.95,11
ZN-5923,37.71889,-122.44043,129,15815,115194,13,11.33,10
ZN-5924,37.8705,-122.4176,167,23796,97895,19,7.22,10
ZN-5925,37.65305,-122.37563,144,26143,100715,14,12.57,1
ZN-5926,37.73019,-122.51387,194,20961,88754,18,1.47,3
ZN-5927,37.80508,-122.33025,150,17172,61580,18,2.31,5
ZN-5928,37.90014,-122.36217,141,16601,90640,21,2.92,4
ZN-5929,37.76964,-122.36195,180,21288,78072,16,8.45,14
ZN-5930,37.73048,-122.38432,190,19366,78151,15,15.3,9
ZN-5931,37.92539,-122.41783,187,8106,130845,11,16.57,2
ZN-5932,37.65906,-122.36557,188,21434,118788,12,5.44,3
ZN-5933,37.599,-122.37205,188,12836,52662,23,11.14,5
ZN-5934,37.8101,-122.44772,153,9498,67878,13,14.49,16
ZN-5935,37.73474,-122.46529,188,7989,85910,10,6.2,5
ZN-5936,37.6932,-122.41125,147,16703,78984,12,8.28,0
ZN-5937,37.83157,-122.29548,146,11900,102935,15,10.26,6
ZN-5938,37.7944,-122.51853,192,4041,63910,8,3.53,4
ZN-5939,37.72977,-122.5368,140,15849,118963,20,1.65,3
ZN-5940,37.67248,-122.40622,138,15056,93899,27,3.84,4
ZN-5941,37.8447,-122.41533,173,17100,86487,9,12.04,2
ZN-5942,37.82692,-122.40553,133,14226,94642,16,2.47,9
ZN-5943,37.76697,-122.39988,153,28975,84562,14,4.48,10
ZN-5944,37.92263,-122.43726,195,21104,44233,15,7.04,4
ZN-5945,37.68929,-122.30021,184,15002,95298,19,2.55,1
ZN-5946,37.65286,-122.54747,172,17618,86981,16,4.52,8
ZN-5947,37.71955,-122.48568,186,26487,71138,16,16.96,3
ZN-5948,37.77125,-122.42766,153,23739,122435,24,1.53,11
ZN-5949,37.79437,-122.55086,170,9622,111735,13,12.5,6
ZN-5950,37.7556,-122.43347,153,12154,155971,12,7.85,13
ZN-5951,37.80306,-122.28648,173,13308,115870,12,12.84,5
ZN-5952,37.67478,-122.41773,168,15361,78914,13,11.38,6
ZN-5953,37.8904,-122.40094,128,14427,72355,18,5.07,9
ZN-5954,37.76833,-122.52021,191,18204,82642,19,15.86,8
ZN-5955,37.86428,-122.46871,137,22414,78334,10,9.71,5
ZN-5956,37.80232,-122.44942,199,23415,97719,15,15.43,6
ZN-5957,37.81144,-122.44482,187,16039,56530,12,8.22,4
ZN-5958,37.82048,-122.31687,144,8191,111182,18,18.24,11
ZN-5959,37.81072,-122.37478,192,11757,97279,12,14.53,8
ZN-5960,37.82632,-122.50832,158,14881,108311,10,17.91,5
ZN-5961,37.88123,-122.39968,207,10529,66396,16,10.1,1
ZN-5962,37.79062,-122.37954,151,24845,101167,17,9.39,7
ZN-5963,37.83162,-122.32819,137,10922,127479,13,14.27,10
ZN-5964,37.76772,-122.29296,128,21702,73487,13,16.43,2
ZN-5965,37.89011,-122.50061,134,7908,72803,13,17.88,6
ZN-5966,37.72079,-122.48427,201,21943,112798,9,6.81,5
ZN-5967,37.91898,-122.52001,137,17164,70773,20,15.02,0
ZN-5968,37.77169,-122.43812,187,27075,89167,11,4.84,18
ZN-5969,37.66044,-122.38209,188,11210,131893,7,10.64,4
ZN-5970,37.78515,-122.34041,178,14615,73158,11,4.31,6
ZN-5971,37.72042,-122.42548,188,15777,133611,10,7.21,14
ZN-5972,37.84215,-122.44499,194,17084,86605,15,17.31,8
ZN-5973,37.72269,-122.40726,166,15924,66969,19,3.73,13
ZN-5974,37.73921,-122.48621,153,16039,110092,17,12.14,8
ZN-5975,37.62374,-122.25224,156,15941,97693,24,11.46,1
ZN-5976,37.73872,-122.54801,184,5572,95329,20,3.29,1
ZN-5977,37.58099,-122.40462,164,23960,75782,15,6.84,0
ZN-5978,37.64819,-122.25751,124,35166,97511,14,10.94,0
ZN-5979,37.83573,-122.41886,163,19789,43309,16,4.44,6
ZN-5980,37.83776,-122.4346,157,11185,100469,14,15.05,6
ZN-5981,37.80894,-122.448,119,11792,127431,16,18.02,7
ZN-5982,37.69754,-122.43383,150,21679,50864,11,4.92,12
ZN-5983,37.77108,-122.30957,183,20312,84830,17,4.43,0
ZN-5984,37.77461,-122.59635,159,16294,73134,13,9.07,1
ZN-5985,37.68223,-122.29673,185,22520,57223,16,14.14,7
ZN-5986,37.89517,-122.53332,195,5616,43678,18,6.07,3
ZN-5987,37.84509,-122.44073,184,22524,65479,9,1.54,3
ZN-5988,37.75722,-122.45374,181,19426,88940,14,10.56,8
ZN-5989,37.77705,-122.37232,184,12024,123728,11,17.75,14
ZN-5990,37.79157,-122.54725,161,9400,56932,9,7.97,9
ZN-5991,37.61156,-122.38243,140,18727,102359,17,8.47,2
ZN-5992,37.75513,-122.25746,171,26443,100491,20,17.96,6
ZN-5993,37.72034,-122.52845,139,16631,136799,10,13.22,8
ZN-5994,37.69477,-122.40422,164,12883,109275,17,13.64,4
ZN-5995,37.75241,-122.47236,148,19147,110714,15,10.93,15
ZN-5996,37.91871,-122.38533,193,28925,112482,16,18.06,4
ZN-5997,37.82617,-122.41787,146,20587,71894,12,13.12,16
ZN-5998,37.72921,-122.47072,144,21236,80679,21,16.68,6
ZN-5999,37.82071,-122.38037,179,25336,122921,18,13.3,5
ZN-6000,37.88685,-122.27505,182,20835,43730,19,13.92,0
ZN-6001,37.84887,-122.43467,154,13314,77942,10,6.22,8
ZN-6002,37.77967,-122.36182,137,7532,61729,13,6.45,3
ZN-6003,37.72315,-122.52286,165,12470,100856,15,14.75,3
ZN-6004,37.83076,-122.49591,163,11371,84459,21,6.33,9
ZN-6005,37.80638,-122.38161,176,21955,110649,19,10.94,10
ZN-6006,37.84652,-122.30067,197,22790,92275,12,5.51,6
ZN-6007,37.82571,-122.39095,122,19053,56347,17,15.33,2
ZN-6008,37.85886,-122.44444,180,10387,57503,14,3.11,14
ZN-6009,37.73208,-122.41946,221,28719,94848,14,15.55,2
ZN-6010,37.88029,-122.51943,125,15502,75721,16,11.63,4
ZN-6011,37.79071,-122.37104,128,21620,81684,15,4.43,5
ZN-6012,37.94092,-122.34881,150,18295,118460,14,10.58,2
ZN-6013,37.71976,-122.45557,165,19251,113975,14,6.09,13
ZN-6014,37.91378,-122.457,127,21409,139943,21,6.8,4
ZN-6015,37.79073,-122.39813,141,13823,87091,17,7.28,7
ZN-6016,37.72279,-122.45434,142,25832,78971,10,2.3,10
ZN-6017,37.73619,-122.42469,132,8522,105454,16,18.26,12
ZN-6018,37.74927,-122.25142,138,11768,80980,11,1.75,2
ZN-6019,37.80883,-122.43916,163,25754,81798,12,12.66,8
ZN-6020,37.81673,-122.44807,174,21540,89947,21,7.62,9
ZN-6021,37.729,-122.4712,196,33242,136318,18,12.38,11
ZN-6022,37.77295,-122.35986,196,18410,112599,15,7.36,16
ZN-6023,37.94628,-122.4339,150,28202,115220,11,12.86,1
ZN-6024,37.9131,-122.47135,138,6855,135196,19,13.82,1
ZN-6025,37.80981,-122.3137,117,9518,117563,18,13.15,3
ZN-6026,37.77794,-122.30583,145,23373,66714,17,3.17,10
ZN-6027,37.7845,-122.46743,189,7557,117184,14,12.56,5
ZN-6028,37.82398,-122.56872,172,16815,120356,11,6.04,7
ZN-6029,37.69308,-122.3388,188,25003,111296,21,1.7,12
ZN-6030,37.75431,-122.47417,206,21007,90113,11,8.38,7
ZN-6031,37.64141,-122.35615,155,18066,108658,14,8.7,0
ZN-6032,37.80684,-122.57701,156,15305,94494,12,9.28,0
ZN-6033,37.82668,-122.34799,128,19213,70547,19,13.39,4
ZN-6034,37.73625,-122.51629,169,21463,76759,16,6.54,9
ZN-6035,37.90082,-122.36094,144,14034,112593,17,6.65,8
ZN-6036,37.67684,-122.41826,172,20230,72354,13,2.25,10
ZN-6037,37.65775,-122.49572,108,24470,74711,18,13.08,0
ZN-6038,37.79286,-122.45196,127,16665,113834,9,11.02,20
ZN-6039,37.85867,-122.36449,192,18408,98344,9,7.25,2
ZN-6040,37.90961,-122.41093,165,20902,109429,7,13.4,9
ZN-6041,37.73819,-122.37265,130,21308,64274,18,10.5,4
ZN-6042,37.86119,-122.26128,128,23270,108735,18,9.32,0
ZN-6043,37.77182,-122.54454,166,11913,78499,12,10.05,8
ZN-6044,37.76109,-122.29002,159,14826,69577,18,12.21,6
ZN-6045,37.84559,-122.41105,153,15048,82366,11,12.62,7
ZN-6046,37.82709,-122.4913,198,12576,129051,22,6.2,14
ZN-6047,37.64879,-122.52583,133,7209,85888,11,3.63,0
ZN-6048,37.89302,-122.43453,197,3000,150034,14,3.91,6
ZN-6049,37.88531,-122.34567,162,25172,43445,18,12.26,1
ZN-6050,37.72485,-122.4296,136,8676,56343,19,16.3,7
ZN-6051,37.80656,-122.29851,124,27399,128104,16,8.28,10
ZN-6052,37.81442,-122.53549,177,22436,134390,10,4.13,8
ZN-6053,37.79575,-122.42037,171,15565,73413,12,14.29,6
ZN-6054,37.73088,-122.51959,156,21698,96722,18,15.6,1
ZN-6055,37.72117,-122.39031,128,20550,112804,20,16.43,17
ZN-6056,37.77286,-122.34845,193,11389,89265,19,11.7,8
ZN-6057,37.86872,-122.45306,157,17910,98746,13,16.09,6
ZN-6058,37.81839,-122.62774,149,12120,95273,11,1.47,1
ZN-6059,37.74525,-122.40348,180,21924,57963,16,3.06,5
ZN-6060,37.83664,-122.38446,199,13708,86383,9,2.8,2
ZN-6061,37.54702,-122.38706,152,17420,95309,18,13.53,0
ZN-6062,37.8668,-122.32054,165,17161,97578,7,2.4,1
ZN-6063,37.63572,-122.50508,141,18729,51737,21,9.79,2
ZN-6064,37.7459,-122.36498,178,27975,113842,19,9.38,8
ZN-6065,37.68533,-122.324,137,16554,98237,13,6.58,4
ZN-6066,37.67133,-122.56169,136,25307,68615,13,16.26,0
ZN-6067,37.86777,-122.39383,151,20879,139976,11,4.15,6
ZN-6068,37.73748,-122.45973,170,26510,86335,15,7.3,4
ZN-6069,37.80262,-122.42592,193,15969,87958,18,14.59,10
ZN-6070,37.77115,-122.39159,159,22176,111042,16,1.73,10
ZN-6071,37.81306,-122.45838,143,17644,142100,12,12.84,12
ZN-6072,37.78105,-122.47346,152,3000,112025,18,15.32,9
ZN-6073,37.67226,-122.41667,163,11460,115652,13,17.33,5
ZN-6074,37.8546,-122.50638,220,21494,69959,10,16.36,1
ZN-6075,37.7354,-122.50627,202,21097,97173,19,6.73,7
ZN-6076,37.65037,-122.36505,174,10230,81693,20,11.34,3
ZN-6077,37.74065,-122.5113,191,19322,112603,13,2.54,8
ZN-6078,37.89496,-122.36609,189,21019,114924,16,5.66,7
ZN-6079,37.84292,-122.38239,166,17792,135830,16,2.83,13
ZN-6080,37.74701,-122.55746,154,22372,41041,15,6.65,4
ZN-6081,37.74696,-122.47361,219,21555,79235,22,16.34,5
ZN-6082,37.74917,-122.32387,211,17789,127506,13,7.21,9
ZN-6083,37.94104,-122.49789,197,14935,59961,16,10.92,0
ZN-6084,37.80545,-122.45655,177,24255,115141,13,8.7,7
ZN-6085,37.8093,-122.38244,126,20778,123350,14,9.14,10
ZN-6086,37.85732,-122.35673,167,9711,94291,15,17.97,8
ZN-6087,37.794,-122.43952,184,19325,59463,21,6.32,6
ZN-6088,37.75418,-122.4672,149,11093,91962,12,12.05,3
ZN-6089,37.75919,-122.30561,168,12212,131467,19,8.47,11
ZN-6090,37.76917,-122.28029,154,14088,133475,13,2.26,2
ZN-6091,37.77192,-122.34109,150,18269,100197,11,9.67,7
ZN-6092,37.83311,-122.41257,166,20246,70569,24,15.27,9
ZN-6093,37.77906,-122.48406,175,15546,138459,15,2.91,9
ZN-6094,37.83351,-122.48584,144,15808,115523,14,2.4,16
ZN-6095,37.76844,-122.3776,161,14980,72212,19,3.86,7
ZN-6096,37.78119,-122.38593,156,24285,103562,13,14.42,5
ZN-6097,37.61504,-122.30727,193,3000,102418,16,13.73,1
ZN-6098,37.84821,-122.36736,176,16147,79080,16,10.97,13
ZN-6099,37.80262,-122.53965,156,27269,103702,7,9.3,4
ZN-6100,37.85474,-122.33524,154,21103,122654,25,16.57,6
ZN-6101,37.5432,-122.49924,179,25601,87593,15,14.46,0
ZN-6102,37.94197,-122.45012,172,5794,125206,16,15.25,4
ZN-6103,37.76373,-122.39938,171,10546,51116,11,15.27,7
ZN-6104,37.86355,-122.25975,159,21084,150456,9,12.32,0
ZN-6105,37.69171,-122.17061,184,27303,96433,11,9.12,0
ZN-6106,37.82392,-122.37086,197,11152,121825,14,16.16,9
ZN-6107,37.69063,-122.43406,159,15673,100465,14,17.22,9
ZN-6108,37.725,-122.37664,184,20408,74411,12,1.61,5
ZN-6109,37.92802,-122.34839,186,9285,94090,16,2.09,0
ZN-6110,37.75965,-122.44505,171,21130,47263,10,17.79,10
ZN-6111,37.79229,-122.27578,151,3000,112209,20,5.99,3
ZN-6112,37.84451,-122.40099,169,20953,99844,15,16.31,5
ZN-6113,37.81455,-122.37958,198,12029,90211,14,7.93,10
ZN-6114,37.78693,-122.36613,192,15314,113817,15,3.26,11
ZN-6115,37.8041,-122.38567,123,21911,95938,11,2.59,4
ZN-6116,37.96717,-122.35228,124,20683,110170,16,3.91,3
ZN-6117,37.77029,-122.46878,182,17952,119057,11,5.52,14
ZN-6118,37.79099,-122.46406,132,23814,81269,25,9.65,11
ZN-6119,37.85895,-122.50741,178,7798,74114,14,13.34,6
ZN-6120,37.86334,-122.38424,145,19226,51935,18,18.26,8
ZN-6121,37.86986,-122.35709,181,13258,98064,11,8.84,4
ZN-6122,37.826,-122.38278,123,23508,106302,17,10.16,0
ZN-6123,37.68346,-122.28544,177,22122,61909,20,10.23,4
ZN-6124,37.90557,-122.41985,199,22340,130509,14,10.53,5
ZN-6125,37.68319,-122.3659,197,27872,74441,17,10.16,5
ZN-6126,37.79911,-122.50674,198,24758,42412,11,1.35,5
ZN-6127,37.71456,-122.45037,165,17055,132370,19,1.23,12
ZN-6128,37.76977,-122.36376,138,17992,45674,15,2.89,6
ZN-6129,37.8012,-122.35147,167,21605,119104,8,2.96,13
ZN-6130,37.80061,-122.44292,130,18817,113027,13,13.39,10
ZN-6131,37.80865,-122.42513,163,22231,102988,19,4.75,6
ZN-6132,37.904,-122.54083,165,4618,81930,15,16.68,2
ZN-6133,37.81118,-122.44796,174,29284,107569,9,17.26,12
ZN-6134,37.75537,-122.34817,166,18366,121212,12,18.08,8
ZN-6135,37.85203,-122.37338,196,8265,70354,16,17.45,2
ZN-6136,37.87006,-122.37935,169,12517,119409,21,5.9,10
ZN-6137,37.67669,-122.41542,180,5224,118271,15,10.02,11
ZN-6138,37.82269,-122.41883,161,11458,102326,16,4.24,9
ZN-6139,37.83099,-122.47223,172,17146,81550,15,15.15,2
ZN-6140,37.75109,-122.36349,208,27088,118386,11,16.57,9
ZN-6141,37.88496,-122.38572,153,20464,107707,23,15.93,1
ZN-6142,37.7629,-122.38004,135,19397,69601,13,8.7,8
ZN-6143,37.78495,-122.46148,138,11189,85816,15,14.33,4
ZN-6144,37.76105,-122.59167,185,13053,115476,19,2.89,2
ZN-6145,37.77615,-122.33163,129,13518,97864,19,1.9,3
ZN-6146,37.6872,-122.45771,127,13763,122149,13,14.23,11
ZN-6147,37.6597,-122.48842,148,15890,86458,18,8.56,6
ZN-6148,37.90246,-122.36392,177,16343,70002,7,18.42,0
ZN-6149,37.70714,-122.45076,139,15965,149840,12,2.88,13
ZN-6150,37.69559,-122.33461,177,13972,52977,17,16.0,4
ZN-6151,37.60263,-122.37004,145,18810,82504,18,9.5,4
ZN-6152,37.72378,-122.36471,155,16113,101993,13,15.51,6
ZN-6153,37.66905,-122.52868,168,8426,119652,8,15.34,3
ZN-6154,37.90626,-122.32244,198,18206,111161,20,17.05,8
ZN-6155,37.85569,-122.3985,164,17299,152781,12,6.35,10
ZN-6156,37.71985,-122.44894,172,8522,92060,21,17.63,9
ZN-6157,37.95509,-122.40793,121,14452,73175,11,3.82,2
ZN-6158,37.85344,-122.5615,151,21582,89507,12,2.62,1
ZN-6159,37.74891,-122.38671,160,11181,87000,18,8.67,7
ZN-6160,37.57495,-122.50175,171,10546,93292,12,15.53,0
ZN-6161,37.95818,-122.52761,191,16050,70437,17,9.39,0
ZN-6162,37.66373,-122.54119,191,21737,114601,18,15.55,10
ZN-6163,37.64327,-122.33038,165,28861,104270,15,13.82,1
ZN-6164,37.85671,-122.46974,169,21953,63402,22,4.82,1
ZN-6165,37.97008,-122.2967,185,24508,119200,15,17.62,0
ZN-6166,37.88564,-122.46226,189,20080,74712,9,2.25,4
ZN-6167,37.82001,-122.55599,144,13889,65429,23,16.74,3
ZN-6168,37.82248,-122.50872,145,21910,97183,20,6.47,10
ZN-6169,37.84317,-122.32054,182,17486,51053,13,9.85,0
ZN-6170,37.83561,-122.43187,158,20262,109737,26,8.51,1
ZN-6171,37.7974,-122.46326,160,12323,35000,11,4.17,7
ZN-6172,37.78324,-122.4066,179,20798,69265,17,7.4,5
ZN-6173,37.76989,-122.37926,148,17276,134378,15,4.54,6
ZN-6174,37.71458,-122.33001,217,19387,77833,17,4.73,3
ZN-6175,37.75245,-122.30352,150,17489,82210,11,4.44,3
ZN-6176,37.63946,-122.44818,187,16336,126841,12,9.66,4
ZN-6177,37.76703,-122.52548,135,20908,75178,13,15.0,0
ZN-6178,37.69581,-122.45248,191,15563,114085,9,11.04,10
ZN-6179,37.68661,-122.39858,154,8467,124354,17,16.65,8
ZN-6180,37.78929,-122.4965,124,6756,106963,14,12.21,4
ZN-6181,37.88626,-122.49597,147,19106,58877,19,13.13,2
ZN-6182,37.84837,-122.3919,166,15316,79900,19,12.75,2
ZN-6183,37.64926,-122.42329,166,7625,162840,17,8.98,5
ZN-6184,37.69573,-122.41678,166,18639,82736,15,13.13,6
ZN-6185,37.85016,-122.48008,179,17436,169658,16,2.41,2
ZN-6186,37.6963,-122.43783,146,15002,137724,16,16.08,9
ZN-6187,37.75693,-122.49334,186,19480,107976,12,14.66,7
ZN-6188,37.8189,-122.34818,187,25890,102430,12,5.44,11
ZN-6189,37.69743,-122.33658,155,25707,83379,16,14.49,2
ZN-6190,37.78333,-122.5671,210,18862,92777,17,1.42,4
ZN-6191,37.66818,-122.49376,175,17491,77781,20,4.96,5
ZN-6192,37.72679,-122.53912,134,18946,93409,16,2.33,7
ZN-6193,37.80048,-122.4714,115,19854,60945,23,14.7,6
ZN-6194,37.64746,-122.42608,155,16390,59605,11,14.28,3
ZN-6195,37.81014,-122.53537,135,19047,127525,17,15.28,13
ZN-6196,37.77333,-122.49315,182,8558,54692,14,1.28,6
ZN-6197,37.8191,-122.49972,191,18488,117153,13,9.87,10
ZN-6198,37.79281,-122.40282,189,20860,47640,7,13.39,12
ZN-6199,37.88403,-122.41385,177,15060,110740,14,3.89,8
